2026-03-18 13:05:26,543 [INFO] root: ============================================================
2026-03-18 13:05:26,547 [INFO] root: Ldpj_backend v2.4 starting (mode=mock)
2026-03-18 13:05:26,564 [INFO] root: ============================================================
2026-03-18 13:05:26,584 [INFO] core.polling_engine: MockPLC connected (cabins=25, size=20, leak=3)
2026-03-18 13:05:26,605 [INFO] core.polling_engine: PollingEngine started (interval=100ms, cabins=25, size=20B, id_offset=1)
2026-03-18 13:05:35,062 [INFO] models.supervised_xgb: Model loaded: version=none, path=D:\projects\ldporj_bsys_test\models\artifacts\current\xgb_model.json
2026-03-18 13:05:35,119 [INFO] storage.database_logger: Database initialised: ldpj_data.db
2026-03-18 13:05:35,152 [INFO] health.health_checker: HealthChecker started (interval=60s)
2026-03-18 13:05:35,178 [INFO] integration.api_server: API server started on 0.0.0.0:8000
2026-03-18 13:05:35,199 [INFO] pipeline.processing_loop: ProcessingLoop ready (paused, press 's' to start)
2026-03-18 13:05:35,217 [INFO] root: System ready. Waiting for user command...
2026-03-18 13:39:30,993 [INFO] root: ============================================================
2026-03-18 13:39:30,997 [INFO] root: Ldpj_backend v2.1 starting (mode=mock)
2026-03-18 13:39:31,022 [INFO] root: ============================================================
2026-03-18 13:39:31,045 [INFO] core.polling_engine: MockPLC connected (cabin_count=26, cabin_size=20)
2026-03-18 13:39:31,071 [INFO] core.polling_engine: PollingEngine started (interval=10ms)
2026-03-18 13:39:31,095 [INFO] core.cycle_fsm: CycleFSMManager: 25 FSMs created for Cabin[1]~Cabin[25]
2026-03-18 13:39:40,756 [INFO] models.supervised_xgb: Model loaded: version=none, path=D:\projects\ldporj_bsys_test\models\artifacts\current\xgb_model.json
2026-03-18 13:39:40,834 [INFO] storage.database_logger: Database initialised: ldpj_data.db
2026-03-18 13:39:40,860 [INFO] health.health_checker: HealthChecker started (interval=60s)
2026-03-18 13:39:40,886 [INFO] integration.api_server: API server started on 0.0.0.0:8000
2026-03-18 13:39:40,907 [INFO] pipeline.processing_loop: ProcessingLoop started
2026-03-18 13:39:40,926 [INFO] root: System ready. Entering main loop...
2026-03-18 13:39:50,251 [INFO] pipeline.processing_loop: ProcessingLoop resumed
2026-03-18 13:40:02,075 [INFO] pipeline.processing_loop: ProcessingLoop paused
2026-03-18 13:40:14,958 [INFO] root: Shutting down...
2026-03-18 13:40:14,982 [INFO] pipeline.processing_loop: ProcessingLoop stopped
2026-03-18 13:40:15,030 [INFO] root: Shutting down...
2026-03-18 13:40:15,050 [INFO] pipeline.processing_loop: ProcessingLoop stopped
2026-03-18 13:40:25,016 [INFO] core.polling_engine: PollingEngine stopped
2026-03-18 13:40:25,089 [INFO] core.polling_engine: PollingEngine stopped
2026-03-18 13:40:25,111 [INFO] root: Shutdown complete.
2026-03-18 14:30:31,554 [INFO] root: ============================================================
2026-03-18 14:30:31,556 [INFO] root: Ldpj_backend v2.1 starting (mode=mock)
2026-03-18 14:30:31,578 [INFO] root: ============================================================
2026-03-18 14:30:31,600 [INFO] core.polling_engine: MockPLC connected (cabin_count=26, cabin_size=20)
2026-03-18 14:30:31,625 [INFO] core.polling_engine: PollingEngine started (interval=10ms)
2026-03-18 14:30:31,646 [INFO] core.cycle_fsm: CycleFSMManager: 25 FSMs created for Cabin[1]~Cabin[25]
2026-03-18 14:30:38,223 [INFO] models.supervised_xgb: Model loaded: version=none, path=D:\projects\ldporj_bsys_test\models\artifacts\current\xgb_model.json
2026-03-18 14:30:38,248 [INFO] storage.database_logger: Database initialised: ldpj_data.db
2026-03-18 14:30:38,271 [INFO] health.health_checker: HealthChecker started (interval=60s)
2026-03-18 14:30:38,291 [INFO] integration.api_server: API server started on 0.0.0.0:8000
2026-03-18 14:30:38,314 [INFO] pipeline.processing_loop: ProcessingLoop started
2026-03-18 14:30:38,340 [INFO] root: System ready. Entering main loop...
2026-03-18 14:30:38,361 [INFO] core.cycle_fsm: Cabin 1: IDLE -> COLLECTING (angle 98.9 -> 100.1 >= 100.0)
2026-03-18 14:30:38,381 [INFO] core.cycle_fsm: Cabin 5: IDLE -> COLLECTING (angle 99.3 -> 100.4 >= 100.0)
2026-03-18 14:30:38,399 [INFO] core.cycle_fsm: Cabin 6: IDLE -> COLLECTING (angle 99.3 -> 100.4 >= 100.0)
2026-03-18 14:30:38,419 [INFO] core.cycle_fsm: Cabin 7: IDLE -> COLLECTING (angle 98.7 -> 100.4 >= 100.0)
2026-03-18 14:30:38,439 [INFO] core.cycle_fsm: Cabin 13: IDLE -> COLLECTING (angle 99.2 -> 100.5 >= 100.0)
2026-03-18 14:30:38,456 [INFO] core.cycle_fsm: Cabin 15: IDLE -> COLLECTING (angle 98.9 -> 100.0 >= 100.0)
2026-03-18 14:30:38,473 [INFO] core.cycle_fsm: Cabin 18: IDLE -> COLLECTING (angle 98.9 -> 100.3 >= 100.0)
2026-03-18 14:30:38,495 [INFO] core.cycle_fsm: Cabin 19: IDLE -> COLLECTING (angle 98.9 -> 100.4 >= 100.0)
2026-03-18 14:30:38,519 [INFO] core.cycle_fsm: Cabin 21: IDLE -> COLLECTING (angle 99.3 -> 100.3 >= 100.0)
2026-03-18 14:30:38,539 [INFO] core.cycle_fsm: Cabin 22: IDLE -> COLLECTING (angle 99.1 -> 100.4 >= 100.0)
2026-03-18 14:30:38,561 [INFO] core.cycle_fsm: Cabin 23: IDLE -> COLLECTING (angle 99.3 -> 100.2 >= 100.0)
2026-03-18 14:30:38,582 [INFO] core.cycle_fsm: Cabin 2: IDLE -> COLLECTING (angle 99.6 -> 101.4 >= 100.0)
2026-03-18 14:30:38,603 [INFO] core.cycle_fsm: Cabin 3: IDLE -> COLLECTING (angle 99.8 -> 100.9 >= 100.0)
2026-03-18 14:30:38,625 [INFO] core.cycle_fsm: Cabin 4: IDLE -> COLLECTING (angle 99.7 -> 101.1 >= 100.0)
2026-03-18 14:30:38,642 [INFO] core.cycle_fsm: Cabin 8: IDLE -> COLLECTING (angle 99.8 -> 100.6 >= 100.0)
2026-03-18 14:30:38,658 [INFO] core.cycle_fsm: Cabin 9: IDLE -> COLLECTING (angle 99.7 -> 101.4 >= 100.0)
2026-03-18 14:30:38,684 [INFO] core.cycle_fsm: Cabin 10: IDLE -> COLLECTING (angle 99.9 -> 100.8 >= 100.0)
2026-03-18 14:30:38,706 [INFO] core.cycle_fsm: Cabin 11: IDLE -> COLLECTING (angle 99.7 -> 100.6 >= 100.0)
2026-03-18 14:30:38,727 [INFO] core.cycle_fsm: Cabin 12: IDLE -> COLLECTING (angle 99.9 -> 100.6 >= 100.0)
2026-03-18 14:30:38,747 [INFO] core.cycle_fsm: Cabin 14: IDLE -> COLLECTING (angle 99.5 -> 101.0 >= 100.0)
2026-03-18 14:30:38,767 [INFO] core.cycle_fsm: Cabin 16: IDLE -> COLLECTING (angle 99.8 -> 101.5 >= 100.0)
2026-03-18 14:30:38,788 [INFO] core.cycle_fsm: Cabin 17: IDLE -> COLLECTING (angle 99.6 -> 100.6 >= 100.0)
2026-03-18 14:30:38,818 [INFO] core.cycle_fsm: Cabin 20: IDLE -> COLLECTING (angle 99.6 -> 101.4 >= 100.0)
2026-03-18 14:30:38,844 [INFO] core.cycle_fsm: Cabin 24: IDLE -> COLLECTING (angle 99.7 -> 101.0 >= 100.0)
2026-03-18 14:30:38,865 [INFO] core.cycle_fsm: Cabin 25: IDLE -> COLLECTING (angle 99.6 -> 101.3 >= 100.0)
2026-03-18 14:30:38,884 [INFO] core.cycle_fsm: Cabin 1: COLLECTING -> PROCESSING (max points reached (45), 45 points)
2026-03-18 14:30:38,901 [INFO] core.cycle_fsm: Cabin 5: COLLECTING -> PROCESSING (max points reached (45), 45 points)
2026-03-18 14:30:38,917 [INFO] core.cycle_fsm: Cabin 6: COLLECTING -> PROCESSING (max points reached (45), 45 points)
2026-03-18 14:30:38,934 [INFO] core.cycle_fsm: Cabin 7: COLLECTING -> PROCESSING (max points reached (45), 45 points)
2026-03-18 14:30:38,951 [INFO] core.cycle_fsm: Cabin 13: COLLECTING -> PROCESSING (max points reached (45), 45 points)
2026-03-18 14:30:38,969 [INFO] core.cycle_fsm: Cabin 15: COLLECTING -> PROCESSING (max points reached (45), 45 points)
2026-03-18 14:30:38,985 [INFO] core.cycle_fsm: Cabin 18: COLLECTING -> PROCESSING (max points reached (45), 45 points)
2026-03-18 14:30:39,004 [INFO] core.cycle_fsm: Cabin 19: COLLECTING -> PROCESSING (max points reached (45), 45 points)
2026-03-18 14:30:39,021 [INFO] core.cycle_fsm: Cabin 21: COLLECTING -> PROCESSING (max points reached (45), 45 points)
2026-03-18 14:30:39,035 [INFO] core.cycle_fsm: Cabin 22: COLLECTING -> PROCESSING (max points reached (45), 45 points)
2026-03-18 14:30:39,057 [INFO] core.cycle_fsm: Cabin 23: COLLECTING -> PROCESSING (max points reached (45), 45 points)
2026-03-18 14:30:39,077 [INFO] core.cycle_fsm: Cabin 2: COLLECTING -> PROCESSING (max points reached (45), 45 points)
2026-03-18 14:30:39,094 [INFO] core.cycle_fsm: Cabin 3: COLLECTING -> PROCESSING (max points reached (45), 45 points)
2026-03-18 14:30:39,112 [INFO] core.cycle_fsm: Cabin 4: COLLECTING -> PROCESSING (max points reached (45), 45 points)
2026-03-18 14:30:39,129 [INFO] core.cycle_fsm: Cabin 8: COLLECTING -> PROCESSING (max points reached (45), 45 points)
2026-03-18 14:30:39,143 [INFO] core.cycle_fsm: Cabin 9: COLLECTING -> PROCESSING (max points reached (45), 45 points)
2026-03-18 14:30:39,162 [INFO] core.cycle_fsm: Cabin 10: COLLECTING -> PROCESSING (max points reached (45), 45 points)
2026-03-18 14:30:39,178 [INFO] core.cycle_fsm: Cabin 11: COLLECTING -> PROCESSING (max points reached (45), 45 points)
2026-03-18 14:30:39,196 [INFO] core.cycle_fsm: Cabin 12: COLLECTING -> PROCESSING (max points reached (45), 45 points)
2026-03-18 14:30:39,215 [INFO] core.cycle_fsm: Cabin 14: COLLECTING -> PROCESSING (max points reached (45), 45 points)
2026-03-18 14:30:39,229 [INFO] core.cycle_fsm: Cabin 16: COLLECTING -> PROCESSING (max points reached (45), 45 points)
2026-03-18 14:30:39,250 [INFO] core.cycle_fsm: Cabin 17: COLLECTING -> PROCESSING (max points reached (45), 45 points)
2026-03-18 14:30:39,267 [INFO] core.cycle_fsm: Cabin 20: COLLECTING -> PROCESSING (max points reached (45), 45 points)
2026-03-18 14:30:39,287 [INFO] core.cycle_fsm: Cabin 24: COLLECTING -> PROCESSING (max points reached (45), 45 points)
2026-03-18 14:30:39,304 [INFO] core.cycle_fsm: Cabin 25: COLLECTING -> PROCESSING (max points reached (45), 45 points)
2026-03-18 14:30:39,357 [INFO] pipeline.processing_loop: Cabin 1: OK (prob=0.9947, conf=0.9947, points=45, 20.8ms)
2026-03-18 14:30:39,377 [INFO] pipeline.processing_loop: Cabin 2: OK (prob=0.9989, conf=0.9989, points=45, 1.6ms)
2026-03-18 14:30:39,394 [INFO] pipeline.processing_loop: Cabin 3: OK (prob=0.9999, conf=0.9999, points=45, 1.5ms)
2026-03-18 14:30:39,417 [INFO] pipeline.processing_loop: Cabin 4: OK (prob=0.9999, conf=0.9999, points=45, 2.8ms)
2026-03-18 14:30:39,444 [INFO] pipeline.processing_loop: Cabin 5: OK (prob=0.9935, conf=0.9935, points=45, 4.3ms)
2026-03-18 14:30:39,464 [INFO] pipeline.processing_loop: Cabin 6: OK (prob=0.9999, conf=0.9999, points=45, 1.6ms)
2026-03-18 14:30:39,485 [INFO] pipeline.processing_loop: Cabin 7: OK (prob=0.9992, conf=0.9992, points=45, 1.8ms)
2026-03-18 14:30:39,511 [INFO] pipeline.processing_loop: Cabin 8: OK (prob=0.9999, conf=0.9999, points=45, 1.5ms)
2026-03-18 14:30:39,530 [INFO] pipeline.processing_loop: Cabin 9: OK (prob=0.9985, conf=0.9985, points=45, 2.3ms)
2026-03-18 14:30:39,554 [INFO] pipeline.processing_loop: Cabin 10: OK (prob=0.9952, conf=0.9952, points=45, 2.5ms)
2026-03-18 14:30:39,574 [INFO] pipeline.processing_loop: Cabin 11: OK (prob=0.9979, conf=0.9979, points=45, 1.9ms)
2026-03-18 14:30:39,599 [INFO] pipeline.processing_loop: Cabin 12: OK (prob=0.9893, conf=0.9893, points=45, 3.2ms)
2026-03-18 14:30:39,625 [INFO] pipeline.processing_loop: Cabin 13: OK (prob=0.9878, conf=0.9878, points=45, 4.3ms)
2026-03-18 14:30:39,646 [INFO] pipeline.processing_loop: Cabin 14: OK (prob=0.9947, conf=0.9947, points=45, 2.4ms)
2026-03-18 14:30:39,670 [INFO] pipeline.processing_loop: Cabin 15: OK (prob=0.7780, conf=0.7780, points=45, 1.6ms)
2026-03-18 14:30:39,691 [INFO] pipeline.processing_loop: Cabin 16: OK (prob=0.8092, conf=0.8092, points=45, 2.2ms)
2026-03-18 14:30:39,713 [INFO] pipeline.processing_loop: Cabin 17: OK (prob=0.9182, conf=0.9182, points=45, 1.8ms)
2026-03-18 14:30:39,735 [INFO] pipeline.processing_loop: Cabin 18: OK (prob=0.8224, conf=0.8224, points=45, 2.5ms)
2026-03-18 14:30:39,758 [INFO] pipeline.processing_loop: Cabin 19: OK (prob=0.6377, conf=0.6377, points=45, 2.2ms)
2026-03-18 14:30:39,780 [INFO] pipeline.processing_loop: Cabin 20: OK (prob=0.5294, conf=0.5294, points=45, 1.5ms)
2026-03-18 14:30:39,803 [INFO] pipeline.processing_loop: Cabin 21: OK (prob=0.6526, conf=0.6526, points=45, 1.4ms)
2026-03-18 14:30:39,823 [INFO] pipeline.processing_loop: Cabin 22: OK (prob=0.8171, conf=0.8171, points=45, 1.4ms)
2026-03-18 14:30:39,844 [INFO] pipeline.processing_loop: Cabin 23: OK (prob=0.8082, conf=0.8082, points=45, 3.5ms)
2026-03-18 14:30:39,867 [INFO] pipeline.processing_loop: Cabin 24: OK (prob=0.7869, conf=0.7869, points=45, 1.4ms)
2026-03-18 14:30:39,888 [INFO] pipeline.processing_loop: Cabin 25: OK (prob=0.9212, conf=0.9212, points=45, 1.5ms)
2026-03-18 14:30:40,671 [INFO] core.cycle_fsm: Cabin 2: IDLE -> COLLECTING (angle 99.4 -> 100.3 >= 100.0)
2026-03-18 14:30:40,694 [INFO] core.cycle_fsm: Cabin 5: IDLE -> COLLECTING (angle 99.2 -> 100.4 >= 100.0)
2026-03-18 14:30:40,714 [INFO] core.cycle_fsm: Cabin 8: IDLE -> COLLECTING (angle 99.1 -> 100.1 >= 100.0)
2026-03-18 14:30:40,738 [INFO] core.cycle_fsm: Cabin 11: IDLE -> COLLECTING (angle 99.0 -> 100.4 >= 100.0)
2026-03-18 14:30:40,756 [INFO] core.cycle_fsm: Cabin 13: IDLE -> COLLECTING (angle 98.8 -> 100.4 >= 100.0)
2026-03-18 14:30:40,774 [INFO] core.cycle_fsm: Cabin 14: IDLE -> COLLECTING (angle 98.5 -> 100.1 >= 100.0)
2026-03-18 14:30:40,792 [INFO] core.cycle_fsm: Cabin 17: IDLE -> COLLECTING (angle 99.3 -> 100.3 >= 100.0)
2026-03-18 14:30:40,807 [INFO] core.cycle_fsm: Cabin 18: IDLE -> COLLECTING (angle 99.1 -> 100.4 >= 100.0)
2026-03-18 14:30:40,829 [INFO] core.cycle_fsm: Cabin 19: IDLE -> COLLECTING (angle 99.0 -> 100.2 >= 100.0)
2026-03-18 14:30:40,846 [INFO] core.cycle_fsm: Cabin 20: IDLE -> COLLECTING (angle 98.5 -> 100.4 >= 100.0)
2026-03-18 14:30:40,865 [INFO] core.cycle_fsm: Cabin 21: IDLE -> COLLECTING (angle 99.2 -> 100.3 >= 100.0)
2026-03-18 14:30:40,886 [INFO] core.cycle_fsm: Cabin 24: IDLE -> COLLECTING (angle 98.6 -> 100.3 >= 100.0)
2026-03-18 14:30:40,908 [INFO] core.cycle_fsm: Cabin 25: IDLE -> COLLECTING (angle 99.2 -> 100.4 >= 100.0)
2026-03-18 14:30:40,930 [INFO] core.cycle_fsm: Cabin 1: IDLE -> COLLECTING (angle 99.6 -> 100.5 >= 100.0)
2026-03-18 14:30:40,947 [INFO] core.cycle_fsm: Cabin 3: IDLE -> COLLECTING (angle 99.6 -> 101.5 >= 100.0)
2026-03-18 14:30:40,967 [INFO] core.cycle_fsm: Cabin 4: IDLE -> COLLECTING (angle 99.7 -> 100.9 >= 100.0)
2026-03-18 14:30:40,985 [INFO] core.cycle_fsm: Cabin 6: IDLE -> COLLECTING (angle 99.9 -> 101.3 >= 100.0)
2026-03-18 14:30:41,000 [INFO] core.cycle_fsm: Cabin 7: IDLE -> COLLECTING (angle 99.6 -> 100.9 >= 100.0)
2026-03-18 14:30:41,019 [INFO] core.cycle_fsm: Cabin 9: IDLE -> COLLECTING (angle 100.0 -> 101.1 >= 100.0)
2026-03-18 14:30:41,038 [INFO] core.cycle_fsm: Cabin 10: IDLE -> COLLECTING (angle 99.6 -> 100.9 >= 100.0)
2026-03-18 14:30:41,054 [INFO] core.cycle_fsm: Cabin 12: IDLE -> COLLECTING (angle 99.9 -> 101.2 >= 100.0)
2026-03-18 14:30:41,070 [INFO] core.cycle_fsm: Cabin 15: IDLE -> COLLECTING (angle 99.7 -> 100.7 >= 100.0)
2026-03-18 14:30:41,094 [INFO] core.cycle_fsm: Cabin 16: IDLE -> COLLECTING (angle 99.6 -> 101.4 >= 100.0)
2026-03-18 14:30:41,108 [INFO] core.cycle_fsm: Cabin 22: IDLE -> COLLECTING (angle 99.7 -> 100.8 >= 100.0)
2026-03-18 14:30:41,127 [INFO] core.cycle_fsm: Cabin 23: IDLE -> COLLECTING (angle 99.5 -> 100.5 >= 100.0)
2026-03-18 14:30:41,197 [INFO] core.cycle_fsm: Cabin 2: COLLECTING -> PROCESSING (max points reached (45), 45 points)
2026-03-18 14:30:41,214 [INFO] core.cycle_fsm: Cabin 5: COLLECTING -> PROCESSING (max points reached (45), 45 points)
2026-03-18 14:30:41,231 [INFO] core.cycle_fsm: Cabin 8: COLLECTING -> PROCESSING (max points reached (45), 45 points)
2026-03-18 14:30:41,250 [INFO] core.cycle_fsm: Cabin 11: COLLECTING -> PROCESSING (max points reached (45), 45 points)
2026-03-18 14:30:41,268 [INFO] core.cycle_fsm: Cabin 13: COLLECTING -> PROCESSING (max points reached (45), 45 points)
2026-03-18 14:30:41,288 [INFO] core.cycle_fsm: Cabin 14: COLLECTING -> PROCESSING (max points reached (45), 45 points)
2026-03-18 14:30:41,311 [INFO] core.cycle_fsm: Cabin 17: COLLECTING -> PROCESSING (max points reached (45), 45 points)
2026-03-18 14:30:41,329 [INFO] core.cycle_fsm: Cabin 18: COLLECTING -> PROCESSING (max points reached (45), 45 points)
2026-03-18 14:30:41,348 [INFO] core.cycle_fsm: Cabin 19: COLLECTING -> PROCESSING (max points reached (45), 45 points)
2026-03-18 14:30:41,368 [INFO] core.cycle_fsm: Cabin 20: COLLECTING -> PROCESSING (max points reached (45), 45 points)
2026-03-18 14:30:41,386 [INFO] core.cycle_fsm: Cabin 21: COLLECTING -> PROCESSING (max points reached (45), 45 points)
2026-03-18 14:30:41,407 [INFO] core.cycle_fsm: Cabin 24: COLLECTING -> PROCESSING (max points reached (45), 45 points)
2026-03-18 14:30:41,427 [INFO] core.cycle_fsm: Cabin 25: COLLECTING -> PROCESSING (max points reached (45), 45 points)
2026-03-18 14:30:41,445 [INFO] core.cycle_fsm: Cabin 1: COLLECTING -> PROCESSING (max points reached (45), 45 points)
2026-03-18 14:30:41,463 [INFO] core.cycle_fsm: Cabin 3: COLLECTING -> PROCESSING (max points reached (45), 45 points)
2026-03-18 14:30:41,480 [INFO] core.cycle_fsm: Cabin 4: COLLECTING -> PROCESSING (max points reached (45), 45 points)
2026-03-18 14:30:41,495 [INFO] core.cycle_fsm: Cabin 6: COLLECTING -> PROCESSING (max points reached (45), 45 points)
2026-03-18 14:30:41,513 [INFO] core.cycle_fsm: Cabin 7: COLLECTING -> PROCESSING (max points reached (45), 45 points)
2026-03-18 14:30:41,531 [INFO] core.cycle_fsm: Cabin 9: COLLECTING -> PROCESSING (max points reached (45), 45 points)
2026-03-18 14:30:41,548 [INFO] core.cycle_fsm: Cabin 10: COLLECTING -> PROCESSING (max points reached (45), 45 points)
2026-03-18 14:30:41,568 [INFO] core.cycle_fsm: Cabin 12: COLLECTING -> PROCESSING (max points reached (45), 45 points)
2026-03-18 14:30:41,586 [INFO] core.cycle_fsm: Cabin 15: COLLECTING -> PROCESSING (max points reached (45), 45 points)
2026-03-18 14:30:41,605 [INFO] core.cycle_fsm: Cabin 16: COLLECTING -> PROCESSING (max points reached (45), 45 points)
2026-03-18 14:30:41,621 [INFO] core.cycle_fsm: Cabin 22: COLLECTING -> PROCESSING (max points reached (45), 45 points)
2026-03-18 14:30:41,638 [INFO] core.cycle_fsm: Cabin 23: COLLECTING -> PROCESSING (max points reached (45), 45 points)
2026-03-18 14:30:41,657 [INFO] pipeline.processing_loop: Cabin 1: OK (prob=0.9948, conf=0.9948, points=45, 2.9ms)
2026-03-18 14:30:41,684 [INFO] pipeline.processing_loop: Cabin 2: OK (prob=0.9947, conf=0.9947, points=45, 5.5ms)
2026-03-18 14:30:41,709 [INFO] pipeline.processing_loop: Cabin 3: OK (prob=0.9999, conf=0.9999, points=45, 3.6ms)
2026-03-18 14:30:41,729 [INFO] pipeline.processing_loop: Cabin 4: OK (prob=0.9988, conf=0.9988, points=45, 1.6ms)
2026-03-18 14:30:41,752 [INFO] pipeline.processing_loop: Cabin 5: OK (prob=0.9992, conf=0.9992, points=45, 2.9ms)
2026-03-18 14:30:41,774 [INFO] pipeline.processing_loop: Cabin 6: OK (prob=0.9988, conf=0.9988, points=45, 2.0ms)
2026-03-18 14:30:41,797 [INFO] pipeline.processing_loop: Cabin 7: OK (prob=0.9988, conf=0.9988, points=45, 1.4ms)
2026-03-18 14:30:41,818 [INFO] pipeline.processing_loop: Cabin 8: OK (prob=0.9999, conf=0.9999, points=45, 2.1ms)
2026-03-18 14:30:41,844 [INFO] pipeline.processing_loop: Cabin 9: OK (prob=0.9921, conf=0.9921, points=45, 3.6ms)
2026-03-18 14:30:41,917 [INFO] pipeline.processing_loop: Cabin 10: OK (prob=0.9979, conf=0.9979, points=45, 32.1ms)
2026-03-18 14:30:41,936 [INFO] pipeline.processing_loop: Cabin 11: OK (prob=0.9951, conf=0.9951, points=45, 1.5ms)
2026-03-18 14:30:41,954 [INFO] pipeline.processing_loop: Cabin 12: OK (prob=0.9979, conf=0.9979, points=45, 1.3ms)
2026-03-18 14:30:41,979 [INFO] pipeline.processing_loop: Cabin 13: OK (prob=0.9948, conf=0.9948, points=45, 3.3ms)
2026-03-18 14:30:41,999 [INFO] pipeline.processing_loop: Cabin 14: OK (prob=0.9878, conf=0.9878, points=45, 1.6ms)
2026-03-18 14:30:42,022 [INFO] pipeline.processing_loop: Cabin 15: OK (prob=0.6529, conf=0.6529, points=45, 2.1ms)
2026-03-18 14:30:42,042 [INFO] pipeline.processing_loop: Cabin 16: OK (prob=0.8008, conf=0.8008, points=45, 1.8ms)
2026-03-18 14:30:42,063 [INFO] pipeline.processing_loop: Cabin 17: OK (prob=0.6377, conf=0.6377, points=45, 1.7ms)
2026-03-18 14:30:42,082 [INFO] pipeline.processing_loop: Cabin 18: OK (prob=0.9182, conf=0.9182, points=45, 1.8ms)
2026-03-18 14:30:42,106 [INFO] pipeline.processing_loop: Cabin 19: OK (prob=0.7799, conf=0.7799, points=45, 1.9ms)
2026-03-18 14:30:42,129 [INFO] pipeline.processing_loop: Cabin 20: OK (prob=0.8108, conf=0.8108, points=45, 1.8ms)
2026-03-18 14:30:42,153 [INFO] pipeline.processing_loop: Cabin 21: OK (prob=0.7869, conf=0.7869, points=45, 1.4ms)
2026-03-18 14:30:42,175 [INFO] pipeline.processing_loop: Cabin 22: OK (prob=0.8171, conf=0.8171, points=45, 1.3ms)
2026-03-18 14:30:42,196 [INFO] pipeline.processing_loop: Cabin 23: OK (prob=0.8283, conf=0.8283, points=45, 1.5ms)
2026-03-18 14:30:42,217 [INFO] pipeline.processing_loop: Cabin 24: OK (prob=0.8171, conf=0.8171, points=45, 1.8ms)
2026-03-18 14:30:42,235 [INFO] pipeline.processing_loop: Cabin 25: OK (prob=0.7869, conf=0.7869, points=45, 1.4ms)
2026-03-18 14:30:44,251 [INFO] core.cycle_fsm: Cabin 1: IDLE -> COLLECTING (angle 98.8 -> 100.2 >= 100.0)
2026-03-18 14:30:44,271 [INFO] core.cycle_fsm: Cabin 2: IDLE -> COLLECTING (angle 99.3 -> 100.0 >= 100.0)
2026-03-18 14:30:44,294 [INFO] core.cycle_fsm: Cabin 3: IDLE -> COLLECTING (angle 99.0 -> 100.2 >= 100.0)
2026-03-18 14:30:44,314 [INFO] core.cycle_fsm: Cabin 6: IDLE -> COLLECTING (angle 99.1 -> 100.3 >= 100.0)
2026-03-18 14:30:44,364 [INFO] core.cycle_fsm: Cabin 8: IDLE -> COLLECTING (angle 99.5 -> 100.2 >= 100.0)
2026-03-18 14:30:44,395 [INFO] core.cycle_fsm: Cabin 10: IDLE -> COLLECTING (angle 99.1 -> 100.2 >= 100.0)
2026-03-18 14:30:44,415 [INFO] core.cycle_fsm: Cabin 13: IDLE -> COLLECTING (angle 99.0 -> 100.1 >= 100.0)
2026-03-18 14:30:44,435 [INFO] core.cycle_fsm: Cabin 15: IDLE -> COLLECTING (angle 98.8 -> 100.5 >= 100.0)
2026-03-18 14:30:44,460 [INFO] core.cycle_fsm: Cabin 17: IDLE -> COLLECTING (angle 99.2 -> 100.2 >= 100.0)
2026-03-18 14:30:44,477 [INFO] core.cycle_fsm: Cabin 21: IDLE -> COLLECTING (angle 99.0 -> 100.5 >= 100.0)
2026-03-18 14:30:44,497 [INFO] core.cycle_fsm: Cabin 25: IDLE -> COLLECTING (angle 98.5 -> 100.2 >= 100.0)
2026-03-18 14:30:44,568 [INFO] core.cycle_fsm: Cabin 4: IDLE -> COLLECTING (angle 99.7 -> 100.9 >= 100.0)
2026-03-18 14:30:44,589 [INFO] core.cycle_fsm: Cabin 5: IDLE -> COLLECTING (angle 99.9 -> 101.2 >= 100.0)
2026-03-18 14:30:44,606 [INFO] core.cycle_fsm: Cabin 7: IDLE -> COLLECTING (angle 99.5 -> 101.1 >= 100.0)
2026-03-18 14:30:44,625 [INFO] core.cycle_fsm: Cabin 9: IDLE -> COLLECTING (angle 99.7 -> 101.3 >= 100.0)
2026-03-18 14:30:44,641 [INFO] core.cycle_fsm: Cabin 11: IDLE -> COLLECTING (angle 99.9 -> 100.7 >= 100.0)
2026-03-18 14:30:44,664 [INFO] core.cycle_fsm: Cabin 12: IDLE -> COLLECTING (angle 99.8 -> 101.3 >= 100.0)
2026-03-18 14:30:44,684 [INFO] core.cycle_fsm: Cabin 14: IDLE -> COLLECTING (angle 99.9 -> 101.2 >= 100.0)
2026-03-18 14:30:44,699 [INFO] core.cycle_fsm: Cabin 16: IDLE -> COLLECTING (angle 99.6 -> 100.5 >= 100.0)
2026-03-18 14:30:44,716 [INFO] core.cycle_fsm: Cabin 18: IDLE -> COLLECTING (angle 99.8 -> 101.0 >= 100.0)
2026-03-18 14:30:44,737 [INFO] core.cycle_fsm: Cabin 19: IDLE -> COLLECTING (angle 99.9 -> 100.7 >= 100.0)
2026-03-18 14:30:44,757 [INFO] core.cycle_fsm: Cabin 20: IDLE -> COLLECTING (angle 99.8 -> 100.9 >= 100.0)
2026-03-18 14:30:44,775 [INFO] core.cycle_fsm: Cabin 22: IDLE -> COLLECTING (angle 99.7 -> 101.5 >= 100.0)
2026-03-18 14:30:44,791 [INFO] core.cycle_fsm: Cabin 23: IDLE -> COLLECTING (angle 99.5 -> 100.9 >= 100.0)
2026-03-18 14:30:44,811 [INFO] core.cycle_fsm: Cabin 24: IDLE -> COLLECTING (angle 100.0 -> 101.0 >= 100.0)
2026-03-18 14:30:44,883 [INFO] core.cycle_fsm: Cabin 1: COLLECTING -> PROCESSING (max points reached (45), 45 points)
2026-03-18 14:30:44,911 [INFO] core.cycle_fsm: Cabin 2: COLLECTING -> PROCESSING (max points reached (45), 45 points)
2026-03-18 14:30:44,985 [INFO] core.cycle_fsm: Cabin 3: COLLECTING -> PROCESSING (max points reached (45), 45 points)
2026-03-18 14:30:45,009 [INFO] core.cycle_fsm: Cabin 6: COLLECTING -> PROCESSING (max points reached (45), 45 points)
2026-03-18 14:30:45,026 [INFO] core.cycle_fsm: Cabin 8: COLLECTING -> PROCESSING (max points reached (45), 45 points)
2026-03-18 14:30:45,050 [INFO] core.cycle_fsm: Cabin 10: COLLECTING -> PROCESSING (max points reached (45), 45 points)
2026-03-18 14:30:45,072 [INFO] core.cycle_fsm: Cabin 13: COLLECTING -> PROCESSING (max points reached (45), 45 points)
2026-03-18 14:30:45,092 [INFO] core.cycle_fsm: Cabin 15: COLLECTING -> PROCESSING (max points reached (45), 45 points)
2026-03-18 14:30:45,108 [INFO] core.cycle_fsm: Cabin 17: COLLECTING -> PROCESSING (max points reached (45), 45 points)
2026-03-18 14:30:45,127 [INFO] core.cycle_fsm: Cabin 21: COLLECTING -> PROCESSING (max points reached (45), 45 points)
2026-03-18 14:30:45,144 [INFO] core.cycle_fsm: Cabin 25: COLLECTING -> PROCESSING (max points reached (45), 45 points)
2026-03-18 14:30:45,160 [INFO] core.cycle_fsm: Cabin 4: COLLECTING -> PROCESSING (max points reached (45), 45 points)
2026-03-18 14:30:45,181 [INFO] core.cycle_fsm: Cabin 5: COLLECTING -> PROCESSING (max points reached (45), 45 points)
2026-03-18 14:30:45,199 [INFO] core.cycle_fsm: Cabin 7: COLLECTING -> PROCESSING (max points reached (45), 45 points)
2026-03-18 14:30:45,216 [INFO] core.cycle_fsm: Cabin 9: COLLECTING -> PROCESSING (max points reached (45), 45 points)
2026-03-18 14:30:45,237 [INFO] core.cycle_fsm: Cabin 11: COLLECTING -> PROCESSING (max points reached (45), 45 points)
2026-03-18 14:30:45,256 [INFO] core.cycle_fsm: Cabin 12: COLLECTING -> PROCESSING (max points reached (45), 45 points)
2026-03-18 14:30:45,275 [INFO] core.cycle_fsm: Cabin 14: COLLECTING -> PROCESSING (max points reached (45), 45 points)
2026-03-18 14:30:45,295 [INFO] core.cycle_fsm: Cabin 16: COLLECTING -> PROCESSING (max points reached (45), 45 points)
2026-03-18 14:30:45,315 [INFO] core.cycle_fsm: Cabin 18: COLLECTING -> PROCESSING (max points reached (45), 45 points)
2026-03-18 14:30:45,334 [INFO] core.cycle_fsm: Cabin 19: COLLECTING -> PROCESSING (max points reached (45), 45 points)
2026-03-18 14:30:45,352 [INFO] core.cycle_fsm: Cabin 20: COLLECTING -> PROCESSING (max points reached (45), 45 points)
2026-03-18 14:30:45,373 [INFO] core.cycle_fsm: Cabin 22: COLLECTING -> PROCESSING (max points reached (45), 45 points)
2026-03-18 14:30:45,392 [INFO] core.cycle_fsm: Cabin 23: COLLECTING -> PROCESSING (max points reached (45), 45 points)
2026-03-18 14:30:45,413 [INFO] core.cycle_fsm: Cabin 24: COLLECTING -> PROCESSING (max points reached (45), 45 points)
2026-03-18 14:30:45,438 [INFO] pipeline.processing_loop: Cabin 1: OK (prob=0.9948, conf=0.9948, points=45, 2.9ms)
2026-03-18 14:30:45,466 [INFO] pipeline.processing_loop: Cabin 2: OK (prob=0.9999, conf=0.9999, points=45, 2.8ms)
2026-03-18 14:30:45,491 [INFO] pipeline.processing_loop: Cabin 3: OK (prob=0.9935, conf=0.9935, points=45, 1.8ms)
2026-03-18 14:30:45,509 [INFO] pipeline.processing_loop: Cabin 4: OK (prob=0.9939, conf=0.9939, points=45, 1.8ms)
2026-03-18 14:30:45,535 [INFO] pipeline.processing_loop: Cabin 5: OK (prob=0.9999, conf=0.9999, points=45, 1.7ms)
2026-03-18 14:30:45,555 [INFO] pipeline.processing_loop: Cabin 6: OK (prob=0.9939, conf=0.9939, points=45, 1.8ms)
2026-03-18 14:30:45,578 [INFO] pipeline.processing_loop: Cabin 7: OK (prob=0.9992, conf=0.9992, points=45, 2.3ms)
2026-03-18 14:30:45,598 [INFO] pipeline.processing_loop: Cabin 8: OK (prob=0.9999, conf=0.9999, points=45, 2.2ms)
2026-03-18 14:30:45,620 [INFO] pipeline.processing_loop: Cabin 9: OK (prob=0.9962, conf=0.9962, points=45, 1.6ms)
2026-03-18 14:30:45,641 [INFO] pipeline.processing_loop: Cabin 10: OK (prob=0.9979, conf=0.9979, points=45, 1.8ms)
2026-03-18 14:30:45,661 [INFO] pipeline.processing_loop: Cabin 11: OK (prob=0.9895, conf=0.9895, points=45, 1.3ms)
2026-03-18 14:30:45,687 [INFO] pipeline.processing_loop: Cabin 12: OK (prob=0.9887, conf=0.9887, points=45, 1.7ms)
2026-03-18 14:30:45,707 [INFO] pipeline.processing_loop: Cabin 13: OK (prob=0.9947, conf=0.9947, points=45, 2.7ms)
2026-03-18 14:30:45,726 [INFO] pipeline.processing_loop: Cabin 14: OK (prob=0.9977, conf=0.9977, points=45, 1.5ms)
2026-03-18 14:30:45,750 [INFO] pipeline.processing_loop: Cabin 15: OK (prob=0.6352, conf=0.6352, points=45, 2.0ms)
2026-03-18 14:30:45,777 [INFO] pipeline.processing_loop: Cabin 16: OK (prob=0.6173, conf=0.6173, points=45, 1.4ms)
2026-03-18 14:30:45,800 [INFO] pipeline.processing_loop: Cabin 17: OK (prob=0.9182, conf=0.9182, points=45, 1.9ms)
2026-03-18 14:30:45,826 [INFO] pipeline.processing_loop: Cabin 18: OK (prob=0.8108, conf=0.8108, points=45, 2.5ms)
2026-03-18 14:30:45,845 [INFO] pipeline.processing_loop: Cabin 19: OK (prob=0.9182, conf=0.9182, points=45, 1.4ms)
2026-03-18 14:30:45,867 [INFO] pipeline.processing_loop: Cabin 20: OK (prob=0.9182, conf=0.9182, points=45, 1.6ms)
2026-03-18 14:30:45,887 [INFO] pipeline.processing_loop: Cabin 21: OK (prob=0.9212, conf=0.9212, points=45, 1.5ms)
2026-03-18 14:30:45,909 [INFO] pipeline.processing_loop: Cabin 22: OK (prob=0.6646, conf=0.6646, points=45, 3.7ms)
2026-03-18 14:30:45,932 [INFO] pipeline.processing_loop: Cabin 23: OK (prob=0.9212, conf=0.9212, points=45, 1.7ms)
2026-03-18 14:30:45,953 [INFO] pipeline.processing_loop: Cabin 24: OK (prob=0.8283, conf=0.8283, points=45, 1.4ms)
2026-03-18 14:30:45,976 [INFO] pipeline.processing_loop: Cabin 25: OK (prob=0.6473, conf=0.6473, points=45, 1.5ms)
2026-03-18 14:30:47,905 [INFO] core.cycle_fsm: Cabin 2: IDLE -> COLLECTING (angle 99.3 -> 100.1 >= 100.0)
2026-03-18 14:30:47,921 [INFO] core.cycle_fsm: Cabin 3: IDLE -> COLLECTING (angle 99.3 -> 100.1 >= 100.0)
2026-03-18 14:30:47,935 [INFO] core.cycle_fsm: Cabin 4: IDLE -> COLLECTING (angle 98.6 -> 100.2 >= 100.0)
2026-03-18 14:30:47,960 [INFO] core.cycle_fsm: Cabin 5: IDLE -> COLLECTING (angle 99.3 -> 100.1 >= 100.0)
2026-03-18 14:30:47,980 [INFO] core.cycle_fsm: Cabin 6: IDLE -> COLLECTING (angle 99.2 -> 100.1 >= 100.0)
2026-03-18 14:30:48,009 [INFO] core.cycle_fsm: Cabin 7: IDLE -> COLLECTING (angle 99.0 -> 100.1 >= 100.0)
2026-03-18 14:30:48,062 [INFO] core.cycle_fsm: Cabin 8: IDLE -> COLLECTING (angle 98.8 -> 100.4 >= 100.0)
2026-03-18 14:30:48,100 [INFO] core.cycle_fsm: Cabin 11: IDLE -> COLLECTING (angle 98.7 -> 100.4 >= 100.0)
2026-03-18 14:30:48,115 [INFO] core.cycle_fsm: Cabin 14: IDLE -> COLLECTING (angle 99.4 -> 100.0 >= 100.0)
2026-03-18 14:30:48,132 [INFO] core.cycle_fsm: Cabin 16: IDLE -> COLLECTING (angle 99.5 -> 100.4 >= 100.0)
2026-03-18 14:30:48,152 [INFO] core.cycle_fsm: Cabin 23: IDLE -> COLLECTING (angle 99.1 -> 100.3 >= 100.0)
2026-03-18 14:30:48,168 [INFO] core.cycle_fsm: Cabin 24: IDLE -> COLLECTING (angle 99.0 -> 100.1 >= 100.0)
2026-03-18 14:30:48,186 [INFO] core.cycle_fsm: Cabin 25: IDLE -> COLLECTING (angle 99.3 -> 100.3 >= 100.0)
2026-03-18 14:30:48,205 [INFO] core.cycle_fsm: Cabin 1: IDLE -> COLLECTING (angle 99.6 -> 101.0 >= 100.0)
2026-03-18 14:30:48,223 [INFO] core.cycle_fsm: Cabin 9: IDLE -> COLLECTING (angle 100.0 -> 100.7 >= 100.0)
2026-03-18 14:30:48,243 [INFO] core.cycle_fsm: Cabin 10: IDLE -> COLLECTING (angle 99.8 -> 101.3 >= 100.0)
2026-03-18 14:30:48,268 [INFO] core.cycle_fsm: Cabin 12: IDLE -> COLLECTING (angle 99.5 -> 100.9 >= 100.0)
2026-03-18 14:30:48,283 [INFO] core.cycle_fsm: Cabin 13: IDLE -> COLLECTING (angle 99.7 -> 101.3 >= 100.0)
2026-03-18 14:30:48,303 [INFO] core.cycle_fsm: Cabin 15: IDLE -> COLLECTING (angle 99.7 -> 100.9 >= 100.0)
2026-03-18 14:30:48,325 [INFO] core.cycle_fsm: Cabin 17: IDLE -> COLLECTING (angle 99.7 -> 101.3 >= 100.0)
2026-03-18 14:30:48,350 [INFO] core.cycle_fsm: Cabin 18: IDLE -> COLLECTING (angle 99.9 -> 101.3 >= 100.0)
2026-03-18 14:30:48,372 [INFO] core.cycle_fsm: Cabin 19: IDLE -> COLLECTING (angle 99.6 -> 100.8 >= 100.0)
2026-03-18 14:30:48,392 [INFO] core.cycle_fsm: Cabin 20: IDLE -> COLLECTING (angle 99.6 -> 101.1 >= 100.0)
2026-03-18 14:30:48,408 [INFO] core.cycle_fsm: Cabin 21: IDLE -> COLLECTING (angle 99.5 -> 101.3 >= 100.0)
2026-03-18 14:30:48,429 [INFO] core.cycle_fsm: Cabin 22: IDLE -> COLLECTING (angle 99.6 -> 100.6 >= 100.0)
2026-03-18 14:30:48,503 [INFO] core.cycle_fsm: Cabin 2: COLLECTING -> PROCESSING (max points reached (45), 45 points)
2026-03-18 14:30:48,525 [INFO] core.cycle_fsm: Cabin 3: COLLECTING -> PROCESSING (max points reached (45), 45 points)
2026-03-18 14:30:48,544 [INFO] core.cycle_fsm: Cabin 4: COLLECTING -> PROCESSING (max points reached (45), 45 points)
2026-03-18 14:30:48,564 [INFO] core.cycle_fsm: Cabin 5: COLLECTING -> PROCESSING (max points reached (45), 45 points)
2026-03-18 14:30:48,583 [INFO] core.cycle_fsm: Cabin 6: COLLECTING -> PROCESSING (max points reached (45), 45 points)
2026-03-18 14:30:48,602 [INFO] core.cycle_fsm: Cabin 7: COLLECTING -> PROCESSING (max points reached (45), 45 points)
2026-03-18 14:30:48,621 [INFO] core.cycle_fsm: Cabin 8: COLLECTING -> PROCESSING (max points reached (45), 45 points)
2026-03-18 14:30:48,637 [INFO] core.cycle_fsm: Cabin 11: COLLECTING -> PROCESSING (max points reached (45), 45 points)
2026-03-18 14:30:48,653 [INFO] core.cycle_fsm: Cabin 14: COLLECTING -> PROCESSING (max points reached (45), 45 points)
2026-03-18 14:30:48,672 [INFO] core.cycle_fsm: Cabin 16: COLLECTING -> PROCESSING (max points reached (45), 45 points)
2026-03-18 14:30:48,688 [INFO] core.cycle_fsm: Cabin 23: COLLECTING -> PROCESSING (max points reached (45), 45 points)
2026-03-18 14:30:48,705 [INFO] core.cycle_fsm: Cabin 24: COLLECTING -> PROCESSING (max points reached (45), 45 points)
2026-03-18 14:30:48,722 [INFO] core.cycle_fsm: Cabin 25: COLLECTING -> PROCESSING (max points reached (45), 45 points)
2026-03-18 14:30:48,740 [INFO] core.cycle_fsm: Cabin 1: COLLECTING -> PROCESSING (max points reached (45), 45 points)
2026-03-18 14:30:48,762 [INFO] core.cycle_fsm: Cabin 9: COLLECTING -> PROCESSING (max points reached (45), 45 points)
2026-03-18 14:30:48,796 [INFO] core.cycle_fsm: Cabin 10: COLLECTING -> PROCESSING (max points reached (45), 45 points)
2026-03-18 14:30:48,818 [INFO] core.cycle_fsm: Cabin 12: COLLECTING -> PROCESSING (max points reached (45), 45 points)
2026-03-18 14:30:48,838 [INFO] core.cycle_fsm: Cabin 13: COLLECTING -> PROCESSING (max points reached (45), 45 points)
2026-03-18 14:30:48,858 [INFO] core.cycle_fsm: Cabin 15: COLLECTING -> PROCESSING (max points reached (45), 45 points)
2026-03-18 14:30:48,874 [INFO] core.cycle_fsm: Cabin 17: COLLECTING -> PROCESSING (max points reached (45), 45 points)
2026-03-18 14:30:48,896 [INFO] core.cycle_fsm: Cabin 18: COLLECTING -> PROCESSING (max points reached (45), 45 points)
2026-03-18 14:30:48,916 [INFO] core.cycle_fsm: Cabin 19: COLLECTING -> PROCESSING (max points reached (45), 45 points)
2026-03-18 14:30:48,933 [INFO] core.cycle_fsm: Cabin 20: COLLECTING -> PROCESSING (max points reached (45), 45 points)
2026-03-18 14:30:48,953 [INFO] core.cycle_fsm: Cabin 21: COLLECTING -> PROCESSING (max points reached (45), 45 points)
2026-03-18 14:30:48,968 [INFO] core.cycle_fsm: Cabin 22: COLLECTING -> PROCESSING (max points reached (45), 45 points)
2026-03-18 14:30:48,985 [INFO] pipeline.processing_loop: Cabin 1: OK (prob=0.9993, conf=0.9993, points=45, 1.5ms)
2026-03-18 14:30:49,008 [INFO] pipeline.processing_loop: Cabin 2: OK (prob=0.9948, conf=0.9948, points=45, 1.7ms)
2026-03-18 14:30:49,028 [INFO] pipeline.processing_loop: Cabin 3: OK (prob=0.9988, conf=0.9988, points=45, 1.4ms)
2026-03-18 14:30:49,053 [INFO] pipeline.processing_loop: Cabin 4: OK (prob=0.9988, conf=0.9988, points=45, 1.9ms)
2026-03-18 14:30:49,081 [INFO] pipeline.processing_loop: Cabin 5: OK (prob=0.9992, conf=0.9992, points=45, 3.8ms)
2026-03-18 14:30:49,108 [INFO] pipeline.processing_loop: Cabin 6: OK (prob=0.9988, conf=0.9988, points=45, 4.1ms)
2026-03-18 14:30:49,139 [INFO] pipeline.processing_loop: Cabin 7: OK (prob=0.9939, conf=0.9939, points=45, 2.8ms)
2026-03-18 14:30:49,162 [INFO] pipeline.processing_loop: Cabin 8: OK (prob=0.9999, conf=0.9999, points=45, 1.8ms)
2026-03-18 14:30:49,186 [INFO] pipeline.processing_loop: Cabin 9: OK (prob=0.9923, conf=0.9923, points=45, 1.5ms)
2026-03-18 14:30:49,209 [INFO] pipeline.processing_loop: Cabin 10: OK (prob=0.9940, conf=0.9940, points=45, 2.3ms)
2026-03-18 14:30:49,239 [INFO] pipeline.processing_loop: Cabin 11: OK (prob=0.9979, conf=0.9979, points=45, 5.7ms)
2026-03-18 14:30:49,261 [INFO] pipeline.processing_loop: Cabin 12: OK (prob=0.9979, conf=0.9979, points=45, 1.6ms)
2026-03-18 14:30:49,290 [INFO] pipeline.processing_loop: Cabin 13: OK (prob=0.9936, conf=0.9936, points=45, 2.6ms)
2026-03-18 14:30:49,314 [INFO] pipeline.processing_loop: Cabin 14: OK (prob=0.9947, conf=0.9947, points=45, 3.2ms)
2026-03-18 14:30:49,337 [INFO] pipeline.processing_loop: Cabin 15: OK (prob=0.9173, conf=0.9173, points=45, 1.8ms)
2026-03-18 14:30:49,362 [INFO] pipeline.processing_loop: Cabin 16: OK (prob=0.7645, conf=0.7645, points=45, 2.2ms)
2026-03-18 14:30:49,385 [INFO] pipeline.processing_loop: Cabin 17: OK (prob=0.6431, conf=0.6431, points=45, 1.7ms)
2026-03-18 14:30:49,416 [INFO] pipeline.processing_loop: Cabin 18: OK (prob=0.8224, conf=0.8224, points=45, 2.8ms)
2026-03-18 14:30:49,441 [INFO] pipeline.processing_loop: Cabin 19: OK (prob=0.6553, conf=0.6553, points=45, 2.0ms)
2026-03-18 14:30:49,468 [INFO] pipeline.processing_loop: Cabin 20: OK (prob=0.9182, conf=0.9182, points=45, 1.8ms)
2026-03-18 14:30:49,494 [INFO] pipeline.processing_loop: Cabin 21: OK (prob=0.9212, conf=0.9212, points=45, 4.4ms)
2026-03-18 14:30:49,518 [INFO] pipeline.processing_loop: Cabin 22: OK (prob=0.8171, conf=0.8171, points=45, 2.3ms)
2026-03-18 14:30:49,546 [INFO] pipeline.processing_loop: Cabin 23: OK (prob=0.6473, conf=0.6473, points=45, 1.5ms)
2026-03-18 14:30:49,573 [INFO] pipeline.processing_loop: Cabin 24: OK (prob=0.7869, conf=0.7869, points=45, 2.5ms)
2026-03-18 14:30:49,600 [INFO] pipeline.processing_loop: Cabin 25: OK (prob=0.6473, conf=0.6473, points=45, 3.4ms)
2026-03-18 14:30:51,497 [INFO] core.cycle_fsm: Cabin 1: IDLE -> COLLECTING (angle 98.5 -> 100.3 >= 100.0)
2026-03-18 14:30:51,522 [INFO] core.cycle_fsm: Cabin 2: IDLE -> COLLECTING (angle 99.4 -> 100.1 >= 100.0)
2026-03-18 14:30:51,541 [INFO] core.cycle_fsm: Cabin 3: IDLE -> COLLECTING (angle 98.9 -> 100.3 >= 100.0)
2026-03-18 14:30:51,563 [INFO] core.cycle_fsm: Cabin 4: IDLE -> COLLECTING (angle 99.4 -> 100.1 >= 100.0)
2026-03-18 14:30:51,583 [INFO] core.cycle_fsm: Cabin 5: IDLE -> COLLECTING (angle 99.4 -> 100.5 >= 100.0)
2026-03-18 14:30:51,602 [INFO] core.cycle_fsm: Cabin 6: IDLE -> COLLECTING (angle 98.7 -> 100.1 >= 100.0)
2026-03-18 14:30:51,630 [INFO] core.cycle_fsm: Cabin 13: IDLE -> COLLECTING (angle 98.5 -> 100.2 >= 100.0)
2026-03-18 14:30:51,651 [INFO] core.cycle_fsm: Cabin 15: IDLE -> COLLECTING (angle 98.9 -> 100.1 >= 100.0)
2026-03-18 14:30:51,672 [INFO] core.cycle_fsm: Cabin 16: IDLE -> COLLECTING (angle 98.6 -> 100.2 >= 100.0)
2026-03-18 14:30:51,689 [INFO] core.cycle_fsm: Cabin 17: IDLE -> COLLECTING (angle 99.2 -> 100.4 >= 100.0)
2026-03-18 14:30:51,711 [INFO] core.cycle_fsm: Cabin 19: IDLE -> COLLECTING (angle 98.8 -> 100.1 >= 100.0)
2026-03-18 14:30:51,728 [INFO] core.cycle_fsm: Cabin 21: IDLE -> COLLECTING (angle 99.3 -> 100.2 >= 100.0)
2026-03-18 14:30:51,749 [INFO] core.cycle_fsm: Cabin 23: IDLE -> COLLECTING (angle 98.7 -> 100.1 >= 100.0)
2026-03-18 14:30:51,766 [INFO] core.cycle_fsm: Cabin 24: IDLE -> COLLECTING (angle 98.9 -> 100.1 >= 100.0)
2026-03-18 14:30:51,781 [INFO] core.cycle_fsm: Cabin 7: IDLE -> COLLECTING (angle 99.8 -> 101.5 >= 100.0)
2026-03-18 14:30:51,796 [INFO] core.cycle_fsm: Cabin 8: IDLE -> COLLECTING (angle 99.5 -> 101.4 >= 100.0)
2026-03-18 14:30:51,814 [INFO] core.cycle_fsm: Cabin 9: IDLE -> COLLECTING (angle 99.8 -> 101.0 >= 100.0)
2026-03-18 14:30:51,837 [INFO] core.cycle_fsm: Cabin 10: IDLE -> COLLECTING (angle 99.6 -> 100.8 >= 100.0)
2026-03-18 14:30:51,855 [INFO] core.cycle_fsm: Cabin 11: IDLE -> COLLECTING (angle 100.0 -> 100.7 >= 100.0)
2026-03-18 14:30:51,870 [INFO] core.cycle_fsm: Cabin 12: IDLE -> COLLECTING (angle 99.7 -> 101.2 >= 100.0)
2026-03-18 14:30:51,884 [INFO] core.cycle_fsm: Cabin 14: IDLE -> COLLECTING (angle 100.0 -> 101.4 >= 100.0)
2026-03-18 14:30:51,899 [INFO] core.cycle_fsm: Cabin 18: IDLE -> COLLECTING (angle 99.8 -> 101.0 >= 100.0)
2026-03-18 14:30:51,925 [INFO] core.cycle_fsm: Cabin 20: IDLE -> COLLECTING (angle 99.7 -> 100.8 >= 100.0)
2026-03-18 14:30:51,948 [INFO] core.cycle_fsm: Cabin 22: IDLE -> COLLECTING (angle 99.8 -> 100.6 >= 100.0)
2026-03-18 14:30:51,970 [INFO] core.cycle_fsm: Cabin 25: IDLE -> COLLECTING (angle 99.9 -> 101.2 >= 100.0)
2026-03-18 14:30:52,043 [INFO] core.cycle_fsm: Cabin 1: COLLECTING -> PROCESSING (max points reached (45), 45 points)
2026-03-18 14:30:52,057 [INFO] core.cycle_fsm: Cabin 2: COLLECTING -> PROCESSING (max points reached (45), 45 points)
2026-03-18 14:30:52,069 [INFO] core.cycle_fsm: Cabin 3: COLLECTING -> PROCESSING (max points reached (45), 45 points)
2026-03-18 14:30:52,086 [INFO] core.cycle_fsm: Cabin 4: COLLECTING -> PROCESSING (max points reached (45), 45 points)
2026-03-18 14:30:52,106 [INFO] core.cycle_fsm: Cabin 5: COLLECTING -> PROCESSING (max points reached (45), 45 points)
2026-03-18 14:30:52,138 [INFO] core.cycle_fsm: Cabin 6: COLLECTING -> PROCESSING (max points reached (45), 45 points)
2026-03-18 14:30:52,159 [INFO] core.cycle_fsm: Cabin 13: COLLECTING -> PROCESSING (max points reached (45), 45 points)
2026-03-18 14:30:52,175 [INFO] core.cycle_fsm: Cabin 15: COLLECTING -> PROCESSING (max points reached (45), 45 points)
2026-03-18 14:30:52,195 [INFO] core.cycle_fsm: Cabin 16: COLLECTING -> PROCESSING (max points reached (45), 45 points)
2026-03-18 14:30:52,212 [INFO] core.cycle_fsm: Cabin 17: COLLECTING -> PROCESSING (max points reached (45), 45 points)
2026-03-18 14:30:52,234 [INFO] core.cycle_fsm: Cabin 19: COLLECTING -> PROCESSING (max points reached (45), 45 points)
2026-03-18 14:30:52,257 [INFO] core.cycle_fsm: Cabin 21: COLLECTING -> PROCESSING (max points reached (45), 45 points)
2026-03-18 14:30:52,280 [INFO] core.cycle_fsm: Cabin 23: COLLECTING -> PROCESSING (max points reached (45), 45 points)
2026-03-18 14:30:52,301 [INFO] core.cycle_fsm: Cabin 24: COLLECTING -> PROCESSING (max points reached (45), 45 points)
2026-03-18 14:30:52,318 [INFO] core.cycle_fsm: Cabin 7: COLLECTING -> PROCESSING (max points reached (45), 45 points)
2026-03-18 14:30:52,339 [INFO] core.cycle_fsm: Cabin 8: COLLECTING -> PROCESSING (max points reached (45), 45 points)
2026-03-18 14:30:52,358 [INFO] core.cycle_fsm: Cabin 9: COLLECTING -> PROCESSING (max points reached (45), 45 points)
2026-03-18 14:30:52,375 [INFO] core.cycle_fsm: Cabin 10: COLLECTING -> PROCESSING (max points reached (45), 45 points)
2026-03-18 14:30:52,394 [INFO] core.cycle_fsm: Cabin 11: COLLECTING -> PROCESSING (max points reached (45), 45 points)
2026-03-18 14:30:52,415 [INFO] core.cycle_fsm: Cabin 12: COLLECTING -> PROCESSING (max points reached (45), 45 points)
2026-03-18 14:30:52,433 [INFO] core.cycle_fsm: Cabin 14: COLLECTING -> PROCESSING (max points reached (45), 45 points)
2026-03-18 14:30:52,449 [INFO] core.cycle_fsm: Cabin 18: COLLECTING -> PROCESSING (max points reached (45), 45 points)
2026-03-18 14:30:52,468 [INFO] core.cycle_fsm: Cabin 20: COLLECTING -> PROCESSING (max points reached (45), 45 points)
2026-03-18 14:30:52,485 [INFO] core.cycle_fsm: Cabin 22: COLLECTING -> PROCESSING (max points reached (45), 45 points)
2026-03-18 14:30:52,508 [INFO] core.cycle_fsm: Cabin 25: COLLECTING -> PROCESSING (max points reached (45), 45 points)
2026-03-18 14:30:52,534 [INFO] pipeline.processing_loop: Cabin 1: OK (prob=0.9999, conf=0.9999, points=45, 3.9ms)
2026-03-18 14:30:52,623 [INFO] pipeline.processing_loop: Cabin 2: OK (prob=0.9999, conf=0.9999, points=45, 12.0ms)
2026-03-18 14:30:52,655 [INFO] pipeline.processing_loop: Cabin 3: OK (prob=0.9940, conf=0.9940, points=45, 3.6ms)
2026-03-18 14:30:52,683 [INFO] pipeline.processing_loop: Cabin 4: OK (prob=0.9999, conf=0.9999, points=45, 2.1ms)
2026-03-18 14:30:52,710 [INFO] pipeline.processing_loop: Cabin 5: OK (prob=0.9940, conf=0.9940, points=45, 3.1ms)
2026-03-18 14:30:52,734 [INFO] pipeline.processing_loop: Cabin 6: OK (prob=0.9940, conf=0.9940, points=45, 1.7ms)
2026-03-18 14:30:52,760 [INFO] pipeline.processing_loop: Cabin 7: OK (prob=0.9939, conf=0.9939, points=45, 3.1ms)
2026-03-18 14:30:52,788 [INFO] pipeline.processing_loop: Cabin 8: OK (prob=0.9943, conf=0.9943, points=45, 4.8ms)
2026-03-18 14:30:52,817 [INFO] pipeline.processing_loop: Cabin 9: OK (prob=0.9965, conf=0.9965, points=45, 3.5ms)
2026-03-18 14:30:52,840 [INFO] pipeline.processing_loop: Cabin 10: OK (prob=0.9952, conf=0.9952, points=45, 1.7ms)
2026-03-18 14:30:52,868 [INFO] pipeline.processing_loop: Cabin 11: OK (prob=0.9979, conf=0.9979, points=45, 4.9ms)
2026-03-18 14:30:52,892 [INFO] pipeline.processing_loop: Cabin 12: OK (prob=0.9979, conf=0.9979, points=45, 2.7ms)
2026-03-18 14:30:52,922 [INFO] pipeline.processing_loop: Cabin 13: OK (prob=0.9947, conf=0.9947, points=45, 1.4ms)
2026-03-18 14:30:52,950 [INFO] pipeline.processing_loop: Cabin 14: OK (prob=0.9977, conf=0.9977, points=45, 1.4ms)
2026-03-18 14:30:52,973 [INFO] pipeline.processing_loop: Cabin 15: OK (prob=0.8091, conf=0.8091, points=45, 2.3ms)
2026-03-18 14:30:53,000 [INFO] pipeline.processing_loop: Cabin 16: OK (prob=0.7645, conf=0.7645, points=45, 1.5ms)
2026-03-18 14:30:53,024 [INFO] pipeline.processing_loop: Cabin 17: OK (prob=0.9182, conf=0.9182, points=45, 2.3ms)
2026-03-18 14:30:53,047 [INFO] pipeline.processing_loop: Cabin 18: OK (prob=0.6377, conf=0.6377, points=45, 2.0ms)
2026-03-18 14:30:53,073 [INFO] pipeline.processing_loop: Cabin 19: OK (prob=0.8108, conf=0.8108, points=45, 2.1ms)
2026-03-18 14:30:53,097 [INFO] pipeline.processing_loop: Cabin 20: OK (prob=0.6553, conf=0.6553, points=45, 1.9ms)
2026-03-18 14:30:53,122 [INFO] pipeline.processing_loop: Cabin 21: OK (prob=0.9212, conf=0.9212, points=45, 2.2ms)
2026-03-18 14:30:53,146 [INFO] pipeline.processing_loop: Cabin 22: OK (prob=0.9212, conf=0.9212, points=45, 1.9ms)
2026-03-18 14:30:53,172 [INFO] pipeline.processing_loop: Cabin 23: OK (prob=0.6646, conf=0.6646, points=45, 1.4ms)
2026-03-18 14:30:53,198 [INFO] pipeline.processing_loop: Cabin 24: OK (prob=0.6526, conf=0.6526, points=45, 3.0ms)
2026-03-18 14:30:53,233 [INFO] pipeline.processing_loop: Cabin 25: OK (prob=0.9212, conf=0.9212, points=45, 3.1ms)
2026-03-18 14:30:55,102 [INFO] core.cycle_fsm: Cabin 3: IDLE -> COLLECTING (angle 99.0 -> 100.0 >= 100.0)
2026-03-18 14:30:55,116 [INFO] core.cycle_fsm: Cabin 6: IDLE -> COLLECTING (angle 98.6 -> 100.2 >= 100.0)
2026-03-18 14:30:55,129 [INFO] core.cycle_fsm: Cabin 7: IDLE -> COLLECTING (angle 99.4 -> 100.3 >= 100.0)
2026-03-18 14:30:55,150 [INFO] core.cycle_fsm: Cabin 10: IDLE -> COLLECTING (angle 99.4 -> 100.3 >= 100.0)
2026-03-18 14:30:55,174 [INFO] core.cycle_fsm: Cabin 13: IDLE -> COLLECTING (angle 99.0 -> 100.3 >= 100.0)
2026-03-18 14:30:55,193 [INFO] core.cycle_fsm: Cabin 18: IDLE -> COLLECTING (angle 98.7 -> 100.3 >= 100.0)
2026-03-18 14:30:55,217 [INFO] core.cycle_fsm: Cabin 20: IDLE -> COLLECTING (angle 98.8 -> 100.4 >= 100.0)
2026-03-18 14:30:55,241 [INFO] core.cycle_fsm: Cabin 22: IDLE -> COLLECTING (angle 98.8 -> 100.1 >= 100.0)
2026-03-18 14:30:55,264 [INFO] core.cycle_fsm: Cabin 24: IDLE -> COLLECTING (angle 99.2 -> 100.4 >= 100.0)
2026-03-18 14:30:55,336 [INFO] core.cycle_fsm: Cabin 1: IDLE -> COLLECTING (angle 99.9 -> 101.4 >= 100.0)
2026-03-18 14:30:55,356 [INFO] core.cycle_fsm: Cabin 2: IDLE -> COLLECTING (angle 99.6 -> 100.9 >= 100.0)
2026-03-18 14:30:55,374 [INFO] core.cycle_fsm: Cabin 4: IDLE -> COLLECTING (angle 99.8 -> 101.4 >= 100.0)
2026-03-18 14:30:55,395 [INFO] core.cycle_fsm: Cabin 5: IDLE -> COLLECTING (angle 99.6 -> 100.6 >= 100.0)
2026-03-18 14:30:55,421 [INFO] core.cycle_fsm: Cabin 8: IDLE -> COLLECTING (angle 99.8 -> 101.2 >= 100.0)
2026-03-18 14:30:55,440 [INFO] core.cycle_fsm: Cabin 9: IDLE -> COLLECTING (angle 99.9 -> 100.6 >= 100.0)
2026-03-18 14:30:55,461 [INFO] core.cycle_fsm: Cabin 11: IDLE -> COLLECTING (angle 99.5 -> 101.2 >= 100.0)
2026-03-18 14:30:55,481 [INFO] core.cycle_fsm: Cabin 12: IDLE -> COLLECTING (angle 99.6 -> 100.6 >= 100.0)
2026-03-18 14:30:55,500 [INFO] core.cycle_fsm: Cabin 14: IDLE -> COLLECTING (angle 99.6 -> 101.5 >= 100.0)
2026-03-18 14:30:55,523 [INFO] core.cycle_fsm: Cabin 15: IDLE -> COLLECTING (angle 99.7 -> 101.0 >= 100.0)
2026-03-18 14:30:55,540 [INFO] core.cycle_fsm: Cabin 16: IDLE -> COLLECTING (angle 99.6 -> 101.1 >= 100.0)
2026-03-18 14:30:55,554 [INFO] core.cycle_fsm: Cabin 17: IDLE -> COLLECTING (angle 99.7 -> 101.1 >= 100.0)
2026-03-18 14:30:55,580 [INFO] core.cycle_fsm: Cabin 19: IDLE -> COLLECTING (angle 99.8 -> 101.4 >= 100.0)
2026-03-18 14:30:55,598 [INFO] core.cycle_fsm: Cabin 21: IDLE -> COLLECTING (angle 99.8 -> 100.5 >= 100.0)
2026-03-18 14:30:55,620 [INFO] core.cycle_fsm: Cabin 23: IDLE -> COLLECTING (angle 99.5 -> 101.3 >= 100.0)
2026-03-18 14:30:55,641 [INFO] core.cycle_fsm: Cabin 25: IDLE -> COLLECTING (angle 99.9 -> 101.3 >= 100.0)
2026-03-18 14:30:55,714 [INFO] core.cycle_fsm: Cabin 3: COLLECTING -> PROCESSING (max points reached (45), 45 points)
2026-03-18 14:30:55,731 [INFO] core.cycle_fsm: Cabin 6: COLLECTING -> PROCESSING (max points reached (45), 45 points)
2026-03-18 14:30:55,754 [INFO] core.cycle_fsm: Cabin 7: COLLECTING -> PROCESSING (max points reached (45), 45 points)
2026-03-18 14:30:55,772 [INFO] core.cycle_fsm: Cabin 10: COLLECTING -> PROCESSING (max points reached (45), 45 points)
2026-03-18 14:30:55,794 [INFO] core.cycle_fsm: Cabin 13: COLLECTING -> PROCESSING (max points reached (45), 45 points)
2026-03-18 14:30:55,812 [INFO] core.cycle_fsm: Cabin 18: COLLECTING -> PROCESSING (max points reached (45), 45 points)
2026-03-18 14:30:55,833 [INFO] core.cycle_fsm: Cabin 20: COLLECTING -> PROCESSING (max points reached (45), 45 points)
2026-03-18 14:30:55,852 [INFO] core.cycle_fsm: Cabin 22: COLLECTING -> PROCESSING (max points reached (45), 45 points)
2026-03-18 14:30:55,876 [INFO] core.cycle_fsm: Cabin 24: COLLECTING -> PROCESSING (max points reached (45), 45 points)
2026-03-18 14:30:55,896 [INFO] core.cycle_fsm: Cabin 1: COLLECTING -> PROCESSING (max points reached (45), 45 points)
2026-03-18 14:30:55,914 [INFO] core.cycle_fsm: Cabin 2: COLLECTING -> PROCESSING (max points reached (45), 45 points)
2026-03-18 14:30:55,935 [INFO] core.cycle_fsm: Cabin 4: COLLECTING -> PROCESSING (max points reached (45), 45 points)
2026-03-18 14:30:55,953 [INFO] core.cycle_fsm: Cabin 5: COLLECTING -> PROCESSING (max points reached (45), 45 points)
2026-03-18 14:30:55,974 [INFO] core.cycle_fsm: Cabin 8: COLLECTING -> PROCESSING (max points reached (45), 45 points)
2026-03-18 14:30:55,990 [INFO] core.cycle_fsm: Cabin 9: COLLECTING -> PROCESSING (max points reached (45), 45 points)
2026-03-18 14:30:56,010 [INFO] core.cycle_fsm: Cabin 11: COLLECTING -> PROCESSING (max points reached (45), 45 points)
2026-03-18 14:30:56,036 [INFO] core.cycle_fsm: Cabin 12: COLLECTING -> PROCESSING (max points reached (45), 45 points)
2026-03-18 14:30:56,057 [INFO] core.cycle_fsm: Cabin 14: COLLECTING -> PROCESSING (max points reached (45), 45 points)
2026-03-18 14:30:56,075 [INFO] core.cycle_fsm: Cabin 15: COLLECTING -> PROCESSING (max points reached (45), 45 points)
2026-03-18 14:30:56,102 [INFO] core.cycle_fsm: Cabin 16: COLLECTING -> PROCESSING (max points reached (45), 45 points)
2026-03-18 14:30:56,120 [INFO] core.cycle_fsm: Cabin 17: COLLECTING -> PROCESSING (max points reached (45), 45 points)
2026-03-18 14:30:56,143 [INFO] core.cycle_fsm: Cabin 19: COLLECTING -> PROCESSING (max points reached (45), 45 points)
2026-03-18 14:30:56,163 [INFO] core.cycle_fsm: Cabin 21: COLLECTING -> PROCESSING (max points reached (45), 45 points)
2026-03-18 14:30:56,181 [INFO] core.cycle_fsm: Cabin 23: COLLECTING -> PROCESSING (max points reached (45), 45 points)
2026-03-18 14:30:56,207 [INFO] core.cycle_fsm: Cabin 25: COLLECTING -> PROCESSING (max points reached (45), 45 points)
2026-03-18 14:30:56,231 [INFO] pipeline.processing_loop: Cabin 1: OK (prob=0.9999, conf=0.9999, points=45, 2.9ms)
2026-03-18 14:30:56,261 [INFO] pipeline.processing_loop: Cabin 2: OK (prob=0.9948, conf=0.9948, points=45, 5.3ms)
2026-03-18 14:30:56,287 [INFO] pipeline.processing_loop: Cabin 3: OK (prob=0.9999, conf=0.9999, points=45, 3.0ms)
2026-03-18 14:30:56,312 [INFO] pipeline.processing_loop: Cabin 4: OK (prob=0.9992, conf=0.9992, points=45, 1.9ms)
2026-03-18 14:30:56,332 [INFO] pipeline.processing_loop: Cabin 5: OK (prob=0.9939, conf=0.9939, points=45, 1.6ms)
2026-03-18 14:30:56,358 [INFO] pipeline.processing_loop: Cabin 6: OK (prob=0.9999, conf=0.9999, points=45, 2.0ms)
2026-03-18 14:30:56,376 [INFO] pipeline.processing_loop: Cabin 7: OK (prob=0.9988, conf=0.9988, points=45, 1.7ms)
2026-03-18 14:30:56,398 [INFO] pipeline.processing_loop: Cabin 8: OK (prob=0.9989, conf=0.9989, points=45, 3.2ms)
2026-03-18 14:30:56,424 [INFO] pipeline.processing_loop: Cabin 9: OK (prob=0.9964, conf=0.9964, points=45, 3.4ms)
2026-03-18 14:30:56,446 [INFO] pipeline.processing_loop: Cabin 10: OK (prob=0.9979, conf=0.9979, points=45, 2.0ms)
2026-03-18 14:30:56,465 [INFO] pipeline.processing_loop: Cabin 11: OK (prob=0.9952, conf=0.9952, points=45, 2.4ms)
2026-03-18 14:30:56,494 [INFO] pipeline.processing_loop: Cabin 12: OK (prob=0.9979, conf=0.9979, points=45, 1.5ms)
2026-03-18 14:30:56,518 [INFO] pipeline.processing_loop: Cabin 13: OK (prob=0.9948, conf=0.9948, points=45, 2.4ms)
2026-03-18 14:30:56,547 [INFO] pipeline.processing_loop: Cabin 14: OK (prob=0.9977, conf=0.9977, points=45, 3.4ms)
2026-03-18 14:30:56,575 [INFO] pipeline.processing_loop: Cabin 15: OK (prob=0.8127, conf=0.8127, points=45, 1.8ms)
2026-03-18 14:30:56,595 [INFO] pipeline.processing_loop: Cabin 16: OK (prob=0.9113, conf=0.9113, points=45, 1.6ms)
2026-03-18 14:30:56,622 [INFO] pipeline.processing_loop: Cabin 17: OK (prob=0.6431, conf=0.6431, points=45, 1.9ms)
2026-03-18 14:30:56,660 [INFO] pipeline.processing_loop: Cabin 18: OK (prob=0.9182, conf=0.9182, points=45, 2.4ms)
2026-03-18 14:30:56,685 [INFO] pipeline.processing_loop: Cabin 19: OK (prob=0.6377, conf=0.6377, points=45, 2.7ms)
2026-03-18 14:30:56,706 [INFO] pipeline.processing_loop: Cabin 20: OK (prob=0.7799, conf=0.7799, points=45, 2.2ms)
2026-03-18 14:30:56,731 [INFO] pipeline.processing_loop: Cabin 21: OK (prob=0.9212, conf=0.9212, points=45, 4.9ms)
2026-03-18 14:30:56,750 [INFO] pipeline.processing_loop: Cabin 22: OK (prob=0.9212, conf=0.9212, points=45, 1.6ms)
2026-03-18 14:30:56,780 [INFO] pipeline.processing_loop: Cabin 23: OK (prob=0.6473, conf=0.6473, points=45, 2.8ms)
2026-03-18 14:30:56,803 [INFO] pipeline.processing_loop: Cabin 24: OK (prob=0.7869, conf=0.7869, points=45, 2.2ms)
2026-03-18 14:30:56,827 [INFO] pipeline.processing_loop: Cabin 25: OK (prob=0.9212, conf=0.9212, points=45, 2.0ms)
2026-03-18 14:30:58,652 [INFO] pipeline.processing_loop: ProcessingLoop paused
2026-03-18 14:31:01,390 [INFO] storage.data_exporter: Exported 150 records to D:\projects\ldporj_bsys_test\exports\ldpj_data_20260318_143101.csv
2026-03-18 19:51:24,719 [INFO] root: Shutting down...
2026-03-18 19:51:24,737 [INFO] pipeline.processing_loop: ProcessingLoop stopped
2026-03-18 19:51:32,321 [INFO] core.polling_engine: PollingEngine stopped
2026-03-18 19:51:33,065 [INFO] root: Shutdown complete.
2026-03-18 19:51:33,083 [INFO] root: Shutting down...
2026-03-18 19:51:33,100 [INFO] pipeline.processing_loop: ProcessingLoop stopped
2026-03-18 19:51:33,116 [INFO] core.polling_engine: PollingEngine stopped
2026-03-18 19:51:33,133 [INFO] root: Shutdown complete.
2026-03-18 19:52:09,588 [INFO] root: ============================================================
2026-03-18 19:52:09,590 [INFO] root: Ldpj_backend v2.5 starting (mode=mock)
2026-03-18 19:52:09,603 [INFO] root: ============================================================
2026-03-18 19:52:09,617 [INFO] core.polling_engine: MockPLC: 26 cabins, types={'OK': 10, 'LEAK': 10, 'NO_BOTTLE': 6}
2026-03-18 19:52:09,632 [INFO] core.polling_engine: MockPLC connected (cabin_count=26)
2026-03-18 19:52:09,646 [INFO] core.polling_engine: PollingEngine started (interval=10ms)
2026-03-18 19:52:09,663 [INFO] core.cycle_fsm: CycleFSMManager: 25 FSMs for Cabin[1]~[25] (trigger=100бу, points=36, interval=100ms)
2026-03-18 19:52:16,203 [INFO] models.supervised_xgb: Model loaded: version=none, path=D:\projects\ldporj_bsys_test\models\artifacts\current\xgb_model.json
2026-03-18 19:52:16,251 [INFO] storage.database_logger: Database initialised: ldpj_data.db
2026-03-18 19:52:16,269 [INFO] integration.api_server: API server started on 0.0.0.0:8000
2026-03-18 19:52:16,282 [INFO] pipeline.processing_loop: ProcessingLoop started
2026-03-18 19:52:16,299 [INFO] root: System ready. Entering main loop...
2026-03-18 19:52:16,311 [INFO] core.cycle_fsm: Cabin 6: IDLE -> COLLECTING (angle 102.3бу crossed 100.0бу)
2026-03-18 19:52:16,324 [INFO] core.cycle_fsm: Cabin 5: IDLE -> COLLECTING (angle 103.3бу crossed 100.0бу)
2026-03-18 19:52:16,341 [INFO] core.cycle_fsm: Cabin 4: IDLE -> COLLECTING (angle 104.7бу crossed 100.0бу)
2026-03-18 19:52:16,356 [INFO] core.cycle_fsm: Cabin 3: IDLE -> COLLECTING (angle 100.5бу crossed 100.0бу)
2026-03-18 19:52:16,372 [INFO] core.cycle_fsm: Cabin 2: IDLE -> COLLECTING (angle 101.6бу crossed 100.0бу)
2026-03-18 19:52:16,386 [INFO] core.cycle_fsm: Cabin 1: IDLE -> COLLECTING (angle 103.9бу crossed 100.0бу)
2026-03-18 19:52:16,401 [INFO] core.cycle_fsm: Cabin 25: IDLE -> COLLECTING (angle 103.1бу crossed 100.0бу)
2026-03-18 19:52:16,415 [INFO] core.cycle_fsm: Cabin 24: IDLE -> COLLECTING (angle 104.3бу crossed 100.0бу)
2026-03-18 19:52:16,429 [INFO] core.cycle_fsm: Cabin 23: IDLE -> COLLECTING (angle 101.4бу crossed 100.0бу)
2026-03-18 19:52:16,444 [INFO] core.cycle_fsm: Cabin 22: IDLE -> COLLECTING (angle 102.2бу crossed 100.0бу)
2026-03-18 19:52:16,459 [INFO] core.cycle_fsm: Cabin 21: IDLE -> COLLECTING (angle 102.5бу crossed 100.0бу)
2026-03-18 19:52:16,474 [INFO] core.cycle_fsm: Cabin 20: IDLE -> COLLECTING (angle 100.1бу crossed 100.0бу)
2026-03-18 19:52:16,488 [INFO] core.cycle_fsm: Cabin 19: IDLE -> COLLECTING (angle 100.7бу crossed 100.0бу)
2026-03-18 19:52:16,503 [INFO] core.cycle_fsm: Cabin 6: COLLECTING -> PROCESSING (angle 279.1бу reached end 276.0бу (4 points), 6.834s)
2026-03-18 19:52:16,517 [INFO] core.cycle_fsm: Cabin 18: IDLE -> COLLECTING (angle 101.0бу crossed 100.0бу)
2026-03-18 19:52:16,532 [INFO] core.cycle_fsm: Cabin 5: COLLECTING -> PROCESSING (angle 280.0бу reached end 276.0бу (4 points), 6.831s)
2026-03-18 19:52:16,545 [INFO] core.cycle_fsm: Cabin 17: IDLE -> COLLECTING (angle 103.7бу crossed 100.0бу)
2026-03-18 19:52:16,559 [INFO] core.cycle_fsm: Cabin 4: COLLECTING -> PROCESSING (angle 279.4бу reached end 276.0бу (4 points), 6.826s)
2026-03-18 19:52:16,571 [INFO] core.cycle_fsm: Cabin 3: COLLECTING -> PROCESSING (angle 277.4бу reached end 276.0бу (4 points), 6.818s)
2026-03-18 19:52:16,587 [INFO] core.cycle_fsm: Cabin 16: IDLE -> COLLECTING (angle 103.9бу crossed 100.0бу)
2026-03-18 19:52:16,602 [INFO] core.cycle_fsm: Cabin 15: IDLE -> COLLECTING (angle 100.8бу crossed 100.0бу)
2026-03-18 19:52:16,616 [INFO] core.cycle_fsm: Cabin 2: COLLECTING -> PROCESSING (angle 278.0бу reached end 276.0бу (4 points), 6.831s)
2026-03-18 19:52:16,631 [INFO] core.cycle_fsm: Cabin 14: IDLE -> COLLECTING (angle 102.0бу crossed 100.0бу)
2026-03-18 19:52:16,645 [INFO] core.cycle_fsm: Cabin 1: COLLECTING -> PROCESSING (angle 279.9бу reached end 276.0бу (4 points), 6.828s)
2026-03-18 19:52:16,657 [INFO] core.cycle_fsm: Cabin 13: IDLE -> COLLECTING (angle 102.3бу crossed 100.0бу)
2026-03-18 19:52:16,671 [INFO] core.cycle_fsm: Cabin 25: COLLECTING -> PROCESSING (angle 280.0бу reached end 276.0бу (4 points), 6.822s)
2026-03-18 19:52:16,684 [INFO] core.cycle_fsm: Cabin 12: IDLE -> COLLECTING (angle 102.9бу crossed 100.0бу)
2026-03-18 19:52:16,697 [INFO] core.cycle_fsm: Cabin 24: COLLECTING -> PROCESSING (angle 280.7бу reached end 276.0бу (4 points), 6.816s)
2026-03-18 19:52:16,709 [INFO] core.cycle_fsm: Cabin 11: IDLE -> COLLECTING (angle 101.4бу crossed 100.0бу)
2026-03-18 19:52:16,724 [INFO] core.cycle_fsm: Cabin 23: COLLECTING -> PROCESSING (angle 278.9бу reached end 276.0бу (4 points), 6.821s)
2026-03-18 19:52:16,737 [INFO] core.cycle_fsm: Cabin 10: IDLE -> COLLECTING (angle 103.9бу crossed 100.0бу)
2026-03-18 19:52:16,749 [INFO] core.cycle_fsm: Cabin 22: COLLECTING -> PROCESSING (angle 279.2бу reached end 276.0бу (4 points), 6.802s)
2026-03-18 19:52:16,762 [INFO] core.cycle_fsm: Cabin 9: IDLE -> COLLECTING (angle 101.7бу crossed 100.0бу)
2026-03-18 19:52:16,775 [INFO] core.cycle_fsm: Cabin 21: COLLECTING -> PROCESSING (angle 276.0бу reached end 276.0бу (4 points), 6.783s)
2026-03-18 19:52:16,789 [INFO] core.cycle_fsm: Cabin 8: IDLE -> COLLECTING (angle 104.0бу crossed 100.0бу)
2026-03-18 19:52:16,803 [INFO] core.cycle_fsm: Cabin 20: COLLECTING -> PROCESSING (angle 281.1бу reached end 276.0бу (4 points), 6.789s)
2026-03-18 19:52:16,816 [INFO] core.cycle_fsm: Cabin 7: IDLE -> COLLECTING (angle 101.1бу crossed 100.0бу)
2026-03-18 19:52:16,831 [INFO] core.cycle_fsm: Cabin 19: COLLECTING -> PROCESSING (angle 276.4бу reached end 276.0бу (4 points), 6.779s)
2026-03-18 19:52:16,844 [INFO] core.cycle_fsm: Cabin 18: COLLECTING -> PROCESSING (angle 276.4бу reached end 276.0бу (4 points), 6.756s)
2026-03-18 19:52:16,858 [INFO] core.cycle_fsm: Cabin 17: COLLECTING -> PROCESSING (angle 276.0бу reached end 276.0бу (4 points), 6.737s)
2026-03-18 19:52:16,872 [INFO] core.cycle_fsm: Cabin 16: COLLECTING -> PROCESSING (angle 280.8бу reached end 276.0бу (4 points), 6.718s)
2026-03-18 19:52:16,886 [INFO] core.cycle_fsm: Cabin 15: COLLECTING -> PROCESSING (angle 277.2бу reached end 276.0бу (4 points), 6.711s)
2026-03-18 19:52:16,898 [INFO] core.cycle_fsm: Cabin 14: COLLECTING -> PROCESSING (angle 278.0бу reached end 276.0бу (4 points), 6.692s)
2026-03-18 19:52:16,912 [INFO] core.cycle_fsm: Cabin 13: COLLECTING -> PROCESSING (angle 278.6бу reached end 276.0бу (4 points), 6.674s)
2026-03-18 19:52:16,925 [INFO] core.cycle_fsm: Cabin 12: COLLECTING -> PROCESSING (angle 279.8бу reached end 276.0бу (4 points), 6.655s)
2026-03-18 19:52:16,938 [INFO] core.cycle_fsm: Cabin 11: COLLECTING -> PROCESSING (angle 278.0бу reached end 276.0бу (4 points), 6.646s)
2026-03-18 19:52:16,950 [INFO] core.cycle_fsm: Cabin 10: COLLECTING -> PROCESSING (angle 278.2бу reached end 276.0бу (4 points), 6.627s)
2026-03-18 19:52:16,963 [INFO] core.cycle_fsm: Cabin 9: COLLECTING -> PROCESSING (angle 278.7бу reached end 276.0бу (4 points), 6.608s)
2026-03-18 19:52:16,977 [INFO] core.cycle_fsm: Cabin 8: COLLECTING -> PROCESSING (angle 281.0бу reached end 276.0бу (4 points), 6.591s)
2026-03-18 19:52:16,991 [INFO] core.cycle_fsm: Cabin 7: COLLECTING -> PROCESSING (angle 276.6бу reached end 276.0бу (4 points), 6.569s)
2026-03-18 19:52:17,056 [INFO] pipeline.processing_loop: Cabin 1: OK (prob=1.0000, conf=1.0000, points=4, 39.1ms)
2026-03-18 19:52:17,073 [INFO] pipeline.processing_loop: Cabin 2: LEAK (prob=0.0120, conf=0.9880, points=4, 1.8ms)
2026-03-18 19:52:17,090 [INFO] pipeline.processing_loop: Cabin 3: OK (prob=0.9658, conf=0.9658, points=4, 1.6ms)
2026-03-18 19:52:17,108 [INFO] pipeline.processing_loop: Cabin 4: LEAK (prob=0.2285, conf=0.7715, points=4, 1.5ms)
2026-03-18 19:52:17,124 [INFO] pipeline.processing_loop: Cabin 5: NO_BOTTLE (max=3.3 < 50.0, points=4)
2026-03-18 19:52:17,143 [INFO] pipeline.processing_loop: Cabin 6: LEAK (prob=0.0018, conf=0.9982, points=4, 1.4ms)
2026-03-18 19:52:17,161 [INFO] pipeline.processing_loop: Cabin 7: OK (prob=0.9825, conf=0.9825, points=4, 1.5ms)
2026-03-18 19:52:17,178 [INFO] pipeline.processing_loop: Cabin 8: LEAK (prob=0.0227, conf=0.9773, points=4, 1.5ms)
2026-03-18 19:52:17,195 [INFO] pipeline.processing_loop: Cabin 9: OK (prob=1.0000, conf=1.0000, points=4, 1.6ms)
2026-03-18 19:52:17,211 [INFO] pipeline.processing_loop: Cabin 10: NO_BOTTLE (max=3.1 < 50.0, points=4)
2026-03-18 19:52:17,236 [INFO] pipeline.processing_loop: Cabin 11: OK (prob=1.0000, conf=1.0000, points=4, 2.8ms)
2026-03-18 19:52:17,255 [INFO] pipeline.processing_loop: Cabin 12: LEAK (prob=0.0034, conf=0.9966, points=4, 3.5ms)
2026-03-18 19:52:17,274 [INFO] pipeline.processing_loop: Cabin 13: OK (prob=0.9918, conf=0.9918, points=4, 1.5ms)
2026-03-18 19:52:17,293 [INFO] pipeline.processing_loop: Cabin 14: LEAK (prob=0.0008, conf=0.9992, points=4, 2.0ms)
2026-03-18 19:52:17,309 [INFO] pipeline.processing_loop: Cabin 15: NO_BOTTLE (max=4.7 < 50.0, points=4)
2026-03-18 19:52:17,326 [INFO] pipeline.processing_loop: Cabin 16: LEAK (prob=0.0002, conf=0.9998, points=4, 1.4ms)
2026-03-18 19:52:17,345 [INFO] pipeline.processing_loop: Cabin 17: OK (prob=0.3096, conf=0.3096, points=4, 1.6ms)
2026-03-18 19:52:17,362 [INFO] pipeline.processing_loop: Cabin 18: LEAK (prob=0.0013, conf=0.9987, points=4, 1.5ms)
2026-03-18 19:52:17,381 [INFO] pipeline.processing_loop: Cabin 19: OK (prob=0.9999, conf=0.9999, points=4, 1.6ms)
2026-03-18 19:52:17,400 [INFO] pipeline.processing_loop: Cabin 20: NO_BOTTLE (max=4.5 < 50.0, points=4)
2026-03-18 19:52:17,422 [INFO] pipeline.processing_loop: Cabin 21: OK (prob=0.9609, conf=0.9609, points=4, 1.6ms)
2026-03-18 19:52:17,442 [INFO] pipeline.processing_loop: Cabin 22: LEAK (prob=0.0006, conf=0.9994, points=4, 1.8ms)
2026-03-18 19:52:17,462 [INFO] pipeline.processing_loop: Cabin 23: OK (prob=0.9998, conf=0.9998, points=4, 1.6ms)
2026-03-18 19:52:17,481 [INFO] pipeline.processing_loop: Cabin 24: LEAK (prob=0.0020, conf=0.9980, points=4, 1.7ms)
2026-03-18 19:52:17,499 [INFO] pipeline.processing_loop: Cabin 25: NO_BOTTLE (max=4.4 < 50.0, points=4)
2026-03-18 19:52:17,568 [INFO] core.cycle_fsm: Cabin 19: IDLE -> COLLECTING (angle 103.7бу crossed 100.0бу)
2026-03-18 19:52:17,585 [INFO] core.cycle_fsm: Cabin 18: IDLE -> COLLECTING (angle 101.3бу crossed 100.0бу)
2026-03-18 19:52:17,599 [INFO] core.cycle_fsm: Cabin 17: IDLE -> COLLECTING (angle 101.0бу crossed 100.0бу)
2026-03-18 19:52:17,611 [INFO] core.cycle_fsm: Cabin 16: IDLE -> COLLECTING (angle 103.0бу crossed 100.0бу)
2026-03-18 19:52:17,627 [INFO] core.cycle_fsm: Cabin 15: IDLE -> COLLECTING (angle 104.3бу crossed 100.0бу)
2026-03-18 19:52:17,643 [INFO] core.cycle_fsm: Cabin 14: IDLE -> COLLECTING (angle 103.7бу crossed 100.0бу)
2026-03-18 19:52:17,660 [INFO] core.cycle_fsm: Cabin 13: IDLE -> COLLECTING (angle 101.2бу crossed 100.0бу)
2026-03-18 19:52:17,675 [INFO] core.cycle_fsm: Cabin 12: IDLE -> COLLECTING (angle 104.5бу crossed 100.0бу)
2026-03-18 19:52:17,691 [INFO] core.cycle_fsm: Cabin 11: IDLE -> COLLECTING (angle 104.5бу crossed 100.0бу)
2026-03-18 19:52:17,715 [INFO] core.cycle_fsm: Cabin 10: IDLE -> COLLECTING (angle 104.5бу crossed 100.0бу)
2026-03-18 19:52:17,734 [INFO] core.cycle_fsm: Cabin 9: IDLE -> COLLECTING (angle 104.9бу crossed 100.0бу)
2026-03-18 19:52:17,756 [INFO] core.cycle_fsm: Cabin 8: IDLE -> COLLECTING (angle 105.2бу crossed 100.0бу)
2026-03-18 19:52:17,778 [INFO] core.cycle_fsm: Cabin 7: IDLE -> COLLECTING (angle 100.6бу crossed 100.0бу)
2026-03-18 19:52:17,795 [INFO] core.cycle_fsm: Cabin 19: COLLECTING -> PROCESSING (angle 276.3бу reached end 276.0бу (4 points), 1.454s)
2026-03-18 19:52:17,813 [INFO] core.cycle_fsm: Cabin 6: IDLE -> COLLECTING (angle 102.2бу crossed 100.0бу)
2026-03-18 19:52:17,831 [INFO] core.cycle_fsm: Cabin 5: IDLE -> COLLECTING (angle 102.9бу crossed 100.0бу)
2026-03-18 19:52:17,845 [INFO] core.cycle_fsm: Cabin 18: COLLECTING -> PROCESSING (angle 277.8бу reached end 276.0бу (4 points), 1.473s)
2026-03-18 19:52:17,858 [INFO] core.cycle_fsm: Cabin 17: COLLECTING -> PROCESSING (angle 276.3бу reached end 276.0бу (4 points), 1.462s)
2026-03-18 19:52:17,871 [INFO] core.cycle_fsm: Cabin 4: IDLE -> COLLECTING (angle 102.0бу crossed 100.0бу)
2026-03-18 19:52:17,887 [INFO] core.cycle_fsm: Cabin 16: COLLECTING -> PROCESSING (angle 280.0бу reached end 276.0бу (4 points), 1.460s)
2026-03-18 19:52:17,903 [INFO] core.cycle_fsm: Cabin 3: IDLE -> COLLECTING (angle 103.4бу crossed 100.0бу)
2026-03-18 19:52:17,919 [INFO] core.cycle_fsm: Cabin 15: COLLECTING -> PROCESSING (angle 279.4бу reached end 276.0бу (4 points), 1.460s)
2026-03-18 19:52:17,932 [INFO] core.cycle_fsm: Cabin 2: IDLE -> COLLECTING (angle 104.3бу crossed 100.0бу)
2026-03-18 19:52:17,946 [INFO] core.cycle_fsm: Cabin 14: COLLECTING -> PROCESSING (angle 277.2бу reached end 276.0бу (4 points), 1.455s)
2026-03-18 19:52:17,960 [INFO] core.cycle_fsm: Cabin 1: IDLE -> COLLECTING (angle 103.5бу crossed 100.0бу)
2026-03-18 19:52:17,976 [INFO] core.cycle_fsm: Cabin 13: COLLECTING -> PROCESSING (angle 279.0бу reached end 276.0бу (4 points), 1.453s)
2026-03-18 19:52:17,990 [INFO] core.cycle_fsm: Cabin 25: IDLE -> COLLECTING (angle 103.2бу crossed 100.0бу)
2026-03-18 19:52:18,004 [INFO] core.cycle_fsm: Cabin 12: COLLECTING -> PROCESSING (angle 280.9бу reached end 276.0бу (4 points), 1.450s)
2026-03-18 19:52:18,019 [INFO] core.cycle_fsm: Cabin 11: COLLECTING -> PROCESSING (angle 276.2бу reached end 276.0бу (4 points), 1.440s)
2026-03-18 19:52:18,034 [INFO] core.cycle_fsm: Cabin 24: IDLE -> COLLECTING (angle 104.8бу crossed 100.0бу)
2026-03-18 19:52:18,048 [INFO] core.cycle_fsm: Cabin 10: COLLECTING -> PROCESSING (angle 280.3бу reached end 276.0бу (4 points), 1.458s)
2026-03-18 19:52:18,070 [INFO] core.cycle_fsm: Cabin 23: IDLE -> COLLECTING (angle 103.4бу crossed 100.0бу)
2026-03-18 19:52:18,089 [INFO] core.cycle_fsm: Cabin 9: COLLECTING -> PROCESSING (angle 276.6бу reached end 276.0бу (4 points), 1.457s)
2026-03-18 19:52:18,102 [INFO] core.cycle_fsm: Cabin 22: IDLE -> COLLECTING (angle 102.4бу crossed 100.0бу)
2026-03-18 19:52:18,116 [INFO] core.cycle_fsm: Cabin 8: COLLECTING -> PROCESSING (angle 278.1бу reached end 276.0бу (4 points), 1.452s)
2026-03-18 19:52:18,132 [INFO] core.cycle_fsm: Cabin 21: IDLE -> COLLECTING (angle 101.6бу crossed 100.0бу)
2026-03-18 19:52:18,144 [INFO] core.cycle_fsm: Cabin 20: IDLE -> COLLECTING (angle 107.2бу crossed 100.0бу)
2026-03-18 19:52:18,161 [INFO] core.cycle_fsm: Cabin 7: COLLECTING -> PROCESSING (angle 277.4бу reached end 276.0бу (4 points), 1.465s)
2026-03-18 19:52:18,176 [INFO] core.cycle_fsm: Cabin 6: COLLECTING -> PROCESSING (angle 279.3бу reached end 276.0бу (4 points), 1.469s)
2026-03-18 19:52:18,191 [INFO] core.cycle_fsm: Cabin 5: COLLECTING -> PROCESSING (angle 278.7бу reached end 276.0бу (4 points), 1.452s)
2026-03-18 19:52:18,207 [INFO] core.cycle_fsm: Cabin 4: COLLECTING -> PROCESSING (angle 279.1бу reached end 276.0бу (4 points), 1.437s)
2026-03-18 19:52:18,220 [INFO] core.cycle_fsm: Cabin 3: COLLECTING -> PROCESSING (angle 279.9бу reached end 276.0бу (4 points), 1.418s)
2026-03-18 19:52:18,232 [INFO] core.cycle_fsm: Cabin 2: COLLECTING -> PROCESSING (angle 280.4бу reached end 276.0бу (4 points), 1.388s)
2026-03-18 19:52:18,245 [INFO] core.cycle_fsm: Cabin 1: COLLECTING -> PROCESSING (angle 280.2бу reached end 276.0бу (4 points), 1.370s)
2026-03-18 19:52:18,258 [INFO] core.cycle_fsm: Cabin 25: COLLECTING -> PROCESSING (angle 280.2бу reached end 276.0бу (4 points), 1.362s)
2026-03-18 19:52:18,272 [INFO] core.cycle_fsm: Cabin 24: COLLECTING -> PROCESSING (angle 276.1бу reached end 276.0бу (4 points), 1.333s)
2026-03-18 19:52:18,284 [INFO] core.cycle_fsm: Cabin 23: COLLECTING -> PROCESSING (angle 276.3бу reached end 276.0бу (4 points), 1.313s)
2026-03-18 19:52:18,298 [INFO] core.cycle_fsm: Cabin 22: COLLECTING -> PROCESSING (angle 278.0бу reached end 276.0бу (4 points), 1.306s)
2026-03-18 19:52:18,311 [INFO] core.cycle_fsm: Cabin 21: COLLECTING -> PROCESSING (angle 278.4бу reached end 276.0бу (4 points), 1.267s)
2026-03-18 19:52:18,322 [INFO] core.cycle_fsm: Cabin 20: COLLECTING -> PROCESSING (angle 278.7бу reached end 276.0бу (4 points), 1.257s)
2026-03-18 19:52:18,339 [INFO] pipeline.processing_loop: Cabin 1: OK (prob=0.9304, conf=0.9304, points=4, 1.3ms)
2026-03-18 19:52:18,356 [INFO] pipeline.processing_loop: Cabin 2: LEAK (prob=0.0006, conf=0.9994, points=4, 1.7ms)
2026-03-18 19:52:18,372 [INFO] pipeline.processing_loop: Cabin 3: OK (prob=1.0000, conf=1.0000, points=4, 1.5ms)
2026-03-18 19:52:18,390 [INFO] pipeline.processing_loop: Cabin 4: LEAK (prob=0.0219, conf=0.9781, points=4, 2.5ms)
2026-03-18 19:52:18,421 [INFO] pipeline.processing_loop: Cabin 5: NO_BOTTLE (max=2.0 < 50.0, points=4)
2026-03-18 19:52:18,452 [INFO] pipeline.processing_loop: Cabin 6: LEAK (prob=0.0047, conf=0.9953, points=4, 1.4ms)
2026-03-18 19:52:18,471 [INFO] pipeline.processing_loop: Cabin 7: OK (prob=0.9803, conf=0.9803, points=4, 1.4ms)
2026-03-18 19:52:18,490 [INFO] pipeline.processing_loop: Cabin 8: LEAK (prob=0.0193, conf=0.9807, points=4, 1.6ms)
2026-03-18 19:52:18,507 [INFO] pipeline.processing_loop: Cabin 9: OK (prob=1.0000, conf=1.0000, points=4, 1.4ms)
2026-03-18 19:52:18,522 [INFO] pipeline.processing_loop: Cabin 10: NO_BOTTLE (max=4.2 < 50.0, points=4)
2026-03-18 19:52:18,539 [INFO] pipeline.processing_loop: Cabin 11: OK (prob=0.9601, conf=0.9601, points=4, 1.3ms)
2026-03-18 19:52:18,559 [INFO] pipeline.processing_loop: Cabin 12: LEAK (prob=0.0066, conf=0.9934, points=4, 2.5ms)
2026-03-18 19:52:18,576 [INFO] pipeline.processing_loop: Cabin 13: OK (prob=0.8405, conf=0.8405, points=4, 1.3ms)
2026-03-18 19:52:18,593 [INFO] pipeline.processing_loop: Cabin 14: LEAK (prob=0.0017, conf=0.9983, points=4, 1.2ms)
2026-03-18 19:52:18,608 [INFO] pipeline.processing_loop: Cabin 15: NO_BOTTLE (max=3.1 < 50.0, points=4)
2026-03-18 19:52:18,625 [INFO] pipeline.processing_loop: Cabin 16: LEAK (prob=0.0006, conf=0.9994, points=4, 1.5ms)
2026-03-18 19:52:18,643 [INFO] pipeline.processing_loop: Cabin 17: OK (prob=0.9902, conf=0.9902, points=4, 1.5ms)
2026-03-18 19:52:18,661 [INFO] pipeline.processing_loop: Cabin 18: LEAK (prob=0.0024, conf=0.9976, points=4, 1.5ms)
2026-03-18 19:52:18,679 [INFO] pipeline.processing_loop: Cabin 19: OK (prob=0.7307, conf=0.7307, points=4, 1.5ms)
2026-03-18 19:52:18,696 [INFO] pipeline.processing_loop: Cabin 20: NO_BOTTLE (max=3.3 < 50.0, points=4)
2026-03-18 19:52:18,717 [INFO] pipeline.processing_loop: Cabin 21: OK (prob=0.9728, conf=0.9728, points=4, 1.5ms)
2026-03-18 19:52:18,734 [INFO] pipeline.processing_loop: Cabin 22: LEAK (prob=0.0002, conf=0.9998, points=4, 1.3ms)
2026-03-18 19:52:18,753 [INFO] pipeline.processing_loop: Cabin 23: OK (prob=0.9998, conf=0.9998, points=4, 1.6ms)
2026-03-18 19:52:18,770 [INFO] pipeline.processing_loop: Cabin 24: LEAK (prob=0.0008, conf=0.9992, points=4, 1.3ms)
2026-03-18 19:52:18,787 [INFO] pipeline.processing_loop: Cabin 25: NO_BOTTLE (max=3.3 < 50.0, points=4)
2026-03-18 19:52:18,854 [INFO] core.cycle_fsm: Cabin 2: IDLE -> COLLECTING (angle 101.2бу crossed 100.0бу)
2026-03-18 19:52:18,869 [INFO] core.cycle_fsm: Cabin 1: IDLE -> COLLECTING (angle 103.6бу crossed 100.0бу)
2026-03-18 19:52:18,882 [INFO] core.cycle_fsm: Cabin 25: IDLE -> COLLECTING (angle 101.5бу crossed 100.0бу)
2026-03-18 19:52:18,895 [INFO] core.cycle_fsm: Cabin 24: IDLE -> COLLECTING (angle 100.0бу crossed 100.0бу)
2026-03-18 19:52:18,909 [INFO] core.cycle_fsm: Cabin 23: IDLE -> COLLECTING (angle 102.5бу crossed 100.0бу)
2026-03-18 19:52:18,922 [INFO] core.cycle_fsm: Cabin 22: IDLE -> COLLECTING (angle 100.5бу crossed 100.0бу)
2026-03-18 19:52:18,937 [INFO] core.cycle_fsm: Cabin 21: IDLE -> COLLECTING (angle 100.5бу crossed 100.0бу)
2026-03-18 19:52:18,950 [INFO] core.cycle_fsm: Cabin 20: IDLE -> COLLECTING (angle 104.5бу crossed 100.0бу)
2026-03-18 19:52:18,963 [INFO] core.cycle_fsm: Cabin 19: IDLE -> COLLECTING (angle 102.4бу crossed 100.0бу)
2026-03-18 19:52:18,976 [INFO] core.cycle_fsm: Cabin 18: IDLE -> COLLECTING (angle 103.6бу crossed 100.0бу)
2026-03-18 19:52:18,992 [INFO] core.cycle_fsm: Cabin 17: IDLE -> COLLECTING (angle 100.7бу crossed 100.0бу)
2026-03-18 19:52:19,008 [INFO] core.cycle_fsm: Cabin 16: IDLE -> COLLECTING (angle 101.4бу crossed 100.0бу)
2026-03-18 19:52:19,023 [INFO] core.cycle_fsm: Cabin 15: IDLE -> COLLECTING (angle 103.2бу crossed 100.0бу)
2026-03-18 19:52:19,037 [INFO] core.cycle_fsm: Cabin 2: COLLECTING -> PROCESSING (angle 276.9бу reached end 276.0бу (4 points), 1.438s)
2026-03-18 19:52:19,053 [INFO] core.cycle_fsm: Cabin 14: IDLE -> COLLECTING (angle 105.2бу crossed 100.0бу)
2026-03-18 19:52:19,068 [INFO] core.cycle_fsm: Cabin 1: COLLECTING -> PROCESSING (angle 280.4бу reached end 276.0бу (4 points), 1.436s)
2026-03-18 19:52:19,082 [INFO] core.cycle_fsm: Cabin 13: IDLE -> COLLECTING (angle 100.1бу crossed 100.0бу)
2026-03-18 19:52:19,096 [INFO] core.cycle_fsm: Cabin 25: COLLECTING -> PROCESSING (angle 277.4бу reached end 276.0бу (4 points), 1.443s)
2026-03-18 19:52:19,112 [INFO] core.cycle_fsm: Cabin 24: COLLECTING -> PROCESSING (angle 276.8бу reached end 276.0бу (4 points), 1.427s)
2026-03-18 19:52:19,126 [INFO] core.cycle_fsm: Cabin 12: IDLE -> COLLECTING (angle 104.3бу crossed 100.0бу)
2026-03-18 19:52:19,139 [INFO] core.cycle_fsm: Cabin 11: IDLE -> COLLECTING (angle 104.2бу crossed 100.0бу)
2026-03-18 19:52:19,153 [INFO] core.cycle_fsm: Cabin 10: IDLE -> COLLECTING (angle 100.5бу crossed 100.0бу)
2026-03-18 19:52:19,168 [INFO] core.cycle_fsm: Cabin 23: COLLECTING -> PROCESSING (angle 278.4бу reached end 276.0бу (4 points), 1.425s)
2026-03-18 19:52:19,187 [INFO] core.cycle_fsm: Cabin 22: COLLECTING -> PROCESSING (angle 276.6бу reached end 276.0бу (4 points), 1.418s)
2026-03-18 19:52:19,213 [INFO] core.cycle_fsm: Cabin 9: IDLE -> COLLECTING (angle 101.9бу crossed 100.0бу)
2026-03-18 19:52:19,301 [INFO] core.cycle_fsm: Cabin 21: COLLECTING -> PROCESSING (angle 276.7бу reached end 276.0бу (4 points), 1.511s)
2026-03-18 19:52:19,317 [INFO] core.cycle_fsm: Cabin 8: IDLE -> COLLECTING (angle 103.7бу crossed 100.0бу)
2026-03-18 19:52:19,330 [INFO] core.cycle_fsm: Cabin 20: COLLECTING -> PROCESSING (angle 280.9бу reached end 276.0бу (4 points), 1.507s)
2026-03-18 19:52:19,344 [INFO] core.cycle_fsm: Cabin 7: IDLE -> COLLECTING (angle 100.2бу crossed 100.0бу)
2026-03-18 19:52:19,358 [INFO] core.cycle_fsm: Cabin 19: COLLECTING -> PROCESSING (angle 279.6бу reached end 276.0бу (4 points), 1.504s)
2026-03-18 19:52:19,374 [INFO] core.cycle_fsm: Cabin 6: IDLE -> COLLECTING (angle 104.7бу crossed 100.0бу)
2026-03-18 19:52:19,386 [INFO] core.cycle_fsm: Cabin 5: IDLE -> COLLECTING (angle 100.7бу crossed 100.0бу)
2026-03-18 19:52:19,400 [INFO] core.cycle_fsm: Cabin 18: COLLECTING -> PROCESSING (angle 280.8бу reached end 276.0бу (4 points), 1.502s)
2026-03-18 19:52:19,412 [INFO] core.cycle_fsm: Cabin 4: IDLE -> COLLECTING (angle 102.7бу crossed 100.0бу)
2026-03-18 19:52:19,425 [INFO] core.cycle_fsm: Cabin 17: COLLECTING -> PROCESSING (angle 278.3бу reached end 276.0бу (4 points), 1.506s)
2026-03-18 19:52:19,438 [INFO] core.cycle_fsm: Cabin 16: COLLECTING -> PROCESSING (angle 279.7бу reached end 276.0бу (4 points), 1.497s)
2026-03-18 19:52:19,451 [INFO] core.cycle_fsm: Cabin 3: IDLE -> COLLECTING (angle 100.3бу crossed 100.0бу)
2026-03-18 19:52:19,463 [INFO] core.cycle_fsm: Cabin 15: COLLECTING -> PROCESSING (angle 277.5бу reached end 276.0бу (4 points), 1.491s)
2026-03-18 19:52:19,475 [INFO] core.cycle_fsm: Cabin 14: COLLECTING -> PROCESSING (angle 276.8бу reached end 276.0бу (4 points), 1.471s)
2026-03-18 19:52:19,488 [INFO] core.cycle_fsm: Cabin 13: COLLECTING -> PROCESSING (angle 276.2бу reached end 276.0бу (4 points), 1.452s)
2026-03-18 19:52:19,501 [INFO] core.cycle_fsm: Cabin 11: COLLECTING -> PROCESSING (angle 276.1бу reached end 276.0бу (4 points), 1.412s)
2026-03-18 19:52:19,513 [INFO] core.cycle_fsm: Cabin 12: COLLECTING -> PROCESSING (angle 279.9бу reached end 276.0бу (4 points), 1.434s)
2026-03-18 19:52:19,527 [INFO] core.cycle_fsm: Cabin 10: COLLECTING -> PROCESSING (angle 277.8бу reached end 276.0бу (4 points), 1.426s)
2026-03-18 19:52:19,539 [INFO] core.cycle_fsm: Cabin 9: COLLECTING -> PROCESSING (angle 280.1бу reached end 276.0бу (4 points), 1.395s)
2026-03-18 19:52:19,553 [INFO] core.cycle_fsm: Cabin 8: COLLECTING -> PROCESSING (angle 280.6бу reached end 276.0бу (4 points), 1.377s)
2026-03-18 19:52:19,565 [INFO] core.cycle_fsm: Cabin 7: COLLECTING -> PROCESSING (angle 277.9бу reached end 276.0бу (4 points), 1.358s)
2026-03-18 19:52:19,578 [INFO] core.cycle_fsm: Cabin 6: COLLECTING -> PROCESSING (angle 276.9бу reached end 276.0бу (4 points), 1.349s)
2026-03-18 19:52:19,592 [INFO] core.cycle_fsm: Cabin 5: COLLECTING -> PROCESSING (angle 279.0бу reached end 276.0бу (4 points), 1.342s)
2026-03-18 19:52:19,602 [INFO] core.cycle_fsm: Cabin 4: COLLECTING -> PROCESSING (angle 279.0бу reached end 276.0бу (4 points), 1.320s)
2026-03-18 19:52:19,615 [INFO] core.cycle_fsm: Cabin 3: COLLECTING -> PROCESSING (angle 279.8бу reached end 276.0бу (4 points), 1.301s)
2026-03-18 19:52:19,631 [INFO] pipeline.processing_loop: Cabin 1: OK (prob=0.9977, conf=0.9977, points=4, 1.4ms)
2026-03-18 19:52:19,649 [INFO] pipeline.processing_loop: Cabin 2: LEAK (prob=0.0006, conf=0.9994, points=4, 1.9ms)
2026-03-18 19:52:19,668 [INFO] pipeline.processing_loop: Cabin 3: OK (prob=0.9803, conf=0.9803, points=4, 1.7ms)
2026-03-18 19:52:19,687 [INFO] pipeline.processing_loop: Cabin 4: LEAK (prob=0.0005, conf=0.9995, points=4, 1.6ms)
2026-03-18 19:52:19,702 [INFO] pipeline.processing_loop: Cabin 5: NO_BOTTLE (max=2.6 < 50.0, points=4)
2026-03-18 19:52:19,723 [INFO] pipeline.processing_loop: Cabin 6: LEAK (prob=0.0266, conf=0.9734, points=4, 1.5ms)
2026-03-18 19:52:19,739 [INFO] pipeline.processing_loop: Cabin 7: OK (prob=0.9998, conf=0.9998, points=4, 1.5ms)
2026-03-18 19:52:19,756 [INFO] pipeline.processing_loop: Cabin 8: LEAK (prob=0.0026, conf=0.9974, points=4, 1.5ms)
2026-03-18 19:52:19,773 [INFO] pipeline.processing_loop: Cabin 9: OK (prob=0.7810, conf=0.7810, points=4, 1.5ms)
2026-03-18 19:52:19,790 [INFO] pipeline.processing_loop: Cabin 10: NO_BOTTLE (max=5.6 < 50.0, points=4)
2026-03-18 19:52:19,810 [INFO] pipeline.processing_loop: Cabin 11: OK (prob=0.8152, conf=0.8152, points=4, 1.3ms)
2026-03-18 19:52:19,826 [INFO] pipeline.processing_loop: Cabin 12: LEAK (prob=0.0053, conf=0.9947, points=4, 1.3ms)
2026-03-18 19:52:19,843 [INFO] pipeline.processing_loop: Cabin 13: OK (prob=0.9737, conf=0.9737, points=4, 1.6ms)
2026-03-18 19:52:19,859 [INFO] pipeline.processing_loop: Cabin 14: LEAK (prob=0.0041, conf=0.9959, points=4, 1.9ms)
2026-03-18 19:52:19,876 [INFO] pipeline.processing_loop: Cabin 15: NO_BOTTLE (max=3.5 < 50.0, points=4)
2026-03-18 19:52:19,892 [INFO] pipeline.processing_loop: Cabin 16: LEAK (prob=0.0060, conf=0.9940, points=4, 1.6ms)
2026-03-18 19:52:19,908 [INFO] pipeline.processing_loop: Cabin 17: OK (prob=0.9138, conf=0.9138, points=4, 1.4ms)
2026-03-18 19:52:19,926 [INFO] pipeline.processing_loop: Cabin 18: LEAK (prob=0.0001, conf=0.9999, points=4, 1.6ms)
2026-03-18 19:52:19,943 [INFO] pipeline.processing_loop: Cabin 19: OK (prob=0.9138, conf=0.9138, points=4, 1.5ms)
2026-03-18 19:52:19,959 [INFO] pipeline.processing_loop: Cabin 20: NO_BOTTLE (max=3.4 < 50.0, points=4)
2026-03-18 19:52:19,975 [INFO] pipeline.processing_loop: Cabin 21: OK (prob=0.6386, conf=0.6386, points=4, 1.5ms)
2026-03-18 19:52:19,994 [INFO] pipeline.processing_loop: Cabin 22: LEAK (prob=0.0019, conf=0.9981, points=4, 1.5ms)
2026-03-18 19:52:20,012 [INFO] pipeline.processing_loop: Cabin 23: OK (prob=0.6135, conf=0.6135, points=4, 1.8ms)
2026-03-18 19:52:20,028 [INFO] pipeline.processing_loop: Cabin 24: LEAK (prob=0.0018, conf=0.9982, points=4, 1.4ms)
2026-03-18 19:52:20,043 [INFO] pipeline.processing_loop: Cabin 25: NO_BOTTLE (max=3.0 < 50.0, points=4)
2026-03-18 19:52:20,110 [INFO] core.cycle_fsm: Cabin 9: IDLE -> COLLECTING (angle 103.3бу crossed 100.0бу)
2026-03-18 19:52:20,124 [INFO] core.cycle_fsm: Cabin 8: IDLE -> COLLECTING (angle 102.2бу crossed 100.0бу)
2026-03-18 19:52:20,136 [INFO] core.cycle_fsm: Cabin 7: IDLE -> COLLECTING (angle 103.2бу crossed 100.0бу)
2026-03-18 19:52:20,149 [INFO] core.cycle_fsm: Cabin 6: IDLE -> COLLECTING (angle 104.3бу crossed 100.0бу)
2026-03-18 19:52:20,162 [INFO] core.cycle_fsm: Cabin 5: IDLE -> COLLECTING (angle 100.8бу crossed 100.0бу)
2026-03-18 19:52:20,173 [INFO] core.cycle_fsm: Cabin 4: IDLE -> COLLECTING (angle 104.3бу crossed 100.0бу)
2026-03-18 19:52:20,189 [INFO] core.cycle_fsm: Cabin 3: IDLE -> COLLECTING (angle 102.5бу crossed 100.0бу)
2026-03-18 19:52:20,204 [INFO] core.cycle_fsm: Cabin 2: IDLE -> COLLECTING (angle 101.8бу crossed 100.0бу)
2026-03-18 19:52:20,218 [INFO] core.cycle_fsm: Cabin 1: IDLE -> COLLECTING (angle 104.2бу crossed 100.0бу)
2026-03-18 19:52:20,234 [INFO] core.cycle_fsm: Cabin 25: IDLE -> COLLECTING (angle 103.0бу crossed 100.0бу)
2026-03-18 19:52:20,248 [INFO] core.cycle_fsm: Cabin 24: IDLE -> COLLECTING (angle 101.2бу crossed 100.0бу)
2026-03-18 19:52:20,262 [INFO] core.cycle_fsm: Cabin 23: IDLE -> COLLECTING (angle 104.2бу crossed 100.0бу)
2026-03-18 19:52:20,275 [INFO] core.cycle_fsm: Cabin 9: COLLECTING -> PROCESSING (angle 278.6бу reached end 276.0бу (4 points), 1.387s)
2026-03-18 19:52:20,287 [INFO] core.cycle_fsm: Cabin 22: IDLE -> COLLECTING (angle 100.3бу crossed 100.0бу)
2026-03-18 19:52:20,303 [INFO] core.cycle_fsm: Cabin 8: COLLECTING -> PROCESSING (angle 278.4бу reached end 276.0бу (4 points), 1.383s)
2026-03-18 19:52:20,317 [INFO] core.cycle_fsm: Cabin 21: IDLE -> COLLECTING (angle 101.9бу crossed 100.0бу)
2026-03-18 19:52:20,331 [INFO] core.cycle_fsm: Cabin 20: IDLE -> COLLECTING (angle 100.4бу crossed 100.0бу)
2026-03-18 19:52:20,345 [INFO] core.cycle_fsm: Cabin 6: COLLECTING -> PROCESSING (angle 276.5бу reached end 276.0бу (4 points), 1.371s)
2026-03-18 19:52:20,361 [INFO] core.cycle_fsm: Cabin 7: COLLECTING -> PROCESSING (angle 280.1бу reached end 276.0бу (4 points), 1.397s)
2026-03-18 19:52:20,376 [INFO] core.cycle_fsm: Cabin 19: IDLE -> COLLECTING (angle 103.2бу crossed 100.0бу)
2026-03-18 19:52:20,390 [INFO] core.cycle_fsm: Cabin 5: COLLECTING -> PROCESSING (angle 278.0бу reached end 276.0бу (4 points), 1.395s)
2026-03-18 19:52:20,406 [INFO] core.cycle_fsm: Cabin 18: IDLE -> COLLECTING (angle 100.1бу crossed 100.0бу)
2026-03-18 19:52:20,421 [INFO] core.cycle_fsm: Cabin 4: COLLECTING -> PROCESSING (angle 276.5бу reached end 276.0бу (4 points), 1.383s)
2026-03-18 19:52:20,436 [INFO] core.cycle_fsm: Cabin 17: IDLE -> COLLECTING (angle 100.2бу crossed 100.0бу)
2026-03-18 19:52:20,451 [INFO] core.cycle_fsm: Cabin 16: IDLE -> COLLECTING (angle 102.3бу crossed 100.0бу)
2026-03-18 19:52:20,466 [INFO] core.cycle_fsm: Cabin 3: COLLECTING -> PROCESSING (angle 279.8бу reached end 276.0бу (4 points), 1.396s)
2026-03-18 19:52:20,481 [INFO] core.cycle_fsm: Cabin 15: IDLE -> COLLECTING (angle 101.3бу crossed 100.0бу)
2026-03-18 19:52:20,495 [INFO] core.cycle_fsm: Cabin 2: COLLECTING -> PROCESSING (angle 277.8бу reached end 276.0бу (4 points), 1.382s)
2026-03-18 19:52:20,511 [INFO] core.cycle_fsm: Cabin 14: IDLE -> COLLECTING (angle 104.2бу crossed 100.0бу)
2026-03-18 19:52:20,526 [INFO] core.cycle_fsm: Cabin 1: COLLECTING -> PROCESSING (angle 279.4бу reached end 276.0бу (4 points), 1.381s)
2026-03-18 19:52:20,542 [INFO] core.cycle_fsm: Cabin 13: IDLE -> COLLECTING (angle 103.9бу crossed 100.0бу)
2026-03-18 19:52:20,557 [INFO] core.cycle_fsm: Cabin 25: COLLECTING -> PROCESSING (angle 280.6бу reached end 276.0бу (4 points), 1.390s)
2026-03-18 19:52:20,571 [INFO] core.cycle_fsm: Cabin 11: IDLE -> COLLECTING (angle 100.7бу crossed 100.0бу)
2026-03-18 19:52:20,584 [INFO] core.cycle_fsm: Cabin 24: COLLECTING -> PROCESSING (angle 278.1бу reached end 276.0бу (4 points), 1.384s)
2026-03-18 19:52:20,599 [INFO] core.cycle_fsm: Cabin 12: IDLE -> COLLECTING (angle 104.6бу crossed 100.0бу)
2026-03-18 19:52:20,634 [INFO] core.cycle_fsm: Cabin 10: IDLE -> COLLECTING (angle 101.7бу crossed 100.0бу)
2026-03-18 19:52:20,645 [INFO] core.cycle_fsm: Cabin 23: COLLECTING -> PROCESSING (angle 277.9бу reached end 276.0бу (4 points), 1.386s)
2026-03-18 19:52:20,658 [INFO] core.cycle_fsm: Cabin 22: COLLECTING -> PROCESSING (angle 276.0бу reached end 276.0бу (4 points), 1.388s)
2026-03-18 19:52:20,671 [INFO] core.cycle_fsm: Cabin 21: COLLECTING -> PROCESSING (angle 278.4бу reached end 276.0бу (4 points), 1.366s)
2026-03-18 19:52:20,684 [INFO] core.cycle_fsm: Cabin 20: COLLECTING -> PROCESSING (angle 278.2бу reached end 276.0бу (4 points), 1.358s)
2026-03-18 19:52:20,698 [INFO] core.cycle_fsm: Cabin 19: COLLECTING -> PROCESSING (angle 280.5бу reached end 276.0бу (4 points), 1.329s)
2026-03-18 19:52:20,713 [INFO] core.cycle_fsm: Cabin 18: COLLECTING -> PROCESSING (angle 277.9бу reached end 276.0бу (4 points), 1.313s)
2026-03-18 19:52:20,727 [INFO] core.cycle_fsm: Cabin 17: COLLECTING -> PROCESSING (angle 276.6бу reached end 276.0бу (4 points), 1.305s)
2026-03-18 19:52:20,743 [INFO] core.cycle_fsm: Cabin 16: COLLECTING -> PROCESSING (angle 280.9бу reached end 276.0бу (4 points), 1.300s)
2026-03-18 19:52:20,757 [INFO] core.cycle_fsm: Cabin 15: COLLECTING -> PROCESSING (angle 279.3бу reached end 276.0бу (4 points), 1.272s)
2026-03-18 19:52:20,770 [INFO] core.cycle_fsm: Cabin 14: COLLECTING -> PROCESSING (angle 280.7бу reached end 276.0бу (4 points), 1.264s)
2026-03-18 19:52:20,784 [INFO] core.cycle_fsm: Cabin 13: COLLECTING -> PROCESSING (angle 279.7бу reached end 276.0бу (4 points), 1.236s)
2026-03-18 19:52:20,800 [INFO] core.cycle_fsm: Cabin 11: COLLECTING -> PROCESSING (angle 278.4бу reached end 276.0бу (4 points), 1.220s)
2026-03-18 19:52:20,814 [INFO] core.cycle_fsm: Cabin 12: COLLECTING -> PROCESSING (angle 280.9бу reached end 276.0бу (4 points), 1.223s)
2026-03-18 19:52:20,827 [INFO] core.cycle_fsm: Cabin 10: COLLECTING -> PROCESSING (angle 279.4бу reached end 276.0бу (4 points), 1.215s)
2026-03-18 19:52:20,843 [INFO] pipeline.processing_loop: Cabin 1: OK (prob=0.9434, conf=0.9434, points=4, 1.3ms)
2026-03-18 19:52:20,860 [INFO] pipeline.processing_loop: Cabin 2: LEAK (prob=0.0019, conf=0.9981, points=4, 1.5ms)
2026-03-18 19:52:20,876 [INFO] pipeline.processing_loop: Cabin 3: OK (prob=1.0000, conf=1.0000, points=4, 1.9ms)
2026-03-18 19:52:20,895 [INFO] pipeline.processing_loop: Cabin 4: LEAK (prob=0.0118, conf=0.9882, points=4, 2.3ms)
2026-03-18 19:52:20,910 [INFO] pipeline.processing_loop: Cabin 5: NO_BOTTLE (max=3.8 < 50.0, points=4)
2026-03-18 19:52:20,930 [INFO] pipeline.processing_loop: Cabin 6: LEAK (prob=0.0014, conf=0.9986, points=4, 2.3ms)
2026-03-18 19:52:20,949 [INFO] pipeline.processing_loop: Cabin 7: OK (prob=0.9766, conf=0.9766, points=4, 3.1ms)
2026-03-18 19:52:20,974 [INFO] pipeline.processing_loop: Cabin 8: LEAK (prob=0.0034, conf=0.9966, points=4, 3.6ms)
2026-03-18 19:52:21,000 [INFO] pipeline.processing_loop: Cabin 9: OK (prob=1.0000, conf=1.0000, points=4, 5.5ms)
2026-03-18 19:52:21,016 [INFO] pipeline.processing_loop: Cabin 10: NO_BOTTLE (max=2.3 < 50.0, points=4)
2026-03-18 19:52:21,038 [INFO] pipeline.processing_loop: Cabin 11: OK (prob=0.8640, conf=0.8640, points=4, 1.6ms)
2026-03-18 19:52:21,056 [INFO] pipeline.processing_loop: Cabin 12: LEAK (prob=0.0009, conf=0.9991, points=4, 1.4ms)
2026-03-18 19:52:21,074 [INFO] pipeline.processing_loop: Cabin 13: OK (prob=0.9543, conf=0.9543, points=4, 1.4ms)
2026-03-18 19:52:21,091 [INFO] pipeline.processing_loop: Cabin 14: LEAK (prob=0.0025, conf=0.9975, points=4, 1.6ms)
2026-03-18 19:52:21,106 [INFO] pipeline.processing_loop: Cabin 15: NO_BOTTLE (max=5.1 < 50.0, points=4)
2026-03-18 19:52:21,124 [INFO] pipeline.processing_loop: Cabin 16: LEAK (prob=0.0005, conf=0.9995, points=4, 1.4ms)
2026-03-18 19:52:21,140 [INFO] pipeline.processing_loop: Cabin 17: OK (prob=0.4487, conf=0.4487, points=4, 1.3ms)
2026-03-18 19:52:21,156 [INFO] pipeline.processing_loop: Cabin 18: LEAK (prob=0.0057, conf=0.9943, points=4, 1.4ms)
2026-03-18 19:52:21,174 [INFO] pipeline.processing_loop: Cabin 19: OK (prob=0.7458, conf=0.7458, points=4, 1.4ms)
2026-03-18 19:52:21,189 [INFO] pipeline.processing_loop: Cabin 20: NO_BOTTLE (max=3.1 < 50.0, points=4)
2026-03-18 19:52:21,211 [INFO] pipeline.processing_loop: Cabin 21: OK (prob=0.9266, conf=0.9266, points=4, 1.5ms)
2026-03-18 19:52:21,235 [INFO] pipeline.processing_loop: Cabin 22: LEAK (prob=0.0002, conf=0.9998, points=4, 1.9ms)
2026-03-18 19:52:21,256 [INFO] pipeline.processing_loop: Cabin 23: OK (prob=0.8856, conf=0.8856, points=4, 1.5ms)
2026-03-18 19:52:21,279 [INFO] pipeline.processing_loop: Cabin 24: LEAK (prob=0.0002, conf=0.9998, points=4, 1.6ms)
2026-03-18 19:52:21,296 [INFO] pipeline.processing_loop: Cabin 25: NO_BOTTLE (max=2.5 < 50.0, points=4)
2026-03-18 19:52:21,369 [INFO] core.cycle_fsm: Cabin 18: IDLE -> COLLECTING (angle 103.9бу crossed 100.0бу)
2026-03-18 19:52:21,383 [INFO] core.cycle_fsm: Cabin 17: IDLE -> COLLECTING (angle 104.5бу crossed 100.0бу)
2026-03-18 19:52:21,397 [INFO] core.cycle_fsm: Cabin 16: IDLE -> COLLECTING (angle 102.1бу crossed 100.0бу)
2026-03-18 19:52:21,412 [INFO] core.cycle_fsm: Cabin 15: IDLE -> COLLECTING (angle 104.4бу crossed 100.0бу)
2026-03-18 19:52:21,427 [INFO] core.cycle_fsm: Cabin 14: IDLE -> COLLECTING (angle 101.1бу crossed 100.0бу)
2026-03-18 19:52:21,440 [INFO] core.cycle_fsm: Cabin 13: IDLE -> COLLECTING (angle 101.3бу crossed 100.0бу)
2026-03-18 19:52:21,452 [INFO] core.cycle_fsm: Cabin 11: IDLE -> COLLECTING (angle 104.2бу crossed 100.0бу)
2026-03-18 19:52:21,466 [INFO] core.cycle_fsm: Cabin 12: IDLE -> COLLECTING (angle 103.8бу crossed 100.0бу)
2026-03-18 19:52:21,482 [INFO] core.cycle_fsm: Cabin 10: IDLE -> COLLECTING (angle 100.5бу crossed 100.0бу)
2026-03-18 19:52:21,494 [INFO] core.cycle_fsm: Cabin 9: IDLE -> COLLECTING (angle 101.1бу crossed 100.0бу)
2026-03-18 19:52:21,508 [INFO] core.cycle_fsm: Cabin 8: IDLE -> COLLECTING (angle 104.6бу crossed 100.0бу)
2026-03-18 19:52:21,521 [INFO] core.cycle_fsm: Cabin 7: IDLE -> COLLECTING (angle 103.2бу crossed 100.0бу)
2026-03-18 19:52:21,533 [INFO] core.cycle_fsm: Cabin 6: IDLE -> COLLECTING (angle 102.9бу crossed 100.0бу)
2026-03-18 19:52:21,546 [INFO] core.cycle_fsm: Cabin 5: IDLE -> COLLECTING (angle 102.0бу crossed 100.0бу)
2026-03-18 19:52:21,560 [INFO] core.cycle_fsm: Cabin 18: COLLECTING -> PROCESSING (angle 278.7бу reached end 276.0бу (4 points), 1.411s)
2026-03-18 19:52:21,574 [INFO] core.cycle_fsm: Cabin 17: COLLECTING -> PROCESSING (angle 276.1бу reached end 276.0бу (4 points), 1.404s)
2026-03-18 19:52:21,587 [INFO] core.cycle_fsm: Cabin 4: IDLE -> COLLECTING (angle 104.7бу crossed 100.0бу)
2026-03-18 19:52:21,601 [INFO] core.cycle_fsm: Cabin 16: COLLECTING -> PROCESSING (angle 277.9бу reached end 276.0бу (4 points), 1.421s)
2026-03-18 19:52:21,614 [INFO] core.cycle_fsm: Cabin 3: IDLE -> COLLECTING (angle 103.7бу crossed 100.0бу)
2026-03-18 19:52:21,629 [INFO] core.cycle_fsm: Cabin 15: COLLECTING -> PROCESSING (angle 276.3бу reached end 276.0бу (4 points), 1.396s)
2026-03-18 19:52:21,645 [INFO] core.cycle_fsm: Cabin 2: IDLE -> COLLECTING (angle 101.1бу crossed 100.0бу)
2026-03-18 19:52:21,657 [INFO] core.cycle_fsm: Cabin 14: COLLECTING -> PROCESSING (angle 277.9бу reached end 276.0бу (4 points), 1.412s)
2026-03-18 19:52:21,670 [INFO] core.cycle_fsm: Cabin 1: IDLE -> COLLECTING (angle 104.8бу crossed 100.0бу)
2026-03-18 19:52:21,682 [INFO] core.cycle_fsm: Cabin 13: COLLECTING -> PROCESSING (angle 278.7бу reached end 276.0бу (4 points), 1.396s)
2026-03-18 19:52:21,697 [INFO] core.cycle_fsm: Cabin 25: IDLE -> COLLECTING (angle 104.0бу crossed 100.0бу)
2026-03-18 19:52:21,711 [INFO] core.cycle_fsm: Cabin 11: COLLECTING -> PROCESSING (angle 276.7бу reached end 276.0бу (4 points), 1.382s)
2026-03-18 19:52:21,724 [INFO] core.cycle_fsm: Cabin 12: COLLECTING -> PROCESSING (angle 279.1бу reached end 276.0бу (4 points), 1.395s)
2026-03-18 19:52:21,738 [INFO] core.cycle_fsm: Cabin 24: IDLE -> COLLECTING (angle 104.5бу crossed 100.0бу)
2026-03-18 19:52:21,751 [INFO] core.cycle_fsm: Cabin 10: COLLECTING -> PROCESSING (angle 278.2бу reached end 276.0бу (4 points), 1.400s)
2026-03-18 19:52:21,765 [INFO] core.cycle_fsm: Cabin 23: IDLE -> COLLECTING (angle 102.0бу crossed 100.0бу)
2026-03-18 19:52:21,777 [INFO] core.cycle_fsm: Cabin 9: COLLECTING -> PROCESSING (angle 276.6бу reached end 276.0бу (4 points), 1.384s)
2026-03-18 19:52:21,789 [INFO] core.cycle_fsm: Cabin 22: IDLE -> COLLECTING (angle 101.0бу crossed 100.0бу)
2026-03-18 19:52:21,802 [INFO] core.cycle_fsm: Cabin 8: COLLECTING -> PROCESSING (angle 281.1бу reached end 276.0бу (4 points), 1.377s)
2026-03-18 19:52:21,814 [INFO] core.cycle_fsm: Cabin 21: IDLE -> COLLECTING (angle 104.6бу crossed 100.0бу)
2026-03-18 19:52:21,827 [INFO] core.cycle_fsm: Cabin 20: IDLE -> COLLECTING (angle 103.2бу crossed 100.0бу)
2026-03-18 19:52:21,843 [INFO] core.cycle_fsm: Cabin 7: COLLECTING -> PROCESSING (angle 280.8бу reached end 276.0бу (4 points), 1.386s)
2026-03-18 19:52:21,860 [INFO] core.cycle_fsm: Cabin 6: COLLECTING -> PROCESSING (angle 280.0бу reached end 276.0бу (4 points), 1.393s)
2026-03-18 19:52:21,875 [INFO] core.cycle_fsm: Cabin 19: IDLE -> COLLECTING (angle 101.0бу crossed 100.0бу)
2026-03-18 19:52:21,891 [INFO] core.cycle_fsm: Cabin 5: COLLECTING -> PROCESSING (angle 278.9бу reached end 276.0бу (4 points), 1.392s)
2026-03-18 19:52:21,904 [INFO] core.cycle_fsm: Cabin 4: COLLECTING -> PROCESSING (angle 277.2бу reached end 276.0бу (4 points), 1.373s)
2026-03-18 19:52:21,917 [INFO] core.cycle_fsm: Cabin 3: COLLECTING -> PROCESSING (angle 276.4бу reached end 276.0бу (4 points), 1.342s)
2026-03-18 19:52:21,930 [INFO] core.cycle_fsm: Cabin 2: COLLECTING -> PROCESSING (angle 278.3бу reached end 276.0бу (4 points), 1.323s)
2026-03-18 19:52:21,943 [INFO] core.cycle_fsm: Cabin 1: COLLECTING -> PROCESSING (angle 276.6бу reached end 276.0бу (4 points), 1.294s)
2026-03-18 19:52:21,957 [INFO] core.cycle_fsm: Cabin 25: COLLECTING -> PROCESSING (angle 276.8бу reached end 276.0бу (4 points), 1.287s)
2026-03-18 19:52:21,970 [INFO] core.cycle_fsm: Cabin 24: COLLECTING -> PROCESSING (angle 276.3бу reached end 276.0бу (4 points), 1.269s)
2026-03-18 19:52:21,983 [INFO] core.cycle_fsm: Cabin 23: COLLECTING -> PROCESSING (angle 277.7бу reached end 276.0бу (4 points), 1.249s)
2026-03-18 19:52:21,994 [INFO] core.cycle_fsm: Cabin 22: COLLECTING -> PROCESSING (angle 276.5бу reached end 276.0бу (4 points), 1.239s)
2026-03-18 19:52:22,008 [INFO] core.cycle_fsm: Cabin 21: COLLECTING -> PROCESSING (angle 277.4бу reached end 276.0бу (4 points), 1.222s)
2026-03-18 19:52:22,019 [INFO] core.cycle_fsm: Cabin 20: COLLECTING -> PROCESSING (angle 276.2бу reached end 276.0бу (4 points), 1.212s)
2026-03-18 19:52:22,033 [INFO] core.cycle_fsm: Cabin 19: COLLECTING -> PROCESSING (angle 277.5бу reached end 276.0бу (4 points), 1.194s)
2026-03-18 19:52:22,048 [INFO] pipeline.processing_loop: Cabin 1: OK (prob=0.9379, conf=0.9379, points=4, 2.2ms)
2026-03-18 19:52:22,069 [INFO] pipeline.processing_loop: Cabin 2: LEAK (prob=0.0007, conf=0.9993, points=4, 2.3ms)
2026-03-18 19:52:22,090 [INFO] pipeline.processing_loop: Cabin 3: OK (prob=0.9913, conf=0.9913, points=4, 1.4ms)
2026-03-18 19:52:22,110 [INFO] pipeline.processing_loop: Cabin 4: LEAK (prob=0.0012, conf=0.9988, points=4, 1.6ms)
2026-03-18 19:52:22,127 [INFO] pipeline.processing_loop: Cabin 5: NO_BOTTLE (max=5.5 < 50.0, points=4)
2026-03-18 19:52:22,151 [INFO] pipeline.processing_loop: Cabin 6: LEAK (prob=0.0016, conf=0.9984, points=4, 3.3ms)
2026-03-18 19:52:22,172 [INFO] pipeline.processing_loop: Cabin 7: OK (prob=1.0000, conf=1.0000, points=4, 1.9ms)
2026-03-18 19:52:22,190 [INFO] pipeline.processing_loop: Cabin 8: LEAK (prob=0.0034, conf=0.9966, points=4, 1.2ms)
2026-03-18 19:52:22,212 [INFO] pipeline.processing_loop: Cabin 9: OK (prob=0.9806, conf=0.9806, points=4, 2.0ms)
2026-03-18 19:52:22,227 [INFO] pipeline.processing_loop: Cabin 10: NO_BOTTLE (max=4.8 < 50.0, points=4)
2026-03-18 19:52:22,245 [INFO] pipeline.processing_loop: Cabin 11: OK (prob=0.7820, conf=0.7820, points=4, 1.3ms)
2026-03-18 19:52:22,266 [INFO] pipeline.processing_loop: Cabin 12: LEAK (prob=0.0051, conf=0.9949, points=4, 2.5ms)
2026-03-18 19:52:22,288 [INFO] pipeline.processing_loop: Cabin 13: OK (prob=0.9128, conf=0.9128, points=4, 1.8ms)
2026-03-18 19:52:22,335 [INFO] pipeline.processing_loop: Cabin 14: LEAK (prob=0.0050, conf=0.9950, points=4, 6.9ms)
2026-03-18 19:52:22,375 [INFO] pipeline.processing_loop: Cabin 15: NO_BOTTLE (max=3.0 < 50.0, points=4)
2026-03-18 19:52:22,394 [INFO] pipeline.processing_loop: Cabin 16: LEAK (prob=0.0016, conf=0.9984, points=4, 1.6ms)
2026-03-18 19:52:22,412 [INFO] pipeline.processing_loop: Cabin 17: OK (prob=1.0000, conf=1.0000, points=4, 1.4ms)
2026-03-18 19:52:22,429 [INFO] pipeline.processing_loop: Cabin 18: LEAK (prob=0.0016, conf=0.9984, points=4, 1.4ms)
2026-03-18 19:52:22,446 [INFO] pipeline.processing_loop: Cabin 19: OK (prob=0.7820, conf=0.7820, points=4, 1.4ms)
2026-03-18 19:52:22,461 [INFO] pipeline.processing_loop: Cabin 20: NO_BOTTLE (max=3.2 < 50.0, points=4)
2026-03-18 19:52:22,478 [INFO] pipeline.processing_loop: Cabin 21: OK (prob=0.9371, conf=0.9371, points=4, 1.5ms)
2026-03-18 19:52:22,495 [INFO] pipeline.processing_loop: Cabin 22: LEAK (prob=0.0007, conf=0.9993, points=4, 1.6ms)
2026-03-18 19:52:22,512 [INFO] pipeline.processing_loop: Cabin 23: OK (prob=0.9170, conf=0.9170, points=4, 1.5ms)
2026-03-18 19:52:22,529 [INFO] pipeline.processing_loop: Cabin 24: LEAK (prob=0.0020, conf=0.9980, points=4, 1.3ms)
2026-03-18 19:52:22,544 [INFO] pipeline.processing_loop: Cabin 25: NO_BOTTLE (max=3.2 < 50.0, points=4)
2026-03-18 19:52:22,613 [INFO] core.cycle_fsm: Cabin 1: IDLE -> COLLECTING (angle 103.6бу crossed 100.0бу)
2026-03-18 19:52:22,627 [INFO] core.cycle_fsm: Cabin 25: IDLE -> COLLECTING (angle 104.7бу crossed 100.0бу)
2026-03-18 19:52:22,641 [INFO] core.cycle_fsm: Cabin 24: IDLE -> COLLECTING (angle 104.7бу crossed 100.0бу)
2026-03-18 19:52:22,654 [INFO] core.cycle_fsm: Cabin 23: IDLE -> COLLECTING (angle 100.2бу crossed 100.0бу)
2026-03-18 19:52:22,668 [INFO] core.cycle_fsm: Cabin 22: IDLE -> COLLECTING (angle 102.5бу crossed 100.0бу)
2026-03-18 19:52:22,681 [INFO] core.cycle_fsm: Cabin 21: IDLE -> COLLECTING (angle 100.5бу crossed 100.0бу)
2026-03-18 19:52:22,693 [INFO] core.cycle_fsm: Cabin 20: IDLE -> COLLECTING (angle 102.4бу crossed 100.0бу)
2026-03-18 19:52:22,706 [INFO] core.cycle_fsm: Cabin 19: IDLE -> COLLECTING (angle 104.5бу crossed 100.0бу)
2026-03-18 19:52:22,722 [INFO] core.cycle_fsm: Cabin 18: IDLE -> COLLECTING (angle 103.9бу crossed 100.0бу)
2026-03-18 19:52:22,734 [INFO] core.cycle_fsm: Cabin 17: IDLE -> COLLECTING (angle 100.4бу crossed 100.0бу)
2026-03-18 19:52:22,749 [INFO] core.cycle_fsm: Cabin 16: IDLE -> COLLECTING (angle 104.8бу crossed 100.0бу)
2026-03-18 19:52:22,762 [INFO] core.cycle_fsm: Cabin 15: IDLE -> COLLECTING (angle 101.3бу crossed 100.0бу)
2026-03-18 19:52:22,775 [INFO] core.cycle_fsm: Cabin 14: IDLE -> COLLECTING (angle 103.5бу crossed 100.0бу)
2026-03-18 19:52:22,787 [INFO] core.cycle_fsm: Cabin 1: COLLECTING -> PROCESSING (angle 280.3бу reached end 276.0бу (4 points), 1.397s)
2026-03-18 19:52:22,799 [INFO] core.cycle_fsm: Cabin 13: IDLE -> COLLECTING (angle 103.3бу crossed 100.0бу)
2026-03-18 19:52:22,814 [INFO] core.cycle_fsm: Cabin 25: COLLECTING -> PROCESSING (angle 280.0бу reached end 276.0бу (4 points), 1.401s)
2026-03-18 19:52:22,828 [INFO] core.cycle_fsm: Cabin 11: IDLE -> COLLECTING (angle 101.5бу crossed 100.0бу)
2026-03-18 19:52:22,842 [INFO] core.cycle_fsm: Cabin 12: IDLE -> COLLECTING (angle 100.6бу crossed 100.0бу)
2026-03-18 19:52:22,855 [INFO] core.cycle_fsm: Cabin 24: COLLECTING -> PROCESSING (angle 281.2бу reached end 276.0бу (4 points), 1.412s)
2026-03-18 19:52:22,870 [INFO] core.cycle_fsm: Cabin 10: IDLE -> COLLECTING (angle 100.6бу crossed 100.0бу)
2026-03-18 19:52:22,885 [INFO] core.cycle_fsm: Cabin 23: COLLECTING -> PROCESSING (angle 276.3бу reached end 276.0бу (4 points), 1.410s)
2026-03-18 19:52:22,896 [INFO] core.cycle_fsm: Cabin 22: COLLECTING -> PROCESSING (angle 279.3бу reached end 276.0бу (4 points), 1.390s)
2026-03-18 19:52:22,911 [INFO] core.cycle_fsm: Cabin 9: IDLE -> COLLECTING (angle 101.6бу crossed 100.0бу)
2026-03-18 19:52:22,928 [INFO] core.cycle_fsm: Cabin 21: COLLECTING -> PROCESSING (angle 276.6бу reached end 276.0бу (4 points), 1.411s)
2026-03-18 19:52:22,942 [INFO] core.cycle_fsm: Cabin 8: IDLE -> COLLECTING (angle 103.5бу crossed 100.0бу)
2026-03-18 19:52:22,956 [INFO] core.cycle_fsm: Cabin 20: COLLECTING -> PROCESSING (angle 278.6бу reached end 276.0бу (4 points), 1.408s)
2026-03-18 19:52:22,971 [INFO] core.cycle_fsm: Cabin 7: IDLE -> COLLECTING (angle 104.3бу crossed 100.0бу)
2026-03-18 19:52:22,985 [INFO] core.cycle_fsm: Cabin 6: IDLE -> COLLECTING (angle 102.2бу crossed 100.0бу)
2026-03-18 19:52:22,998 [INFO] core.cycle_fsm: Cabin 19: COLLECTING -> PROCESSING (angle 281.2бу reached end 276.0бу (4 points), 1.407s)
2026-03-18 19:52:23,010 [INFO] core.cycle_fsm: Cabin 5: IDLE -> COLLECTING (angle 104.7бу crossed 100.0бу)
2026-03-18 19:52:23,026 [INFO] core.cycle_fsm: Cabin 18: COLLECTING -> PROCESSING (angle 280.1бу reached end 276.0бу (4 points), 1.392s)
2026-03-18 19:52:23,038 [INFO] core.cycle_fsm: Cabin 4: IDLE -> COLLECTING (angle 104.9бу crossed 100.0бу)
2026-03-18 19:52:23,051 [INFO] core.cycle_fsm: Cabin 17: COLLECTING -> PROCESSING (angle 277.0бу reached end 276.0бу (4 points), 1.407s)
2026-03-18 19:52:23,065 [INFO] core.cycle_fsm: Cabin 16: COLLECTING -> PROCESSING (angle 276.2бу reached end 276.0бу (4 points), 1.399s)
2026-03-18 19:52:23,079 [INFO] core.cycle_fsm: Cabin 3: IDLE -> COLLECTING (angle 101.6бу crossed 100.0бу)
2026-03-18 19:52:23,091 [INFO] core.cycle_fsm: Cabin 15: COLLECTING -> PROCESSING (angle 279.8бу reached end 276.0бу (4 points), 1.383s)
2026-03-18 19:52:23,106 [INFO] core.cycle_fsm: Cabin 14: COLLECTING -> PROCESSING (angle 280.1бу reached end 276.0бу (4 points), 1.387s)
2026-03-18 19:52:23,118 [INFO] core.cycle_fsm: Cabin 2: IDLE -> COLLECTING (angle 103.2бу crossed 100.0бу)
2026-03-18 19:52:23,132 [INFO] core.cycle_fsm: Cabin 13: COLLECTING -> PROCESSING (angle 276.7бу reached end 276.0бу (4 points), 1.361s)
2026-03-18 19:52:23,144 [INFO] core.cycle_fsm: Cabin 11: COLLECTING -> PROCESSING (angle 279.0бу reached end 276.0бу (4 points), 1.342s)
2026-03-18 19:52:23,158 [INFO] core.cycle_fsm: Cabin 12: COLLECTING -> PROCESSING (angle 277.3бу reached end 276.0бу (4 points), 1.356s)
2026-03-18 19:52:23,171 [INFO] core.cycle_fsm: Cabin 10: COLLECTING -> PROCESSING (angle 280.4бу reached end 276.0бу (4 points), 1.346s)
2026-03-18 19:52:23,187 [INFO] core.cycle_fsm: Cabin 9: COLLECTING -> PROCESSING (angle 278.0бу reached end 276.0бу (4 points), 1.308s)
2026-03-18 19:52:23,201 [INFO] core.cycle_fsm: Cabin 8: COLLECTING -> PROCESSING (angle 279.9бу reached end 276.0бу (4 points), 1.301s)
2026-03-18 19:52:23,213 [INFO] core.cycle_fsm: Cabin 7: COLLECTING -> PROCESSING (angle 277.3бу reached end 276.0бу (4 points), 1.271s)
2026-03-18 19:52:23,226 [INFO] core.cycle_fsm: Cabin 6: COLLECTING -> PROCESSING (angle 278.4бу reached end 276.0бу (4 points), 1.273s)
2026-03-18 19:52:23,238 [INFO] core.cycle_fsm: Cabin 5: COLLECTING -> PROCESSING (angle 276.5бу reached end 276.0бу (4 points), 1.254s)
2026-03-18 19:52:23,251 [INFO] core.cycle_fsm: Cabin 4: COLLECTING -> PROCESSING (angle 277.2бу reached end 276.0бу (4 points), 1.246s)
2026-03-18 19:52:23,264 [INFO] core.cycle_fsm: Cabin 3: COLLECTING -> PROCESSING (angle 278.0бу reached end 276.0бу (4 points), 1.216s)
2026-03-18 19:52:23,278 [INFO] core.cycle_fsm: Cabin 2: COLLECTING -> PROCESSING (angle 280.4бу reached end 276.0бу (4 points), 1.187s)
2026-03-18 19:52:23,300 [INFO] pipeline.processing_loop: Cabin 1: OK (prob=0.9924, conf=0.9924, points=4, 6.1ms)
2026-03-18 19:52:23,341 [INFO] pipeline.processing_loop: Cabin 2: LEAK (prob=0.0072, conf=0.9928, points=4, 3.9ms)
2026-03-18 19:52:23,366 [INFO] pipeline.processing_loop: Cabin 3: OK (prob=0.9998, conf=0.9998, points=4, 1.8ms)
2026-03-18 19:52:23,388 [INFO] pipeline.processing_loop: Cabin 4: OK (prob=0.9924, conf=0.9924, points=4, 1.8ms)
2026-03-18 19:52:23,406 [INFO] pipeline.processing_loop: Cabin 5: NO_BOTTLE (max=6.2 < 50.0, points=4)
2026-03-18 19:52:23,424 [INFO] pipeline.processing_loop: Cabin 6: LEAK (prob=0.0514, conf=0.9486, points=4, 1.6ms)
2026-03-18 19:52:23,444 [INFO] pipeline.processing_loop: Cabin 7: OK (prob=1.0000, conf=1.0000, points=4, 2.4ms)
2026-03-18 19:52:23,495 [INFO] pipeline.processing_loop: Cabin 8: LEAK (prob=0.1709, conf=0.8291, points=4, 4.2ms)
2026-03-18 19:52:23,514 [INFO] pipeline.processing_loop: Cabin 9: OK (prob=0.9042, conf=0.9042, points=4, 1.7ms)
2026-03-18 19:52:23,534 [INFO] pipeline.processing_loop: Cabin 10: NO_BOTTLE (max=2.3 < 50.0, points=4)
2026-03-18 19:52:23,554 [INFO] pipeline.processing_loop: Cabin 11: OK (prob=0.9642, conf=0.9642, points=4, 2.8ms)
2026-03-18 19:52:23,573 [INFO] pipeline.processing_loop: Cabin 12: LEAK (prob=0.0056, conf=0.9944, points=4, 1.6ms)
2026-03-18 19:52:23,589 [INFO] pipeline.processing_loop: Cabin 13: OK (prob=0.9543, conf=0.9543, points=4, 1.4ms)
2026-03-18 19:52:23,606 [INFO] pipeline.processing_loop: Cabin 14: LEAK (prob=0.0028, conf=0.9972, points=4, 1.3ms)
2026-03-18 19:52:23,623 [INFO] pipeline.processing_loop: Cabin 15: NO_BOTTLE (max=2.9 < 50.0, points=4)
2026-03-18 19:52:23,643 [INFO] pipeline.processing_loop: Cabin 16: LEAK (prob=0.0002, conf=0.9998, points=4, 1.5ms)
2026-03-18 19:52:23,662 [INFO] pipeline.processing_loop: Cabin 17: OK (prob=0.9997, conf=0.9997, points=4, 1.5ms)
2026-03-18 19:52:23,680 [INFO] pipeline.processing_loop: Cabin 18: LEAK (prob=0.0005, conf=0.9995, points=4, 1.3ms)
2026-03-18 19:52:23,697 [INFO] pipeline.processing_loop: Cabin 19: OK (prob=0.6036, conf=0.6036, points=4, 1.6ms)
2026-03-18 19:52:23,712 [INFO] pipeline.processing_loop: Cabin 20: NO_BOTTLE (max=3.4 < 50.0, points=4)
2026-03-18 19:52:23,729 [INFO] pipeline.processing_loop: Cabin 21: OK (prob=0.9999, conf=0.9999, points=4, 1.3ms)
2026-03-18 19:52:23,746 [INFO] pipeline.processing_loop: Cabin 22: LEAK (prob=0.0021, conf=0.9979, points=4, 1.4ms)
2026-03-18 19:52:23,762 [INFO] pipeline.processing_loop: Cabin 23: OK (prob=0.7735, conf=0.7735, points=4, 1.3ms)
2026-03-18 19:52:23,779 [INFO] pipeline.processing_loop: Cabin 24: LEAK (prob=0.0969, conf=0.9031, points=4, 1.3ms)
2026-03-18 19:52:23,794 [INFO] pipeline.processing_loop: Cabin 25: NO_BOTTLE (max=2.2 < 50.0, points=4)
2026-03-18 19:52:23,860 [INFO] core.cycle_fsm: Cabin 9: IDLE -> COLLECTING (angle 100.7бу crossed 100.0бу)
2026-03-18 19:52:23,874 [INFO] core.cycle_fsm: Cabin 8: IDLE -> COLLECTING (angle 101.1бу crossed 100.0бу)
2026-03-18 19:52:23,886 [INFO] core.cycle_fsm: Cabin 7: IDLE -> COLLECTING (angle 103.6бу crossed 100.0бу)
2026-03-18 19:52:23,898 [INFO] core.cycle_fsm: Cabin 6: IDLE -> COLLECTING (angle 104.2бу crossed 100.0бу)
2026-03-18 19:52:23,914 [INFO] core.cycle_fsm: Cabin 5: IDLE -> COLLECTING (angle 103.9бу crossed 100.0бу)
2026-03-18 19:52:23,927 [INFO] core.cycle_fsm: Cabin 4: IDLE -> COLLECTING (angle 103.6бу crossed 100.0бу)
2026-03-18 19:52:23,941 [INFO] core.cycle_fsm: Cabin 3: IDLE -> COLLECTING (angle 100.3бу crossed 100.0бу)
2026-03-18 19:52:23,954 [INFO] core.cycle_fsm: Cabin 2: IDLE -> COLLECTING (angle 102.9бу crossed 100.0бу)
2026-03-18 19:52:23,966 [INFO] core.cycle_fsm: Cabin 1: IDLE -> COLLECTING (angle 101.2бу crossed 100.0бу)
2026-03-18 19:52:23,980 [INFO] core.cycle_fsm: Cabin 25: IDLE -> COLLECTING (angle 101.2бу crossed 100.0бу)
2026-03-18 19:52:23,994 [INFO] core.cycle_fsm: Cabin 24: IDLE -> COLLECTING (angle 101.8бу crossed 100.0бу)
2026-03-18 19:52:24,007 [INFO] core.cycle_fsm: Cabin 23: IDLE -> COLLECTING (angle 105.0бу crossed 100.0бу)
2026-03-18 19:52:24,022 [INFO] core.cycle_fsm: Cabin 9: COLLECTING -> PROCESSING (angle 277.2бу reached end 276.0бу (4 points), 1.396s)
2026-03-18 19:52:24,035 [INFO] core.cycle_fsm: Cabin 22: IDLE -> COLLECTING (angle 104.8бу crossed 100.0бу)
2026-03-18 19:52:24,048 [INFO] core.cycle_fsm: Cabin 8: COLLECTING -> PROCESSING (angle 277.6бу reached end 276.0бу (4 points), 1.401s)
2026-03-18 19:52:24,061 [INFO] core.cycle_fsm: Cabin 21: IDLE -> COLLECTING (angle 103.1бу crossed 100.0бу)
2026-03-18 19:52:24,075 [INFO] core.cycle_fsm: Cabin 20: IDLE -> COLLECTING (angle 101.7бу crossed 100.0бу)
2026-03-18 19:52:24,092 [INFO] core.cycle_fsm: Cabin 7: COLLECTING -> PROCESSING (angle 280.9бу reached end 276.0бу (4 points), 1.404s)
2026-03-18 19:52:24,105 [INFO] core.cycle_fsm: Cabin 6: COLLECTING -> PROCESSING (angle 280.4бу reached end 276.0бу (4 points), 1.396s)
2026-03-18 19:52:24,122 [INFO] core.cycle_fsm: Cabin 19: IDLE -> COLLECTING (angle 102.9бу crossed 100.0бу)
2026-03-18 19:52:24,136 [INFO] core.cycle_fsm: Cabin 5: COLLECTING -> PROCESSING (angle 280.7бу reached end 276.0бу (4 points), 1.406s)
2026-03-18 19:52:24,152 [INFO] core.cycle_fsm: Cabin 4: COLLECTING -> PROCESSING (angle 276.5бу reached end 276.0бу (4 points), 1.400s)
2026-03-18 19:52:24,163 [INFO] core.cycle_fsm: Cabin 18: IDLE -> COLLECTING (angle 104.5бу crossed 100.0бу)
2026-03-18 19:52:24,176 [INFO] core.cycle_fsm: Cabin 17: IDLE -> COLLECTING (angle 102.4бу crossed 100.0бу)
2026-03-18 19:52:24,190 [INFO] core.cycle_fsm: Cabin 16: IDLE -> COLLECTING (angle 102.4бу crossed 100.0бу)
2026-03-18 19:52:24,203 [INFO] core.cycle_fsm: Cabin 3: COLLECTING -> PROCESSING (angle 278.0бу reached end 276.0бу (4 points), 1.410s)
2026-03-18 19:52:24,216 [INFO] core.cycle_fsm: Cabin 2: COLLECTING -> PROCESSING (angle 276.5бу reached end 276.0бу (4 points), 1.380s)
2026-03-18 19:52:24,228 [INFO] core.cycle_fsm: Cabin 14: IDLE -> COLLECTING (angle 103.6бу crossed 100.0бу)
2026-03-18 19:52:24,242 [INFO] core.cycle_fsm: Cabin 15: IDLE -> COLLECTING (angle 104.5бу crossed 100.0бу)
2026-03-18 19:52:24,255 [INFO] core.cycle_fsm: Cabin 1: COLLECTING -> PROCESSING (angle 277.0бу reached end 276.0бу (4 points), 1.387s)
2026-03-18 19:52:24,268 [INFO] core.cycle_fsm: Cabin 13: IDLE -> COLLECTING (angle 100.1бу crossed 100.0бу)
2026-03-18 19:52:24,281 [INFO] core.cycle_fsm: Cabin 25: COLLECTING -> PROCESSING (angle 279.0бу reached end 276.0бу (4 points), 1.392s)
2026-03-18 19:52:24,293 [INFO] core.cycle_fsm: Cabin 24: COLLECTING -> PROCESSING (angle 279.8бу reached end 276.0бу (4 points), 1.372s)
2026-03-18 19:52:24,308 [INFO] core.cycle_fsm: Cabin 11: IDLE -> COLLECTING (angle 105.1бу crossed 100.0бу)
2026-03-18 19:52:24,322 [INFO] core.cycle_fsm: Cabin 12: IDLE -> COLLECTING (angle 102.8бу crossed 100.0бу)
2026-03-18 19:52:24,336 [INFO] core.cycle_fsm: Cabin 10: IDLE -> COLLECTING (angle 102.4бу crossed 100.0бу)
2026-03-18 19:52:24,351 [INFO] core.cycle_fsm: Cabin 23: COLLECTING -> PROCESSING (angle 280.3бу reached end 276.0бу (4 points), 1.378s)
2026-03-18 19:52:24,366 [INFO] core.cycle_fsm: Cabin 22: COLLECTING -> PROCESSING (angle 276.8бу reached end 276.0бу (4 points), 1.372s)
2026-03-18 19:52:24,397 [INFO] root: Shutting down...
2026-03-18 19:52:24,398 [INFO] pipeline.processing_loop: ProcessingLoop stopped
2026-03-18 19:52:34,429 [INFO] core.polling_engine: PollingEngine stopped
2026-03-18 19:52:34,893 [INFO] root: Shutdown complete.
2026-03-18 19:52:34,914 [INFO] root: Shutting down...
2026-03-18 19:52:34,933 [INFO] pipeline.processing_loop: ProcessingLoop stopped
2026-03-18 19:52:44,966 [INFO] core.polling_engine: PollingEngine stopped
2026-03-18 19:52:44,981 [INFO] root: Shutdown complete.
2026-03-18 19:53:15,021 [INFO] root: ============================================================
2026-03-18 19:53:15,022 [INFO] root: Ldpj_backend v2.5 starting (mode=mock)
2026-03-18 19:53:15,023 [INFO] root: ============================================================
2026-03-18 19:53:15,024 [INFO] core.polling_engine: MockPLC: 26 cabins, types={'NO_BOTTLE': 6, 'OK': 10, 'LEAK': 10}
2026-03-18 19:53:15,025 [INFO] core.polling_engine: MockPLC connected (cabin_count=26)
2026-03-18 19:53:15,028 [INFO] core.polling_engine: PollingEngine started (interval=10ms)
2026-03-18 19:53:15,028 [INFO] core.cycle_fsm: CycleFSMManager: 25 FSMs for Cabin[1]~[25] (trigger=100бу, points=36, interval=100ms)
2026-03-18 19:53:17,730 [INFO] models.supervised_xgb: Model loaded: version=none, path=D:\projects\ldporj_bsys_test\models\artifacts\current\xgb_model.json
2026-03-18 19:53:17,739 [INFO] storage.database_logger: Database initialised: ldpj_data.db
2026-03-18 19:53:17,745 [INFO] integration.api_server: API server started on 0.0.0.0:8000
2026-03-18 19:53:17,747 [INFO] pipeline.processing_loop: ProcessingLoop started
2026-03-18 19:53:17,750 [INFO] root: System ready. Entering main loop...
2026-03-18 19:53:17,752 [INFO] core.cycle_fsm: Cabin 6: IDLE -> COLLECTING (angle 102.0бу crossed 100.0бу)
2026-03-18 19:53:17,753 [INFO] core.cycle_fsm: Cabin 5: IDLE -> COLLECTING (angle 102.9бу crossed 100.0бу)
2026-03-18 19:53:17,755 [INFO] core.cycle_fsm: Cabin 4: IDLE -> COLLECTING (angle 104.1бу crossed 100.0бу)
2026-03-18 19:53:17,757 [INFO] core.cycle_fsm: Cabin 3: IDLE -> COLLECTING (angle 100.6бу crossed 100.0бу)
2026-03-18 19:53:17,758 [INFO] core.cycle_fsm: Cabin 2: IDLE -> COLLECTING (angle 102.0бу crossed 100.0бу)
2026-03-18 19:53:17,761 [INFO] core.cycle_fsm: Cabin 1: IDLE -> COLLECTING (angle 101.6бу crossed 100.0бу)
2026-03-18 19:53:17,763 [INFO] core.cycle_fsm: Cabin 25: IDLE -> COLLECTING (angle 105.1бу crossed 100.0бу)
2026-03-18 19:53:17,764 [INFO] core.cycle_fsm: Cabin 24: IDLE -> COLLECTING (angle 100.1бу crossed 100.0бу)
2026-03-18 19:53:17,767 [INFO] core.cycle_fsm: Cabin 23: IDLE -> COLLECTING (angle 100.2бу crossed 100.0бу)
2026-03-18 19:53:17,772 [INFO] core.cycle_fsm: Cabin 22: IDLE -> COLLECTING (angle 101.7бу crossed 100.0бу)
2026-03-18 19:53:17,772 [INFO] core.cycle_fsm: Cabin 21: IDLE -> COLLECTING (angle 103.0бу crossed 100.0бу)
2026-03-18 19:53:17,775 [INFO] core.cycle_fsm: Cabin 20: IDLE -> COLLECTING (angle 104.4бу crossed 100.0бу)
2026-03-18 19:53:17,776 [INFO] core.cycle_fsm: Cabin 6: COLLECTING -> PROCESSING (angle 278.7бу reached end 276.0бу (4 points), 2.727s)
2026-03-18 19:53:17,778 [INFO] core.cycle_fsm: Cabin 19: IDLE -> COLLECTING (angle 104.9бу crossed 100.0бу)
2026-03-18 19:53:17,779 [INFO] core.cycle_fsm: Cabin 18: IDLE -> COLLECTING (angle 101.8бу crossed 100.0бу)
2026-03-18 19:53:17,781 [INFO] core.cycle_fsm: Cabin 5: COLLECTING -> PROCESSING (angle 279.7бу reached end 276.0бу (4 points), 2.700s)
2026-03-18 19:53:17,783 [INFO] core.cycle_fsm: Cabin 17: IDLE -> COLLECTING (angle 103.3бу crossed 100.0бу)
2026-03-18 19:53:17,785 [INFO] core.cycle_fsm: Cabin 4: COLLECTING -> PROCESSING (angle 280.8бу reached end 276.0бу (4 points), 2.672s)
2026-03-18 19:53:17,786 [INFO] core.cycle_fsm: Cabin 3: COLLECTING -> PROCESSING (angle 276.5бу reached end 276.0бу (4 points), 2.652s)
2026-03-18 19:53:17,788 [INFO] core.cycle_fsm: Cabin 16: IDLE -> COLLECTING (angle 104.7бу crossed 100.0бу)
2026-03-18 19:53:17,790 [INFO] core.cycle_fsm: Cabin 2: COLLECTING -> PROCESSING (angle 279.2бу reached end 276.0бу (4 points), 2.614s)
2026-03-18 19:53:17,792 [INFO] core.cycle_fsm: Cabin 15: IDLE -> COLLECTING (angle 103.8бу crossed 100.0бу)
2026-03-18 19:53:17,793 [INFO] core.cycle_fsm: Cabin 14: IDLE -> COLLECTING (angle 100.5бу crossed 100.0бу)
2026-03-18 19:53:17,795 [INFO] core.cycle_fsm: Cabin 1: COLLECTING -> PROCESSING (angle 278.6бу reached end 276.0бу (4 points), 2.575s)
2026-03-18 19:53:17,795 [INFO] core.cycle_fsm: Cabin 13: IDLE -> COLLECTING (angle 102.9бу crossed 100.0бу)
2026-03-18 19:53:17,797 [INFO] core.cycle_fsm: Cabin 25: COLLECTING -> PROCESSING (angle 277.1бу reached end 276.0бу (4 points), 2.536s)
2026-03-18 19:53:17,799 [INFO] core.cycle_fsm: Cabin 12: IDLE -> COLLECTING (angle 105.2бу crossed 100.0бу)
2026-03-18 19:53:17,801 [INFO] core.cycle_fsm: Cabin 24: COLLECTING -> PROCESSING (angle 278.6бу reached end 276.0бу (4 points), 2.519s)
2026-03-18 19:53:17,802 [INFO] core.cycle_fsm: Cabin 11: IDLE -> COLLECTING (angle 104.3бу crossed 100.0бу)
2026-03-18 19:53:17,806 [INFO] core.cycle_fsm: Cabin 23: COLLECTING -> PROCESSING (angle 278.0бу reached end 276.0бу (4 points), 2.491s)
2026-03-18 19:53:17,807 [INFO] core.cycle_fsm: Cabin 10: IDLE -> COLLECTING (angle 100.1бу crossed 100.0бу)
2026-03-18 19:53:17,809 [INFO] core.cycle_fsm: Cabin 22: COLLECTING -> PROCESSING (angle 279.3бу reached end 276.0бу (4 points), 2.461s)
2026-03-18 19:53:17,810 [INFO] core.cycle_fsm: Cabin 9: IDLE -> COLLECTING (angle 100.5бу crossed 100.0бу)
2026-03-18 19:53:17,810 [INFO] core.cycle_fsm: Cabin 21: COLLECTING -> PROCESSING (angle 279.1бу reached end 276.0бу (4 points), 2.429s)
2026-03-18 19:53:17,812 [INFO] core.cycle_fsm: Cabin 8: IDLE -> COLLECTING (angle 104.0бу crossed 100.0бу)
2026-03-18 19:53:17,813 [INFO] core.cycle_fsm: Cabin 20: COLLECTING -> PROCESSING (angle 277.7бу reached end 276.0бу (4 points), 2.400s)
2026-03-18 19:53:17,813 [INFO] core.cycle_fsm: Cabin 7: IDLE -> COLLECTING (angle 104.1бу crossed 100.0бу)
2026-03-18 19:53:17,815 [INFO] core.cycle_fsm: Cabin 19: COLLECTING -> PROCESSING (angle 280.8бу reached end 276.0бу (4 points), 2.371s)
2026-03-18 19:53:17,816 [INFO] core.cycle_fsm: Cabin 18: COLLECTING -> PROCESSING (angle 279.1бу reached end 276.0бу (4 points), 2.350s)
2026-03-18 19:53:17,817 [INFO] core.cycle_fsm: Cabin 17: COLLECTING -> PROCESSING (angle 279.4бу reached end 276.0бу (4 points), 2.320s)
2026-03-18 19:53:17,818 [INFO] core.cycle_fsm: Cabin 16: COLLECTING -> PROCESSING (angle 276.3бу reached end 276.0бу (4 points), 2.290s)
2026-03-18 19:53:17,819 [INFO] core.cycle_fsm: Cabin 15: COLLECTING -> PROCESSING (angle 281.0бу reached end 276.0бу (4 points), 2.232s)
2026-03-18 19:53:17,821 [INFO] core.cycle_fsm: Cabin 14: COLLECTING -> PROCESSING (angle 276.3бу reached end 276.0бу (4 points), 2.212s)
2026-03-18 19:53:17,823 [INFO] core.cycle_fsm: Cabin 13: COLLECTING -> PROCESSING (angle 280.9бу reached end 276.0бу (4 points), 2.182s)
2026-03-18 19:53:17,823 [INFO] core.cycle_fsm: Cabin 12: COLLECTING -> PROCESSING (angle 276.9бу reached end 276.0бу (4 points), 2.147s)
2026-03-18 19:53:17,824 [INFO] core.cycle_fsm: Cabin 11: COLLECTING -> PROCESSING (angle 276.2бу reached end 276.0бу (4 points), 2.116s)
2026-03-18 19:53:17,826 [INFO] core.cycle_fsm: Cabin 10: COLLECTING -> PROCESSING (angle 277.8бу reached end 276.0бу (4 points), 2.095s)
2026-03-18 19:53:17,826 [INFO] core.cycle_fsm: Cabin 9: COLLECTING -> PROCESSING (angle 277.4бу reached end 276.0бу (4 points), 2.064s)
2026-03-18 19:53:17,827 [INFO] core.cycle_fsm: Cabin 8: COLLECTING -> PROCESSING (angle 279.1бу reached end 276.0бу (4 points), 2.034s)
2026-03-18 19:53:17,827 [INFO] core.cycle_fsm: Cabin 7: COLLECTING -> PROCESSING (angle 280.6бу reached end 276.0бу (4 points), 2.003s)
2026-03-18 19:53:17,860 [INFO] pipeline.processing_loop: Cabin 1: OK (prob=1.0000, conf=1.0000, points=4, 2.8ms)
2026-03-18 19:53:17,863 [INFO] pipeline.processing_loop: Cabin 2: LEAK (prob=0.0589, conf=0.9411, points=4, 1.7ms)
2026-03-18 19:53:17,866 [INFO] pipeline.processing_loop: Cabin 3: OK (prob=0.9803, conf=0.9803, points=4, 1.3ms)
2026-03-18 19:53:17,870 [INFO] pipeline.processing_loop: Cabin 4: LEAK (prob=0.0012, conf=0.9988, points=4, 2.9ms)
2026-03-18 19:53:17,871 [INFO] pipeline.processing_loop: Cabin 5: NO_BOTTLE (max=3.2 < 50.0, points=4)
2026-03-18 19:53:17,878 [INFO] pipeline.processing_loop: Cabin 6: LEAK (prob=0.0024, conf=0.9976, points=4, 1.5ms)
2026-03-18 19:53:17,888 [INFO] pipeline.processing_loop: Cabin 7: OK (prob=0.9434, conf=0.9434, points=4, 8.0ms)
2026-03-18 19:53:17,891 [INFO] pipeline.processing_loop: Cabin 8: LEAK (prob=0.0017, conf=0.9983, points=4, 1.9ms)
2026-03-18 19:53:17,900 [INFO] pipeline.processing_loop: Cabin 9: OK (prob=1.0000, conf=1.0000, points=4, 1.4ms)
2026-03-18 19:53:17,902 [INFO] pipeline.processing_loop: Cabin 10: NO_BOTTLE (max=4.0 < 50.0, points=4)
2026-03-18 19:53:17,906 [INFO] pipeline.processing_loop: Cabin 11: OK (prob=1.0000, conf=1.0000, points=4, 2.1ms)
2026-03-18 19:53:17,912 [INFO] pipeline.processing_loop: Cabin 12: LEAK (prob=0.0176, conf=0.9823, points=4, 4.5ms)
2026-03-18 19:53:17,914 [INFO] pipeline.processing_loop: Cabin 13: OK (prob=0.9387, conf=0.9387, points=4, 1.2ms)
2026-03-18 19:53:17,917 [INFO] pipeline.processing_loop: Cabin 14: LEAK (prob=0.0050, conf=0.9950, points=4, 1.1ms)
2026-03-18 19:53:17,919 [INFO] pipeline.processing_loop: Cabin 15: NO_BOTTLE (max=2.1 < 50.0, points=4)
2026-03-18 19:53:17,930 [INFO] pipeline.processing_loop: Cabin 16: LEAK (prob=0.0022, conf=0.9978, points=4, 1.5ms)
2026-03-18 19:53:18,006 [INFO] pipeline.processing_loop: Cabin 17: OK (prob=1.0000, conf=1.0000, points=4, 73.5ms)
2026-03-18 19:53:18,009 [INFO] pipeline.processing_loop: Cabin 18: LEAK (prob=0.0002, conf=0.9998, points=4, 1.1ms)
2026-03-18 19:53:18,011 [INFO] pipeline.processing_loop: Cabin 19: OK (prob=0.9998, conf=0.9998, points=4, 1.1ms)
2026-03-18 19:53:18,013 [INFO] pipeline.processing_loop: Cabin 20: NO_BOTTLE (max=1.9 < 50.0, points=4)
2026-03-18 19:53:18,018 [INFO] pipeline.processing_loop: Cabin 21: OK (prob=0.7816, conf=0.7816, points=4, 2.1ms)
2026-03-18 19:53:18,022 [INFO] pipeline.processing_loop: Cabin 22: LEAK (prob=0.0008, conf=0.9992, points=4, 1.7ms)
2026-03-18 19:53:18,027 [INFO] pipeline.processing_loop: Cabin 23: OK (prob=0.9998, conf=0.9998, points=4, 2.0ms)
2026-03-18 19:53:18,030 [INFO] pipeline.processing_loop: Cabin 24: LEAK (prob=0.0017, conf=0.9983, points=4, 1.4ms)
2026-03-18 19:53:18,031 [INFO] pipeline.processing_loop: Cabin 25: NO_BOTTLE (max=2.7 < 50.0, points=4)
2026-03-18 19:53:18,083 [INFO] core.cycle_fsm: Cabin 23: IDLE -> COLLECTING (angle 100.0бу crossed 100.0бу)
2026-03-18 19:53:18,083 [INFO] core.cycle_fsm: Cabin 22: IDLE -> COLLECTING (angle 100.6бу crossed 100.0бу)
2026-03-18 19:53:18,085 [INFO] core.cycle_fsm: Cabin 21: IDLE -> COLLECTING (angle 103.1бу crossed 100.0бу)
2026-03-18 19:53:18,085 [INFO] core.cycle_fsm: Cabin 20: IDLE -> COLLECTING (angle 102.3бу crossed 100.0бу)
2026-03-18 19:53:18,086 [INFO] core.cycle_fsm: Cabin 19: IDLE -> COLLECTING (angle 103.0бу crossed 100.0бу)
2026-03-18 19:53:18,086 [INFO] core.cycle_fsm: Cabin 18: IDLE -> COLLECTING (angle 104.5бу crossed 100.0бу)
2026-03-18 19:53:18,088 [INFO] core.cycle_fsm: Cabin 17: IDLE -> COLLECTING (angle 102.6бу crossed 100.0бу)
2026-03-18 19:53:18,088 [INFO] core.cycle_fsm: Cabin 16: IDLE -> COLLECTING (angle 103.7бу crossed 100.0бу)
2026-03-18 19:53:18,140 [INFO] core.cycle_fsm: Cabin 15: IDLE -> COLLECTING (angle 100.8бу crossed 100.0бу)
2026-03-18 19:53:18,140 [INFO] core.cycle_fsm: Cabin 14: IDLE -> COLLECTING (angle 103.9бу crossed 100.0бу)
2026-03-18 19:53:18,192 [INFO] core.cycle_fsm: Cabin 13: IDLE -> COLLECTING (angle 100.7бу crossed 100.0бу)
2026-03-18 19:53:18,193 [INFO] core.cycle_fsm: Cabin 12: IDLE -> COLLECTING (angle 104.1бу crossed 100.0бу)
2026-03-18 19:53:18,245 [INFO] core.cycle_fsm: Cabin 11: IDLE -> COLLECTING (angle 104.1бу crossed 100.0бу)
2026-03-18 19:53:18,245 [INFO] core.cycle_fsm: Cabin 23: COLLECTING -> PROCESSING (angle 277.2бу reached end 276.0бу (5 points), 0.451s)
2026-03-18 19:53:18,247 [INFO] core.cycle_fsm: Cabin 10: IDLE -> COLLECTING (angle 104.1бу crossed 100.0бу)
2026-03-18 19:53:18,250 [INFO] pipeline.processing_loop: Cabin 23: OK (prob=0.7505, conf=0.7505, points=5, 1.5ms)
2026-03-18 19:53:18,302 [INFO] core.cycle_fsm: Cabin 22: COLLECTING -> PROCESSING (angle 276.5бу reached end 276.0бу (5 points), 0.474s)
2026-03-18 19:53:18,303 [INFO] core.cycle_fsm: Cabin 9: IDLE -> COLLECTING (angle 101.6бу crossed 100.0бу)
2026-03-18 19:53:18,304 [INFO] core.cycle_fsm: Cabin 21: COLLECTING -> PROCESSING (angle 280.0бу reached end 276.0бу (4 points), 0.445s)
2026-03-18 19:53:18,306 [INFO] pipeline.processing_loop: Cabin 21: OK (prob=0.7388, conf=0.7388, points=4, 1.2ms)
2026-03-18 19:53:18,308 [INFO] pipeline.processing_loop: Cabin 22: LEAK (prob=0.0014, conf=0.9986, points=5, 0.9ms)
2026-03-18 19:53:18,360 [INFO] core.cycle_fsm: Cabin 8: IDLE -> COLLECTING (angle 102.7бу crossed 100.0бу)
2026-03-18 19:53:18,360 [INFO] core.cycle_fsm: Cabin 20: COLLECTING -> PROCESSING (angle 279.3бу reached end 276.0бу (4 points), 0.491s)
2026-03-18 19:53:18,362 [INFO] core.cycle_fsm: Cabin 7: IDLE -> COLLECTING (angle 104.6бу crossed 100.0бу)
2026-03-18 19:53:18,362 [INFO] core.cycle_fsm: Cabin 19: COLLECTING -> PROCESSING (angle 280.1бу reached end 276.0бу (5 points), 0.449s)
2026-03-18 19:53:18,366 [INFO] pipeline.processing_loop: Cabin 19: OK (prob=0.6437, conf=0.6437, points=5, 1.6ms)
2026-03-18 19:53:18,368 [INFO] pipeline.processing_loop: Cabin 20: NO_BOTTLE (max=2.1 < 50.0, points=4)
2026-03-18 19:53:18,420 [INFO] core.cycle_fsm: Cabin 6: IDLE -> COLLECTING (angle 104.3бу crossed 100.0бу)
2026-03-18 19:53:18,420 [INFO] core.cycle_fsm: Cabin 18: COLLECTING -> PROCESSING (angle 280.5бу reached end 276.0бу (4 points), 0.415s)
2026-03-18 19:53:18,420 [INFO] core.cycle_fsm: Cabin 5: IDLE -> COLLECTING (angle 101.5бу crossed 100.0бу)
2026-03-18 19:53:18,422 [INFO] core.cycle_fsm: Cabin 17: COLLECTING -> PROCESSING (angle 279.9бу reached end 276.0бу (4 points), 0.395s)
2026-03-18 19:53:18,422 [INFO] core.cycle_fsm: Cabin 4: IDLE -> COLLECTING (angle 105.0бу crossed 100.0бу)
2026-03-18 19:53:18,425 [INFO] pipeline.processing_loop: Cabin 17: OK (prob=0.8813, conf=0.8813, points=4, 1.2ms)
2026-03-18 19:53:18,428 [INFO] pipeline.processing_loop: Cabin 18: LEAK (prob=0.0015, conf=0.9985, points=4, 1.9ms)
2026-03-18 19:53:18,480 [INFO] core.cycle_fsm: Cabin 16: COLLECTING -> PROCESSING (angle 279.9бу reached end 276.0бу (4 points), 0.411s)
2026-03-18 19:53:18,481 [INFO] core.cycle_fsm: Cabin 3: IDLE -> COLLECTING (angle 101.2бу crossed 100.0бу)
2026-03-18 19:53:18,482 [INFO] core.cycle_fsm: Cabin 15: COLLECTING -> PROCESSING (angle 277.9бу reached end 276.0бу (4 points), 0.391s)
2026-03-18 19:53:18,482 [INFO] core.cycle_fsm: Cabin 2: IDLE -> COLLECTING (angle 101.3бу crossed 100.0бу)
2026-03-18 19:53:18,484 [INFO] core.cycle_fsm: Cabin 14: COLLECTING -> PROCESSING (angle 276.3бу reached end 276.0бу (4 points), 0.361s)
2026-03-18 19:53:18,485 [INFO] pipeline.processing_loop: Cabin 14: LEAK (prob=0.0022, conf=0.9978, points=4, 1.2ms)
2026-03-18 19:53:18,487 [INFO] pipeline.processing_loop: Cabin 15: NO_BOTTLE (max=4.2 < 50.0, points=4)
2026-03-18 19:53:18,490 [INFO] pipeline.processing_loop: Cabin 16: LEAK (prob=0.0002, conf=0.9998, points=4, 1.1ms)
2026-03-18 19:53:18,541 [INFO] core.cycle_fsm: Cabin 1: IDLE -> COLLECTING (angle 104.8бу crossed 100.0бу)
2026-03-18 19:53:18,543 [INFO] core.cycle_fsm: Cabin 13: COLLECTING -> PROCESSING (angle 279.1бу reached end 276.0бу (4 points), 0.400s)
2026-03-18 19:53:18,543 [INFO] core.cycle_fsm: Cabin 25: IDLE -> COLLECTING (angle 103.0бу crossed 100.0бу)
2026-03-18 19:53:18,544 [INFO] core.cycle_fsm: Cabin 12: COLLECTING -> PROCESSING (angle 280.4бу reached end 276.0бу (4 points), 0.370s)
2026-03-18 19:53:18,546 [INFO] pipeline.processing_loop: Cabin 12: LEAK (prob=0.0060, conf=0.9940, points=4, 1.4ms)
2026-03-18 19:53:18,549 [INFO] pipeline.processing_loop: Cabin 13: OK (prob=0.9498, conf=0.9498, points=4, 1.0ms)
2026-03-18 19:53:18,600 [INFO] core.cycle_fsm: Cabin 24: IDLE -> COLLECTING (angle 105.2бу crossed 100.0бу)
2026-03-18 19:53:18,601 [INFO] core.cycle_fsm: Cabin 11: COLLECTING -> PROCESSING (angle 279.3бу reached end 276.0бу (4 points), 0.395s)
2026-03-18 19:53:18,601 [INFO] core.cycle_fsm: Cabin 10: COLLECTING -> PROCESSING (angle 279.8бу reached end 276.0бу (4 points), 0.362s)
2026-03-18 19:53:18,602 [INFO] core.cycle_fsm: Cabin 23: IDLE -> COLLECTING (angle 104.3бу crossed 100.0бу)
2026-03-18 19:53:18,603 [INFO] pipeline.processing_loop: Cabin 10: NO_BOTTLE (max=3.1 < 50.0, points=4)
2026-03-18 19:53:18,606 [INFO] pipeline.processing_loop: Cabin 11: OK (prob=1.0000, conf=1.0000, points=4, 1.1ms)
2026-03-18 19:53:18,657 [INFO] core.cycle_fsm: Cabin 9: COLLECTING -> PROCESSING (angle 277.8бу reached end 276.0бу (4 points), 0.387s)
2026-03-18 19:53:18,657 [INFO] core.cycle_fsm: Cabin 22: IDLE -> COLLECTING (angle 102.9бу crossed 100.0бу)
2026-03-18 19:53:18,659 [INFO] core.cycle_fsm: Cabin 21: IDLE -> COLLECTING (angle 102.2бу crossed 100.0бу)
2026-03-18 19:53:18,662 [INFO] pipeline.processing_loop: Cabin 9: OK (prob=1.0000, conf=1.0000, points=4, 1.2ms)
2026-03-18 19:53:18,713 [INFO] core.cycle_fsm: Cabin 8: COLLECTING -> PROCESSING (angle 279.3бу reached end 276.0бу (4 points), 0.411s)
2026-03-18 19:53:18,713 [INFO] core.cycle_fsm: Cabin 20: IDLE -> COLLECTING (angle 103.0бу crossed 100.0бу)
2026-03-18 19:53:18,715 [INFO] core.cycle_fsm: Cabin 7: COLLECTING -> PROCESSING (angle 280.7бу reached end 276.0бу (4 points), 0.392s)
2026-03-18 19:53:18,717 [INFO] pipeline.processing_loop: Cabin 7: OK (prob=0.9795, conf=0.9795, points=4, 1.2ms)
2026-03-18 19:53:18,719 [INFO] pipeline.processing_loop: Cabin 8: LEAK (prob=0.0014, conf=0.9986, points=4, 1.0ms)
2026-03-18 19:53:18,771 [INFO] core.cycle_fsm: Cabin 19: IDLE -> COLLECTING (angle 102.3бу crossed 100.0бу)
2026-03-18 19:53:18,773 [INFO] core.cycle_fsm: Cabin 6: COLLECTING -> PROCESSING (angle 280.2бу reached end 276.0бу (4 points), 0.407s)
2026-03-18 19:53:18,774 [INFO] core.cycle_fsm: Cabin 18: IDLE -> COLLECTING (angle 103.3бу crossed 100.0бу)
2026-03-18 19:53:18,774 [INFO] core.cycle_fsm: Cabin 5: COLLECTING -> PROCESSING (angle 279.1бу reached end 276.0бу (4 points), 0.387s)
2026-03-18 19:53:18,776 [INFO] core.cycle_fsm: Cabin 17: IDLE -> COLLECTING (angle 101.0бу crossed 100.0бу)
2026-03-18 19:53:18,776 [INFO] core.cycle_fsm: Cabin 4: COLLECTING -> PROCESSING (angle 276.0бу reached end 276.0бу (4 points), 0.357s)
2026-03-18 19:53:18,779 [INFO] pipeline.processing_loop: Cabin 4: LEAK (prob=0.0002, conf=0.9998, points=4, 1.6ms)
2026-03-18 19:53:18,780 [INFO] pipeline.processing_loop: Cabin 5: NO_BOTTLE (max=5.5 < 50.0, points=4)
2026-03-18 19:53:18,784 [INFO] pipeline.processing_loop: Cabin 6: LEAK (prob=0.0005, conf=0.9995, points=4, 1.1ms)
2026-03-18 19:53:18,835 [INFO] core.cycle_fsm: Cabin 3: COLLECTING -> PROCESSING (angle 277.0бу reached end 276.0бу (4 points), 0.395s)
2026-03-18 19:53:18,835 [INFO] core.cycle_fsm: Cabin 16: IDLE -> COLLECTING (angle 102.0бу crossed 100.0бу)
2026-03-18 19:53:18,837 [INFO] core.cycle_fsm: Cabin 2: COLLECTING -> PROCESSING (angle 278.2бу reached end 276.0бу (4 points), 0.376s)
2026-03-18 19:53:18,837 [INFO] core.cycle_fsm: Cabin 15: IDLE -> COLLECTING (angle 100.8бу crossed 100.0бу)
2026-03-18 19:53:18,840 [INFO] pipeline.processing_loop: Cabin 2: OK (prob=0.9855, conf=0.9855, points=4, 1.2ms)
2026-03-18 19:53:18,842 [INFO] pipeline.processing_loop: Cabin 3: OK (prob=1.0000, conf=1.0000, points=4, 1.2ms)
2026-03-18 19:53:18,894 [INFO] core.cycle_fsm: Cabin 1: COLLECTING -> PROCESSING (angle 276.8бу reached end 276.0бу (4 points), 0.390s)
2026-03-18 19:53:18,895 [INFO] core.cycle_fsm: Cabin 14: IDLE -> COLLECTING (angle 101.4бу crossed 100.0бу)
2026-03-18 19:53:18,895 [INFO] core.cycle_fsm: Cabin 13: IDLE -> COLLECTING (angle 101.6бу crossed 100.0бу)
2026-03-18 19:53:18,897 [INFO] core.cycle_fsm: Cabin 25: COLLECTING -> PROCESSING (angle 279.0бу reached end 276.0бу (4 points), 0.372s)
2026-03-18 19:53:18,898 [INFO] pipeline.processing_loop: Cabin 1: OK (prob=0.9978, conf=0.9978, points=4, 1.3ms)
2026-03-18 19:53:18,900 [INFO] pipeline.processing_loop: Cabin 25: NO_BOTTLE (max=5.3 < 50.0, points=4)
2026-03-18 19:53:18,952 [INFO] core.cycle_fsm: Cabin 12: IDLE -> COLLECTING (angle 103.4бу crossed 100.0бу)
2026-03-18 19:53:18,953 [INFO] core.cycle_fsm: Cabin 24: COLLECTING -> PROCESSING (angle 280.7бу reached end 276.0бу (4 points), 0.397s)
2026-03-18 19:53:18,953 [INFO] core.cycle_fsm: Cabin 11: IDLE -> COLLECTING (angle 100.4бу crossed 100.0бу)
2026-03-18 19:53:18,956 [INFO] pipeline.processing_loop: Cabin 24: LEAK (prob=0.0020, conf=0.9980, points=4, 1.2ms)
2026-03-18 19:53:19,008 [INFO] core.cycle_fsm: Cabin 23: COLLECTING -> PROCESSING (angle 279.7бу reached end 276.0бу (4 points), 0.409s)
2026-03-18 19:53:19,008 [INFO] core.cycle_fsm: Cabin 10: IDLE -> COLLECTING (angle 101.1бу crossed 100.0бу)
2026-03-18 19:53:19,010 [INFO] core.cycle_fsm: Cabin 22: COLLECTING -> PROCESSING (angle 280.0бу reached end 276.0бу (4 points), 0.379s)
2026-03-18 19:53:19,011 [INFO] pipeline.processing_loop: Cabin 22: LEAK (prob=0.0019, conf=0.9981, points=4, 1.3ms)
2026-03-18 19:53:19,014 [INFO] pipeline.processing_loop: Cabin 23: OK (prob=0.6309, conf=0.6309, points=4, 0.9ms)
2026-03-18 19:53:19,066 [INFO] core.cycle_fsm: Cabin 9: IDLE -> COLLECTING (angle 103.4бу crossed 100.0бу)
2026-03-18 19:53:19,067 [INFO] core.cycle_fsm: Cabin 21: COLLECTING -> PROCESSING (angle 280.3бу reached end 276.0бу (4 points), 0.415s)
2026-03-18 19:53:19,067 [INFO] core.cycle_fsm: Cabin 20: COLLECTING -> PROCESSING (angle 276.4бу reached end 276.0бу (4 points), 0.394s)
2026-03-18 19:53:19,069 [INFO] core.cycle_fsm: Cabin 8: IDLE -> COLLECTING (angle 100.6бу crossed 100.0бу)
2026-03-18 19:53:19,070 [INFO] core.cycle_fsm: Cabin 7: IDLE -> COLLECTING (angle 102.2бу crossed 100.0бу)
2026-03-18 19:53:19,070 [INFO] pipeline.processing_loop: Cabin 20: NO_BOTTLE (max=4.6 < 50.0, points=4)
2026-03-18 19:53:19,073 [INFO] pipeline.processing_loop: Cabin 21: OK (prob=0.8052, conf=0.8052, points=4, 1.2ms)
2026-03-18 19:53:19,125 [INFO] core.cycle_fsm: Cabin 19: COLLECTING -> PROCESSING (angle 276.8бу reached end 276.0бу (4 points), 0.410s)
2026-03-18 19:53:19,125 [INFO] core.cycle_fsm: Cabin 6: IDLE -> COLLECTING (angle 102.6бу crossed 100.0бу)
2026-03-18 19:53:19,125 [INFO] core.cycle_fsm: Cabin 18: COLLECTING -> PROCESSING (angle 278.4бу reached end 276.0бу (4 points), 0.389s)
2026-03-18 19:53:19,127 [INFO] core.cycle_fsm: Cabin 5: IDLE -> COLLECTING (angle 100.5бу crossed 100.0бу)
2026-03-18 19:53:19,128 [INFO] core.cycle_fsm: Cabin 17: COLLECTING -> PROCESSING (angle 279.5бу reached end 276.0бу (4 points), 0.370s)
2026-03-18 19:53:19,131 [INFO] pipeline.processing_loop: Cabin 17: OK (prob=0.7745, conf=0.7745, points=4, 1.8ms)
2026-03-18 19:53:19,133 [INFO] pipeline.processing_loop: Cabin 18: LEAK (prob=0.0004, conf=0.9996, points=4, 1.5ms)
2026-03-18 19:53:19,136 [INFO] pipeline.processing_loop: Cabin 19: OK (prob=0.6393, conf=0.6393, points=4, 0.9ms)
2026-03-18 19:53:19,187 [INFO] core.cycle_fsm: Cabin 4: IDLE -> COLLECTING (angle 103.4бу crossed 100.0бу)
2026-03-18 19:53:19,188 [INFO] core.cycle_fsm: Cabin 16: COLLECTING -> PROCESSING (angle 279.6бу reached end 276.0бу (4 points), 0.388s)
2026-03-18 19:53:19,189 [INFO] core.cycle_fsm: Cabin 3: IDLE -> COLLECTING (angle 101.7бу crossed 100.0бу)
2026-03-18 19:53:19,189 [INFO] core.cycle_fsm: Cabin 15: COLLECTING -> PROCESSING (angle 278.3бу reached end 276.0бу (4 points), 0.368s)
2026-03-18 19:53:19,192 [INFO] pipeline.processing_loop: Cabin 15: NO_BOTTLE (max=1.8 < 50.0, points=4)
2026-03-18 19:53:19,194 [INFO] pipeline.processing_loop: Cabin 16: LEAK (prob=0.0034, conf=0.9966, points=4, 1.2ms)
2026-03-18 19:53:19,246 [INFO] core.cycle_fsm: Cabin 2: IDLE -> COLLECTING (angle 104.5бу crossed 100.0бу)
2026-03-18 19:53:19,246 [INFO] core.cycle_fsm: Cabin 14: COLLECTING -> PROCESSING (angle 276.7бу reached end 276.0бу (4 points), 0.393s)
2026-03-18 19:53:19,248 [INFO] core.cycle_fsm: Cabin 1: IDLE -> COLLECTING (angle 103.6бу crossed 100.0бу)
2026-03-18 19:53:19,249 [INFO] core.cycle_fsm: Cabin 13: COLLECTING -> PROCESSING (angle 277.8бу reached end 276.0бу (4 points), 0.375s)
2026-03-18 19:53:19,251 [INFO] pipeline.processing_loop: Cabin 13: OK (prob=0.9448, conf=0.9448, points=4, 1.2ms)
2026-03-18 19:53:19,254 [INFO] pipeline.processing_loop: Cabin 14: LEAK (prob=0.0009, conf=0.9991, points=4, 1.0ms)
2026-03-18 19:53:19,305 [INFO] core.cycle_fsm: Cabin 25: IDLE -> COLLECTING (angle 101.4бу crossed 100.0бу)
2026-03-18 19:53:19,306 [INFO] core.cycle_fsm: Cabin 12: COLLECTING -> PROCESSING (angle 280.0бу reached end 276.0бу (4 points), 0.400s)
2026-03-18 19:53:19,307 [INFO] core.cycle_fsm: Cabin 24: IDLE -> COLLECTING (angle 100.8бу crossed 100.0бу)
2026-03-18 19:53:19,307 [INFO] core.cycle_fsm: Cabin 11: COLLECTING -> PROCESSING (angle 277.7бу reached end 276.0бу (4 points), 0.370s)
2026-03-18 19:53:19,310 [INFO] pipeline.processing_loop: Cabin 11: OK (prob=0.9416, conf=0.9416, points=4, 1.4ms)
2026-03-18 19:53:19,314 [INFO] pipeline.processing_loop: Cabin 12: LEAK (prob=0.0044, conf=0.9956, points=4, 1.4ms)
2026-03-18 19:53:19,365 [INFO] core.cycle_fsm: Cabin 10: COLLECTING -> PROCESSING (angle 276.6бу reached end 276.0бу (4 points), 0.396s)
2026-03-18 19:53:19,365 [INFO] core.cycle_fsm: Cabin 23: IDLE -> COLLECTING (angle 101.1бу crossed 100.0бу)
2026-03-18 19:53:19,367 [INFO] core.cycle_fsm: Cabin 22: IDLE -> COLLECTING (angle 101.1бу crossed 100.0бу)
2026-03-18 19:53:19,368 [INFO] pipeline.processing_loop: Cabin 10: NO_BOTTLE (max=3.2 < 50.0, points=4)
2026-03-18 19:53:19,420 [INFO] core.cycle_fsm: Cabin 9: COLLECTING -> PROCESSING (angle 280.7бу reached end 276.0бу (4 points), 0.408s)
2026-03-18 19:53:19,421 [INFO] core.cycle_fsm: Cabin 21: IDLE -> COLLECTING (angle 101.9бу crossed 100.0бу)
2026-03-18 19:53:19,421 [INFO] core.cycle_fsm: Cabin 8: COLLECTING -> PROCESSING (angle 277.4бу reached end 276.0бу (4 points), 0.388s)
2026-03-18 19:53:19,422 [INFO] core.cycle_fsm: Cabin 20: IDLE -> COLLECTING (angle 103.2бу crossed 100.0бу)
2026-03-18 19:53:19,422 [INFO] core.cycle_fsm: Cabin 7: COLLECTING -> PROCESSING (angle 279.3бу reached end 276.0бу (4 points), 0.369s)
2026-03-18 19:53:19,425 [INFO] pipeline.processing_loop: Cabin 7: OK (prob=0.9630, conf=0.9630, points=4, 1.3ms)
2026-03-18 19:53:19,429 [INFO] pipeline.processing_loop: Cabin 8: LEAK (prob=0.0011, conf=0.9989, points=4, 1.8ms)
2026-03-18 19:53:19,432 [INFO] pipeline.processing_loop: Cabin 9: OK (prob=0.7677, conf=0.7677, points=4, 1.7ms)
2026-03-18 19:53:19,484 [INFO] core.cycle_fsm: Cabin 6: COLLECTING -> PROCESSING (angle 278.2бу reached end 276.0бу (4 points), 0.388s)
2026-03-18 19:53:19,484 [INFO] core.cycle_fsm: Cabin 19: IDLE -> COLLECTING (angle 103.4бу crossed 100.0бу)
2026-03-18 19:53:19,486 [INFO] core.cycle_fsm: Cabin 5: COLLECTING -> PROCESSING (angle 278.5бу reached end 276.0бу (4 points), 0.369s)
2026-03-18 19:53:19,486 [INFO] core.cycle_fsm: Cabin 18: IDLE -> COLLECTING (angle 104.2бу crossed 100.0бу)
2026-03-18 19:53:19,487 [INFO] pipeline.processing_loop: Cabin 5: NO_BOTTLE (max=5.4 < 50.0, points=4)
2026-03-18 19:53:19,491 [INFO] pipeline.processing_loop: Cabin 6: LEAK (prob=0.0005, conf=0.9995, points=4, 1.2ms)
2026-03-18 19:53:19,542 [INFO] core.cycle_fsm: Cabin 17: IDLE -> COLLECTING (angle 104.1бу crossed 100.0бу)
2026-03-18 19:53:19,543 [INFO] core.cycle_fsm: Cabin 4: COLLECTING -> PROCESSING (angle 278.9бу reached end 276.0бу (4 points), 0.394s)
2026-03-18 19:53:19,544 [INFO] core.cycle_fsm: Cabin 16: IDLE -> COLLECTING (angle 102.2бу crossed 100.0бу)
2026-03-18 19:53:19,546 [INFO] core.cycle_fsm: Cabin 3: COLLECTING -> PROCESSING (angle 277.5бу reached end 276.0бу (4 points), 0.366s)
2026-03-18 19:53:19,548 [INFO] pipeline.processing_loop: Cabin 3: OK (prob=0.9791, conf=0.9791, points=4, 1.4ms)
2026-03-18 19:53:19,550 [INFO] pipeline.processing_loop: Cabin 4: LEAK (prob=0.0041, conf=0.9959, points=4, 1.5ms)
2026-03-18 19:53:19,603 [INFO] core.cycle_fsm: Cabin 2: COLLECTING -> PROCESSING (angle 276.1бу reached end 276.0бу (4 points), 0.401s)
2026-03-18 19:53:19,603 [INFO] core.cycle_fsm: Cabin 15: IDLE -> COLLECTING (angle 104.7бу crossed 100.0бу)
2026-03-18 19:53:19,604 [INFO] core.cycle_fsm: Cabin 1: COLLECTING -> PROCESSING (angle 280.1бу reached end 276.0бу (4 points), 0.372s)
2026-03-18 19:53:19,604 [INFO] core.cycle_fsm: Cabin 14: IDLE -> COLLECTING (angle 103.5бу crossed 100.0бу)
2026-03-18 19:53:19,606 [INFO] core.cycle_fsm: Cabin 13: IDLE -> COLLECTING (angle 100.0бу crossed 100.0бу)
2026-03-18 19:53:19,609 [INFO] pipeline.processing_loop: Cabin 1: OK (prob=0.9947, conf=0.9947, points=4, 1.5ms)
2026-03-18 19:53:19,612 [INFO] pipeline.processing_loop: Cabin 2: LEAK (prob=0.0005, conf=0.9995, points=4, 1.5ms)
2026-03-18 19:53:19,664 [INFO] core.cycle_fsm: Cabin 25: COLLECTING -> PROCESSING (angle 278.2бу reached end 276.0бу (4 points), 0.410s)
2026-03-18 19:53:19,665 [INFO] core.cycle_fsm: Cabin 12: IDLE -> COLLECTING (angle 104.0бу crossed 100.0бу)
2026-03-18 19:53:19,665 [INFO] core.cycle_fsm: Cabin 24: COLLECTING -> PROCESSING (angle 276.3бу reached end 276.0бу (4 points), 0.380s)
2026-03-18 19:53:19,668 [INFO] pipeline.processing_loop: Cabin 24: LEAK (prob=0.0005, conf=0.9995, points=4, 1.5ms)
2026-03-18 19:53:19,670 [INFO] pipeline.processing_loop: Cabin 25: NO_BOTTLE (max=3.1 < 50.0, points=4)
2026-03-18 19:53:19,722 [INFO] core.cycle_fsm: Cabin 11: IDLE -> COLLECTING (angle 104.1бу crossed 100.0бу)
2026-03-18 19:53:19,724 [INFO] core.cycle_fsm: Cabin 23: COLLECTING -> PROCESSING (angle 279.2бу reached end 276.0бу (4 points), 0.396s)
2026-03-18 19:53:19,724 [INFO] core.cycle_fsm: Cabin 10: IDLE -> COLLECTING (angle 104.8бу crossed 100.0бу)
2026-03-18 19:53:19,725 [INFO] core.cycle_fsm: Cabin 22: COLLECTING -> PROCESSING (angle 277.0бу reached end 276.0бу (4 points), 0.366s)
2026-03-18 19:53:19,727 [INFO] pipeline.processing_loop: Cabin 22: LEAK (prob=0.0019, conf=0.9981, points=4, 1.4ms)
2026-03-18 19:53:19,730 [INFO] pipeline.processing_loop: Cabin 23: OK (prob=0.9349, conf=0.9349, points=4, 1.4ms)
2026-03-18 19:53:19,782 [INFO] core.cycle_fsm: Cabin 9: IDLE -> COLLECTING (angle 102.2бу crossed 100.0бу)
2026-03-18 19:53:19,782 [INFO] core.cycle_fsm: Cabin 21: COLLECTING -> PROCESSING (angle 281.0бу reached end 276.0бу (4 points), 0.402s)
2026-03-18 19:53:19,784 [INFO] core.cycle_fsm: Cabin 20: COLLECTING -> PROCESSING (angle 278.8бу reached end 276.0бу (4 points), 0.382s)
2026-03-18 19:53:19,784 [INFO] core.cycle_fsm: Cabin 8: IDLE -> COLLECTING (angle 103.7бу crossed 100.0бу)
2026-03-18 19:53:19,784 [INFO] core.cycle_fsm: Cabin 7: IDLE -> COLLECTING (angle 102.3бу crossed 100.0бу)
2026-03-18 19:53:19,786 [INFO] pipeline.processing_loop: Cabin 20: NO_BOTTLE (max=3.6 < 50.0, points=4)
2026-03-18 19:53:19,790 [INFO] pipeline.processing_loop: Cabin 21: OK (prob=1.0000, conf=1.0000, points=4, 1.1ms)
2026-03-18 19:53:19,841 [INFO] core.cycle_fsm: Cabin 19: COLLECTING -> PROCESSING (angle 276.4бу reached end 276.0бу (4 points), 0.387s)
2026-03-18 19:53:19,842 [INFO] core.cycle_fsm: Cabin 6: IDLE -> COLLECTING (angle 104.3бу crossed 100.0бу)
2026-03-18 19:53:19,842 [INFO] core.cycle_fsm: Cabin 18: COLLECTING -> PROCESSING (angle 280.4бу reached end 276.0бу (4 points), 0.368s)
2026-03-18 19:53:19,845 [INFO] pipeline.processing_loop: Cabin 18: LEAK (prob=0.0005, conf=0.9995, points=4, 1.3ms)
2026-03-18 19:53:19,847 [INFO] pipeline.processing_loop: Cabin 19: OK (prob=0.9997, conf=0.9997, points=4, 0.9ms)
2026-03-18 19:53:19,899 [INFO] core.cycle_fsm: Cabin 5: IDLE -> COLLECTING (angle 100.3бу crossed 100.0бу)
2026-03-18 19:53:19,899 [INFO] core.cycle_fsm: Cabin 17: COLLECTING -> PROCESSING (angle 276.7бу reached end 276.0бу (4 points), 0.404s)
2026-03-18 19:53:19,901 [INFO] core.cycle_fsm: Cabin 4: IDLE -> COLLECTING (angle 101.1бу crossed 100.0бу)
2026-03-18 19:53:19,901 [INFO] core.cycle_fsm: Cabin 16: COLLECTING -> PROCESSING (angle 280.1бу reached end 276.0бу (4 points), 0.373s)
2026-03-18 19:53:19,904 [INFO] pipeline.processing_loop: Cabin 16: LEAK (prob=0.0006, conf=0.9994, points=4, 1.4ms)
2026-03-18 19:53:19,907 [INFO] pipeline.processing_loop: Cabin 17: OK (prob=0.9999, conf=0.9999, points=4, 1.3ms)
2026-03-18 19:53:19,958 [INFO] core.cycle_fsm: Cabin 3: IDLE -> COLLECTING (angle 100.1бу crossed 100.0бу)
2026-03-18 19:53:19,959 [INFO] core.cycle_fsm: Cabin 15: COLLECTING -> PROCESSING (angle 277.4бу reached end 276.0бу (4 points), 0.400s)
2026-03-18 19:53:19,960 [INFO] core.cycle_fsm: Cabin 2: IDLE -> COLLECTING (angle 104.2бу crossed 100.0бу)
2026-03-18 19:53:19,961 [INFO] core.cycle_fsm: Cabin 14: COLLECTING -> PROCESSING (angle 276.4бу reached end 276.0бу (4 points), 0.370s)
2026-03-18 19:53:19,964 [INFO] pipeline.processing_loop: Cabin 14: LEAK (prob=0.0006, conf=0.9994, points=4, 1.6ms)
2026-03-18 19:53:19,964 [INFO] pipeline.processing_loop: Cabin 15: NO_BOTTLE (max=4.0 < 50.0, points=4)
2026-03-18 19:53:20,016 [INFO] core.cycle_fsm: Cabin 1: IDLE -> COLLECTING (angle 104.3бу crossed 100.0бу)
2026-03-18 19:53:20,017 [INFO] core.cycle_fsm: Cabin 13: COLLECTING -> PROCESSING (angle 281.3бу reached end 276.0бу (4 points), 0.417s)
2026-03-18 19:53:20,017 [INFO] core.cycle_fsm: Cabin 12: COLLECTING -> PROCESSING (angle 280.2бу reached end 276.0бу (4 points), 0.385s)
2026-03-18 19:53:20,017 [INFO] core.cycle_fsm: Cabin 25: IDLE -> COLLECTING (angle 104.4бу crossed 100.0бу)
2026-03-18 19:53:20,021 [INFO] pipeline.processing_loop: Cabin 12: LEAK (prob=0.0099, conf=0.9901, points=4, 1.2ms)
2026-03-18 19:53:20,024 [INFO] pipeline.processing_loop: Cabin 13: OK (prob=0.8700, conf=0.8700, points=4, 1.0ms)
2026-03-18 19:53:20,075 [INFO] core.cycle_fsm: Cabin 24: IDLE -> COLLECTING (angle 103.6бу crossed 100.0бу)
2026-03-18 19:53:20,076 [INFO] core.cycle_fsm: Cabin 11: COLLECTING -> PROCESSING (angle 278.6бу reached end 276.0бу (4 points), 0.400s)
2026-03-18 19:53:20,077 [INFO] core.cycle_fsm: Cabin 10: COLLECTING -> PROCESSING (angle 276.1бу reached end 276.0бу (4 points), 0.370s)
2026-03-18 19:53:20,078 [INFO] core.cycle_fsm: Cabin 23: IDLE -> COLLECTING (angle 102.3бу crossed 100.0бу)
2026-03-18 19:53:20,079 [INFO] pipeline.processing_loop: Cabin 10: NO_BOTTLE (max=3.3 < 50.0, points=4)
2026-03-18 19:53:20,081 [INFO] pipeline.processing_loop: Cabin 11: OK (prob=0.9663, conf=0.9663, points=4, 1.1ms)
2026-03-18 19:53:20,133 [INFO] core.cycle_fsm: Cabin 9: COLLECTING -> PROCESSING (angle 279.5бу reached end 276.0бу (4 points), 0.394s)
2026-03-18 19:53:20,134 [INFO] core.cycle_fsm: Cabin 22: IDLE -> COLLECTING (angle 104.0бу crossed 100.0бу)
2026-03-18 19:53:20,135 [INFO] core.cycle_fsm: Cabin 21: IDLE -> COLLECTING (angle 103.0бу crossed 100.0бу)
2026-03-18 19:53:20,136 [INFO] core.cycle_fsm: Cabin 8: COLLECTING -> PROCESSING (angle 279.1бу reached end 276.0бу (4 points), 0.365s)
2026-03-18 19:53:20,136 [INFO] core.cycle_fsm: Cabin 20: IDLE -> COLLECTING (angle 100.6бу crossed 100.0бу)
2026-03-18 19:53:20,139 [INFO] pipeline.processing_loop: Cabin 8: LEAK (prob=0.0014, conf=0.9986, points=4, 1.4ms)
2026-03-18 19:53:20,140 [INFO] pipeline.processing_loop: Cabin 9: OK (prob=0.9128, conf=0.9128, points=4, 1.2ms)
2026-03-18 19:53:20,192 [INFO] core.cycle_fsm: Cabin 7: COLLECTING -> PROCESSING (angle 278.3бу reached end 276.0бу (4 points), 0.411s)
2026-03-18 19:53:20,194 [INFO] core.cycle_fsm: Cabin 6: COLLECTING -> PROCESSING (angle 277.7бу reached end 276.0бу (4 points), 0.360s)
2026-03-18 19:53:20,195 [INFO] core.cycle_fsm: Cabin 19: IDLE -> COLLECTING (angle 103.2бу crossed 100.0бу)
2026-03-18 19:53:20,198 [INFO] pipeline.processing_loop: Cabin 6: LEAK (prob=0.0012, conf=0.9988, points=4, 1.4ms)
2026-03-18 19:53:20,202 [INFO] pipeline.processing_loop: Cabin 7: OK (prob=0.9609, conf=0.9609, points=4, 1.6ms)
2026-03-18 19:53:20,253 [INFO] core.cycle_fsm: Cabin 5: COLLECTING -> PROCESSING (angle 276.6бу reached end 276.0бу (4 points), 0.408s)
2026-03-18 19:53:20,254 [INFO] core.cycle_fsm: Cabin 18: IDLE -> COLLECTING (angle 102.0бу crossed 100.0бу)
2026-03-18 19:53:20,254 [INFO] core.cycle_fsm: Cabin 17: IDLE -> COLLECTING (angle 104.8бу crossed 100.0бу)
2026-03-18 19:53:20,256 [INFO] core.cycle_fsm: Cabin 4: COLLECTING -> PROCESSING (angle 278.1бу reached end 276.0бу (4 points), 0.379s)
2026-03-18 19:53:20,258 [INFO] pipeline.processing_loop: Cabin 4: LEAK (prob=0.0062, conf=0.9938, points=4, 1.4ms)
2026-03-18 19:53:20,259 [INFO] pipeline.processing_loop: Cabin 5: NO_BOTTLE (max=3.6 < 50.0, points=4)
2026-03-18 19:53:20,311 [INFO] core.cycle_fsm: Cabin 16: IDLE -> COLLECTING (angle 102.2бу crossed 100.0бу)
2026-03-18 19:53:20,312 [INFO] core.cycle_fsm: Cabin 3: COLLECTING -> PROCESSING (angle 276.2бу reached end 276.0бу (4 points), 0.403s)
2026-03-18 19:53:20,312 [INFO] core.cycle_fsm: Cabin 15: IDLE -> COLLECTING (angle 100.2бу crossed 100.0бу)
2026-03-18 19:53:20,313 [INFO] core.cycle_fsm: Cabin 2: COLLECTING -> PROCESSING (angle 280.4бу reached end 276.0бу (4 points), 0.383s)
2026-03-18 19:53:20,316 [INFO] pipeline.processing_loop: Cabin 2: LEAK (prob=0.0085, conf=0.9915, points=4, 1.3ms)
2026-03-18 19:53:20,318 [INFO] pipeline.processing_loop: Cabin 3: OK (prob=0.9803, conf=0.9803, points=4, 1.2ms)
2026-03-18 19:53:20,370 [INFO] core.cycle_fsm: Cabin 1: COLLECTING -> PROCESSING (angle 281.0бу reached end 276.0бу (4 points), 0.408s)
2026-03-18 19:53:20,371 [INFO] core.cycle_fsm: Cabin 14: IDLE -> COLLECTING (angle 104.2бу crossed 100.0бу)
2026-03-18 19:53:20,372 [INFO] core.cycle_fsm: Cabin 13: IDLE -> COLLECTING (angle 102.9бу crossed 100.0бу)
2026-03-18 19:53:20,372 [INFO] core.cycle_fsm: Cabin 25: COLLECTING -> PROCESSING (angle 277.8бу reached end 276.0бу (4 points), 0.378s)
2026-03-18 19:53:20,374 [INFO] core.cycle_fsm: Cabin 12: IDLE -> COLLECTING (angle 101.6бу crossed 100.0бу)
2026-03-18 19:53:20,375 [INFO] pipeline.processing_loop: Cabin 1: OK (prob=1.0000, conf=1.0000, points=4, 1.2ms)
2026-03-18 19:53:20,377 [INFO] pipeline.processing_loop: Cabin 25: NO_BOTTLE (max=2.8 < 50.0, points=4)
2026-03-18 19:53:20,429 [INFO] core.cycle_fsm: Cabin 24: COLLECTING -> PROCESSING (angle 280.8бу reached end 276.0бу (4 points), 0.403s)
2026-03-18 19:53:20,430 [INFO] core.cycle_fsm: Cabin 11: IDLE -> COLLECTING (angle 102.3бу crossed 100.0бу)
2026-03-18 19:53:20,430 [INFO] core.cycle_fsm: Cabin 23: COLLECTING -> PROCESSING (angle 278.5бу reached end 276.0бу (4 points), 0.373s)
2026-03-18 19:53:20,433 [INFO] pipeline.processing_loop: Cabin 23: OK (prob=0.9563, conf=0.9563, points=4, 1.2ms)
2026-03-18 19:53:20,436 [INFO] pipeline.processing_loop: Cabin 24: LEAK (prob=0.0008, conf=0.9992, points=4, 1.1ms)
2026-03-18 19:53:20,487 [INFO] core.cycle_fsm: Cabin 10: IDLE -> COLLECTING (angle 103.2бу crossed 100.0бу)
2026-03-18 19:53:20,488 [INFO] core.cycle_fsm: Cabin 22: COLLECTING -> PROCESSING (angle 279.2бу reached end 276.0бу (4 points), 0.390s)
2026-03-18 19:53:20,489 [INFO] core.cycle_fsm: Cabin 9: IDLE -> COLLECTING (angle 100.8бу crossed 100.0бу)
2026-03-18 19:53:20,490 [INFO] core.cycle_fsm: Cabin 21: COLLECTING -> PROCESSING (angle 280.4бу reached end 276.0бу (4 points), 0.382s)
2026-03-18 19:53:20,492 [INFO] pipeline.processing_loop: Cabin 21: OK (prob=1.0000, conf=1.0000, points=4, 1.2ms)
2026-03-18 19:53:20,494 [INFO] pipeline.processing_loop: Cabin 22: LEAK (prob=0.0019, conf=0.9981, points=4, 1.1ms)
2026-03-18 19:53:20,547 [INFO] core.cycle_fsm: Cabin 20: COLLECTING -> PROCESSING (angle 278.6бу reached end 276.0бу (4 points), 0.417s)
2026-03-18 19:53:20,547 [INFO] core.cycle_fsm: Cabin 8: IDLE -> COLLECTING (angle 100.6бу crossed 100.0бу)
2026-03-18 19:53:20,549 [INFO] core.cycle_fsm: Cabin 7: IDLE -> COLLECTING (angle 105.0бу crossed 100.0бу)
2026-03-18 19:53:20,549 [INFO] core.cycle_fsm: Cabin 19: COLLECTING -> PROCESSING (angle 279.5бу reached end 276.0бу (4 points), 0.366s)
2026-03-18 19:53:20,552 [INFO] pipeline.processing_loop: Cabin 19: OK (prob=0.5424, conf=0.5424, points=4, 1.2ms)
2026-03-18 19:53:20,553 [INFO] pipeline.processing_loop: Cabin 20: NO_BOTTLE (max=4.8 < 50.0, points=4)
2026-03-18 19:53:20,604 [INFO] core.cycle_fsm: Cabin 6: IDLE -> COLLECTING (angle 100.2бу crossed 100.0бу)
2026-03-18 19:53:20,606 [INFO] core.cycle_fsm: Cabin 18: COLLECTING -> PROCESSING (angle 279.7бу reached end 276.0бу (4 points), 0.402s)
2026-03-18 19:53:20,606 [INFO] core.cycle_fsm: Cabin 17: COLLECTING -> PROCESSING (angle 278.1бу reached end 276.0бу (4 points), 0.381s)
2026-03-18 19:53:20,607 [INFO] core.cycle_fsm: Cabin 5: IDLE -> COLLECTING (angle 103.1бу crossed 100.0бу)
2026-03-18 19:53:20,610 [INFO] pipeline.processing_loop: Cabin 17: OK (prob=0.9559, conf=0.9559, points=4, 1.2ms)
2026-03-18 19:53:20,613 [INFO] pipeline.processing_loop: Cabin 18: LEAK (prob=0.0069, conf=0.9931, points=4, 1.4ms)
2026-03-18 19:53:20,664 [INFO] core.cycle_fsm: Cabin 4: IDLE -> COLLECTING (angle 104.1бу crossed 100.0бу)
2026-03-18 19:53:20,665 [INFO] core.cycle_fsm: Cabin 16: COLLECTING -> PROCESSING (angle 278.6бу reached end 276.0бу (4 points), 0.408s)
2026-03-18 19:53:20,666 [INFO] core.cycle_fsm: Cabin 15: COLLECTING -> PROCESSING (angle 277.9бу reached end 276.0бу (4 points), 0.388s)
2026-03-18 19:53:20,666 [INFO] core.cycle_fsm: Cabin 3: IDLE -> COLLECTING (angle 102.2бу crossed 100.0бу)
2026-03-18 19:53:20,668 [INFO] core.cycle_fsm: Cabin 2: IDLE -> COLLECTING (angle 101.7бу crossed 100.0бу)
2026-03-18 19:53:20,670 [INFO] pipeline.processing_loop: Cabin 15: NO_BOTTLE (max=2.1 < 50.0, points=4)
2026-03-18 19:53:20,673 [INFO] pipeline.processing_loop: Cabin 16: LEAK (prob=0.0003, conf=0.9997, points=4, 1.4ms)
2026-03-18 19:53:20,725 [INFO] core.cycle_fsm: Cabin 14: COLLECTING -> PROCESSING (angle 279.5бу reached end 276.0бу (4 points), 0.403s)
2026-03-18 19:53:20,728 [INFO] core.cycle_fsm: Cabin 1: IDLE -> COLLECTING (angle 102.1бу crossed 100.0бу)
2026-03-18 19:53:20,730 [INFO] core.cycle_fsm: Cabin 13: COLLECTING -> PROCESSING (angle 280.6бу reached end 276.0бу (4 points), 0.388s)
2026-03-18 19:53:20,735 [INFO] core.cycle_fsm: Cabin 25: IDLE -> COLLECTING (angle 100.4бу crossed 100.0бу)
2026-03-18 19:53:20,748 [INFO] core.cycle_fsm: Cabin 12: COLLECTING -> PROCESSING (angle 277.4бу reached end 276.0бу (4 points), 0.384s)
2026-03-18 19:53:20,772 [INFO] pipeline.processing_loop: Cabin 12: LEAK (prob=0.0172, conf=0.9828, points=4, 14.9ms)
2026-03-18 19:53:20,776 [INFO] pipeline.processing_loop: Cabin 13: OK (prob=0.9498, conf=0.9498, points=4, 2.2ms)
2026-03-18 19:53:20,779 [INFO] pipeline.processing_loop: Cabin 14: LEAK (prob=0.0025, conf=0.9975, points=4, 1.4ms)
2026-03-18 19:53:20,832 [INFO] core.cycle_fsm: Cabin 24: IDLE -> COLLECTING (angle 100.6бу crossed 100.0бу)
2026-03-18 19:53:20,832 [INFO] core.cycle_fsm: Cabin 11: COLLECTING -> PROCESSING (angle 276.9бу reached end 276.0бу (4 points), 0.428s)
2026-03-18 19:53:20,834 [INFO] core.cycle_fsm: Cabin 10: COLLECTING -> PROCESSING (angle 279.7бу reached end 276.0бу (4 points), 0.397s)
2026-03-18 19:53:20,835 [INFO] core.cycle_fsm: Cabin 23: IDLE -> COLLECTING (angle 104.7бу crossed 100.0бу)
2026-03-18 19:53:20,835 [INFO] core.cycle_fsm: Cabin 9: COLLECTING -> PROCESSING (angle 276.6бу reached end 276.0бу (4 points), 0.367s)
2026-03-18 19:53:20,835 [INFO] core.cycle_fsm: Cabin 22: IDLE -> COLLECTING (angle 101.5бу crossed 100.0бу)
2026-03-18 19:53:20,840 [INFO] pipeline.processing_loop: Cabin 9: OK (prob=0.9434, conf=0.9434, points=4, 1.6ms)
2026-03-18 19:53:20,841 [INFO] pipeline.processing_loop: Cabin 10: NO_BOTTLE (max=3.2 < 50.0, points=4)
2026-03-18 19:53:20,843 [INFO] pipeline.processing_loop: Cabin 11: OK (prob=1.0000, conf=1.0000, points=4, 1.1ms)
2026-03-18 19:53:20,895 [INFO] core.cycle_fsm: Cabin 21: IDLE -> COLLECTING (angle 104.4бу crossed 100.0бу)
2026-03-18 19:53:20,896 [INFO] core.cycle_fsm: Cabin 8: COLLECTING -> PROCESSING (angle 277.3бу reached end 276.0бу (4 points), 0.396s)
2026-03-18 19:53:20,897 [INFO] core.cycle_fsm: Cabin 20: IDLE -> COLLECTING (angle 100.0бу crossed 100.0бу)
2026-03-18 19:53:20,897 [INFO] core.cycle_fsm: Cabin 7: COLLECTING -> PROCESSING (angle 277.2бу reached end 276.0бу (4 points), 0.376s)
2026-03-18 19:53:20,900 [INFO] pipeline.processing_loop: Cabin 7: OK (prob=1.0000, conf=1.0000, points=4, 1.4ms)
2026-03-18 19:53:20,902 [INFO] pipeline.processing_loop: Cabin 8: LEAK (prob=0.0492, conf=0.9508, points=4, 1.1ms)
2026-03-18 19:53:20,954 [INFO] core.cycle_fsm: Cabin 6: COLLECTING -> PROCESSING (angle 276.4бу reached end 276.0бу (4 points), 0.401s)
2026-03-18 19:53:20,954 [INFO] core.cycle_fsm: Cabin 19: IDLE -> COLLECTING (angle 101.2бу crossed 100.0бу)
2026-03-18 19:53:20,955 [INFO] core.cycle_fsm: Cabin 18: IDLE -> COLLECTING (angle 104.1бу crossed 100.0бу)
2026-03-18 19:53:20,955 [INFO] core.cycle_fsm: Cabin 5: COLLECTING -> PROCESSING (angle 279.8бу reached end 276.0бу (4 points), 0.371s)
2026-03-18 19:53:20,957 [INFO] core.cycle_fsm: Cabin 17: IDLE -> COLLECTING (angle 100.5бу crossed 100.0бу)
2026-03-18 19:53:20,958 [INFO] pipeline.processing_loop: Cabin 5: NO_BOTTLE (max=4.8 < 50.0, points=4)
2026-03-18 19:53:20,961 [INFO] pipeline.processing_loop: Cabin 6: LEAK (prob=0.0145, conf=0.9855, points=4, 1.5ms)
2026-03-18 19:53:21,012 [INFO] core.cycle_fsm: Cabin 4: COLLECTING -> PROCESSING (angle 276.3бу reached end 276.0бу (4 points), 0.397s)
2026-03-18 19:53:21,013 [INFO] core.cycle_fsm: Cabin 16: IDLE -> COLLECTING (angle 100.8бу crossed 100.0бу)
2026-03-18 19:53:21,014 [INFO] core.cycle_fsm: Cabin 3: COLLECTING -> PROCESSING (angle 277.0бу reached end 276.0бу (4 points), 0.365s)
2026-03-18 19:53:21,015 [INFO] core.cycle_fsm: Cabin 15: IDLE -> COLLECTING (angle 100.1бу crossed 100.0бу)
2026-03-18 19:53:21,018 [INFO] pipeline.processing_loop: Cabin 3: OK (prob=0.9855, conf=0.9855, points=4, 1.3ms)
2026-03-18 19:53:21,021 [INFO] pipeline.processing_loop: Cabin 4: LEAK (prob=0.0005, conf=0.9995, points=4, 2.0ms)
2026-03-18 19:53:21,073 [INFO] core.cycle_fsm: Cabin 2: COLLECTING -> PROCESSING (angle 278.9бу reached end 276.0бу (4 points), 0.414s)
2026-03-18 19:53:21,074 [INFO] core.cycle_fsm: Cabin 1: COLLECTING -> PROCESSING (angle 278.3бу reached end 276.0бу (4 points), 0.382s)
2026-03-18 19:53:21,074 [INFO] core.cycle_fsm: Cabin 14: IDLE -> COLLECTING (angle 101.8бу crossed 100.0бу)
2026-03-18 19:53:21,077 [INFO] pipeline.processing_loop: Cabin 1: OK (prob=0.9630, conf=0.9630, points=4, 1.2ms)
2026-03-18 19:53:21,079 [INFO] pipeline.processing_loop: Cabin 2: LEAK (prob=0.0005, conf=0.9995, points=4, 1.1ms)
2026-03-18 19:53:21,130 [INFO] core.cycle_fsm: Cabin 13: IDLE -> COLLECTING (angle 101.2бу crossed 100.0бу)
2026-03-18 19:53:21,131 [INFO] core.cycle_fsm: Cabin 25: COLLECTING -> PROCESSING (angle 278.4бу reached end 276.0бу (4 points), 0.419s)
2026-03-18 19:53:21,132 [INFO] core.cycle_fsm: Cabin 12: IDLE -> COLLECTING (angle 103.8бу crossed 100.0бу)
2026-03-18 19:53:21,132 [INFO] core.cycle_fsm: Cabin 24: COLLECTING -> PROCESSING (angle 278.2бу reached end 276.0бу (4 points), 0.378s)
2026-03-18 19:53:21,135 [INFO] pipeline.processing_loop: Cabin 24: LEAK (prob=0.0012, conf=0.9988, points=4, 1.2ms)
2026-03-18 19:53:21,137 [INFO] pipeline.processing_loop: Cabin 25: NO_BOTTLE (max=5.5 < 50.0, points=4)
2026-03-18 19:53:21,189 [INFO] core.cycle_fsm: Cabin 11: IDLE -> COLLECTING (angle 103.3бу crossed 100.0бу)
2026-03-18 19:53:21,189 [INFO] core.cycle_fsm: Cabin 23: COLLECTING -> PROCESSING (angle 276.7бу reached end 276.0бу (4 points), 0.393s)
2026-03-18 19:53:21,191 [INFO] core.cycle_fsm: Cabin 10: IDLE -> COLLECTING (angle 102.1бу crossed 100.0бу)
2026-03-18 19:53:21,192 [INFO] pipeline.processing_loop: Cabin 23: OK (prob=0.8336, conf=0.8336, points=4, 1.3ms)
2026-03-18 19:53:21,245 [INFO] core.cycle_fsm: Cabin 22: COLLECTING -> PROCESSING (angle 278.5бу reached end 276.0бу (4 points), 0.416s)
2026-03-18 19:53:21,245 [INFO] core.cycle_fsm: Cabin 21: COLLECTING -> PROCESSING (angle 279.8бу reached end 276.0бу (4 points), 0.406s)
2026-03-18 19:53:21,247 [INFO] core.cycle_fsm: Cabin 9: IDLE -> COLLECTING (angle 104.7бу crossed 100.0бу)
2026-03-18 19:53:21,247 [INFO] core.cycle_fsm: Cabin 20: COLLECTING -> PROCESSING (angle 276.6бу reached end 276.0бу (4 points), 0.387s)
2026-03-18 19:53:21,248 [INFO] core.cycle_fsm: Cabin 8: IDLE -> COLLECTING (angle 104.1бу crossed 100.0бу)
2026-03-18 19:53:21,248 [INFO] pipeline.processing_loop: Cabin 20: NO_BOTTLE (max=3.9 < 50.0, points=4)
2026-03-18 19:53:21,253 [INFO] pipeline.processing_loop: Cabin 21: OK (prob=0.9130, conf=0.9130, points=4, 1.1ms)
2026-03-18 19:53:21,255 [INFO] pipeline.processing_loop: Cabin 22: LEAK (prob=0.0016, conf=0.9984, points=4, 1.4ms)
2026-03-18 19:53:21,307 [INFO] core.cycle_fsm: Cabin 7: IDLE -> COLLECTING (angle 103.6бу crossed 100.0бу)
2026-03-18 19:53:21,307 [INFO] core.cycle_fsm: Cabin 19: COLLECTING -> PROCESSING (angle 278.4бу reached end 276.0бу (4 points), 0.394s)
2026-03-18 19:53:21,309 [INFO] core.cycle_fsm: Cabin 6: IDLE -> COLLECTING (angle 103.7бу crossed 100.0бу)
2026-03-18 19:53:21,309 [INFO] core.cycle_fsm: Cabin 18: COLLECTING -> PROCESSING (angle 280.8бу reached end 276.0бу (4 points), 0.374s)
2026-03-18 19:53:21,310 [INFO] core.cycle_fsm: Cabin 17: COLLECTING -> PROCESSING (angle 277.1бу reached end 276.0бу (4 points), 0.364s)
2026-03-18 19:53:21,312 [INFO] pipeline.processing_loop: Cabin 17: OK (prob=0.6448, conf=0.6448, points=4, 1.4ms)
2026-03-18 19:53:21,315 [INFO] pipeline.processing_loop: Cabin 18: LEAK (prob=0.0007, conf=0.9993, points=4, 1.3ms)
2026-03-18 19:53:21,317 [INFO] pipeline.processing_loop: Cabin 19: OK (prob=0.5214, conf=0.5214, points=4, 1.0ms)
2026-03-18 19:53:21,363 [INFO] pipeline.processing_loop: ProcessingLoop paused
2026-03-18 19:53:29,458 [INFO] storage.data_exporter: Exported 432 records to D:\projects\ldporj_bsys_test\export_2026-03-18_195329.csv
2026-03-18 19:56:17,748 [WARNING] health.fault_reporter: FAULT [F009] WARNING: ▓╒╩╥[6, 7, 8, 9, 10, 11, 12, 13, 14, 15, 16]┐и╦└
2026-03-18 20:00:50,098 [INFO] root: Shutting down...
2026-03-18 20:00:50,098 [INFO] pipeline.processing_loop: ProcessingLoop stopped
2026-03-18 20:00:50,129 [INFO] root: Shutting down...
2026-03-18 20:00:50,129 [INFO] pipeline.processing_loop: ProcessingLoop stopped
2026-03-18 20:01:00,113 [INFO] core.polling_engine: PollingEngine stopped
2026-03-18 20:01:00,120 [INFO] root: Shutdown complete.
2026-03-18 20:01:00,137 [INFO] core.polling_engine: PollingEngine stopped
2026-03-18 20:01:00,138 [INFO] root: Shutdown complete.
2026-03-18 20:01:15,607 [INFO] root: ============================================================
2026-03-18 20:01:15,607 [INFO] root: Ldpj_backend v2.5 starting (mode=mock)
2026-03-18 20:01:15,609 [INFO] root: ============================================================
2026-03-18 20:01:15,611 [INFO] core.polling_engine: MockPLC: 26 cabins, types={'NO_BOTTLE': 6, 'OK': 10, 'LEAK': 10}
2026-03-18 20:01:15,611 [INFO] core.polling_engine: MockPLC connected (cabin_count=26)
2026-03-18 20:01:15,613 [INFO] core.polling_engine: PollingEngine started (interval=10ms)
2026-03-18 20:01:15,614 [INFO] core.cycle_fsm: CycleFSMManager: 25 FSMs for Cabin[1]~[25] (trigger=100бу, points=36, interval=100ms)
2026-03-18 20:01:18,377 [INFO] models.supervised_xgb: Model loaded: version=none, path=D:\projects\ldporj_bsys_test\models\artifacts\current\xgb_model.json
2026-03-18 20:01:18,383 [INFO] storage.database_logger: Database initialised: ldpj_data.db
2026-03-18 20:01:18,386 [INFO] integration.api_server: API server started on 0.0.0.0:8000
2026-03-18 20:01:18,388 [INFO] pipeline.processing_loop: ProcessingLoop started
2026-03-18 20:01:18,389 [INFO] root: System ready. Entering main loop...
2026-03-18 20:01:18,391 [INFO] core.cycle_fsm: Cabin 6: IDLE -> COLLECTING (angle 102.2бу crossed 100.0бу)
2026-03-18 20:01:18,392 [INFO] core.cycle_fsm: Cabin 5: IDLE -> COLLECTING (angle 103.0бу crossed 100.0бу)
2026-03-18 20:01:18,393 [INFO] core.cycle_fsm: Cabin 4: IDLE -> COLLECTING (angle 104.7бу crossed 100.0бу)
2026-03-18 20:01:18,393 [INFO] core.cycle_fsm: Cabin 3: IDLE -> COLLECTING (angle 100.6бу crossed 100.0бу)
2026-03-18 20:01:18,396 [INFO] core.cycle_fsm: Cabin 2: IDLE -> COLLECTING (angle 102.3бу crossed 100.0бу)
2026-03-18 20:01:18,397 [INFO] core.cycle_fsm: Cabin 1: IDLE -> COLLECTING (angle 102.1бу crossed 100.0бу)
2026-03-18 20:01:18,398 [INFO] core.cycle_fsm: Cabin 25: IDLE -> COLLECTING (angle 102.6бу crossed 100.0бу)
2026-03-18 20:01:18,402 [INFO] core.cycle_fsm: Cabin 24: IDLE -> COLLECTING (angle 104.6бу crossed 100.0бу)
2026-03-18 20:01:18,403 [INFO] core.cycle_fsm: Cabin 23: IDLE -> COLLECTING (angle 100.9бу crossed 100.0бу)
2026-03-18 20:01:18,405 [INFO] core.cycle_fsm: Cabin 22: IDLE -> COLLECTING (angle 102.6бу crossed 100.0бу)
2026-03-18 20:01:18,408 [INFO] core.cycle_fsm: Cabin 21: IDLE -> COLLECTING (angle 104.2бу crossed 100.0бу)
2026-03-18 20:01:18,409 [INFO] core.cycle_fsm: Cabin 20: IDLE -> COLLECTING (angle 100.2бу crossed 100.0бу)
2026-03-18 20:01:18,410 [INFO] core.cycle_fsm: Cabin 6: COLLECTING -> PROCESSING (angle 280.4бу reached end 276.0бу (4 points), 2.775s)
2026-03-18 20:01:18,411 [INFO] core.cycle_fsm: Cabin 19: IDLE -> COLLECTING (angle 105.1бу crossed 100.0бу)
2026-03-18 20:01:18,411 [INFO] core.cycle_fsm: Cabin 18: IDLE -> COLLECTING (angle 101.3бу crossed 100.0бу)
2026-03-18 20:01:18,413 [INFO] core.cycle_fsm: Cabin 5: COLLECTING -> PROCESSING (angle 280.2бу reached end 276.0бу (4 points), 2.746s)
2026-03-18 20:01:18,416 [INFO] core.cycle_fsm: Cabin 17: IDLE -> COLLECTING (angle 102.6бу crossed 100.0бу)
2026-03-18 20:01:18,418 [INFO] core.cycle_fsm: Cabin 4: COLLECTING -> PROCESSING (angle 280.1бу reached end 276.0бу (4 points), 2.719s)
2026-03-18 20:01:18,420 [INFO] core.cycle_fsm: Cabin 16: IDLE -> COLLECTING (angle 100.0бу crossed 100.0бу)
2026-03-18 20:01:18,421 [INFO] core.cycle_fsm: Cabin 3: COLLECTING -> PROCESSING (angle 278.6бу reached end 276.0бу (4 points), 2.701s)
2026-03-18 20:01:18,422 [INFO] core.cycle_fsm: Cabin 2: COLLECTING -> PROCESSING (angle 278.9бу reached end 276.0бу (4 points), 2.670s)
2026-03-18 20:01:18,424 [INFO] core.cycle_fsm: Cabin 15: IDLE -> COLLECTING (angle 104.3бу crossed 100.0бу)
2026-03-18 20:01:18,424 [INFO] core.cycle_fsm: Cabin 14: IDLE -> COLLECTING (angle 103.1бу crossed 100.0бу)
2026-03-18 20:01:18,425 [INFO] core.cycle_fsm: Cabin 1: COLLECTING -> PROCESSING (angle 280.8бу reached end 276.0бу (4 points), 2.642s)
2026-03-18 20:01:18,425 [INFO] core.cycle_fsm: Cabin 13: IDLE -> COLLECTING (angle 101.6бу crossed 100.0бу)
2026-03-18 20:01:18,429 [INFO] core.cycle_fsm: Cabin 25: COLLECTING -> PROCESSING (angle 278.9бу reached end 276.0бу (4 points), 2.613s)
2026-03-18 20:01:18,432 [INFO] core.cycle_fsm: Cabin 12: IDLE -> COLLECTING (angle 103.0бу crossed 100.0бу)
2026-03-18 20:01:18,433 [INFO] core.cycle_fsm: Cabin 24: COLLECTING -> PROCESSING (angle 280.8бу reached end 276.0бу (4 points), 2.567s)
2026-03-18 20:01:18,435 [INFO] core.cycle_fsm: Cabin 11: IDLE -> COLLECTING (angle 103.7бу crossed 100.0бу)
2026-03-18 20:01:18,435 [INFO] core.cycle_fsm: Cabin 23: COLLECTING -> PROCESSING (angle 278.2бу reached end 276.0бу (4 points), 2.540s)
2026-03-18 20:01:18,438 [INFO] core.cycle_fsm: Cabin 10: IDLE -> COLLECTING (angle 104.7бу crossed 100.0бу)
2026-03-18 20:01:18,439 [INFO] core.cycle_fsm: Cabin 22: COLLECTING -> PROCESSING (angle 279.6бу reached end 276.0бу (4 points), 2.511s)
2026-03-18 20:01:18,441 [INFO] core.cycle_fsm: Cabin 9: IDLE -> COLLECTING (angle 102.4бу crossed 100.0бу)
2026-03-18 20:01:18,442 [INFO] core.cycle_fsm: Cabin 21: COLLECTING -> PROCESSING (angle 277.7бу reached end 276.0бу (4 points), 2.482s)
2026-03-18 20:01:18,442 [INFO] core.cycle_fsm: Cabin 8: IDLE -> COLLECTING (angle 103.0бу crossed 100.0бу)
2026-03-18 20:01:18,447 [INFO] core.cycle_fsm: Cabin 20: COLLECTING -> PROCESSING (angle 276.8бу reached end 276.0бу (4 points), 2.466s)
2026-03-18 20:01:18,448 [INFO] core.cycle_fsm: Cabin 7: IDLE -> COLLECTING (angle 104.7бу crossed 100.0бу)
2026-03-18 20:01:18,448 [INFO] core.cycle_fsm: Cabin 19: COLLECTING -> PROCESSING (angle 276.7бу reached end 276.0бу (4 points), 2.421s)
2026-03-18 20:01:18,450 [INFO] core.cycle_fsm: Cabin 18: COLLECTING -> PROCESSING (angle 279.1бу reached end 276.0бу (4 points), 2.401s)
2026-03-18 20:01:18,451 [INFO] core.cycle_fsm: Cabin 17: COLLECTING -> PROCESSING (angle 279.0бу reached end 276.0бу (4 points), 2.371s)
2026-03-18 20:01:18,452 [INFO] core.cycle_fsm: Cabin 16: COLLECTING -> PROCESSING (angle 277.6бу reached end 276.0бу (4 points), 2.351s)
2026-03-18 20:01:18,454 [INFO] core.cycle_fsm: Cabin 15: COLLECTING -> PROCESSING (angle 276.1бу reached end 276.0бу (4 points), 2.311s)
2026-03-18 20:01:18,456 [INFO] core.cycle_fsm: Cabin 14: COLLECTING -> PROCESSING (angle 279.5бу reached end 276.0бу (4 points), 2.291s)
2026-03-18 20:01:18,457 [INFO] core.cycle_fsm: Cabin 13: COLLECTING -> PROCESSING (angle 276.4бу reached end 276.0бу (4 points), 2.251s)
2026-03-18 20:01:18,457 [INFO] core.cycle_fsm: Cabin 12: COLLECTING -> PROCESSING (angle 279.6бу reached end 276.0бу (4 points), 2.214s)
2026-03-18 20:01:18,459 [INFO] core.cycle_fsm: Cabin 11: COLLECTING -> PROCESSING (angle 279.2бу reached end 276.0бу (4 points), 2.184s)
2026-03-18 20:01:18,460 [INFO] core.cycle_fsm: Cabin 10: COLLECTING -> PROCESSING (angle 276.4бу reached end 276.0бу (4 points), 2.152s)
2026-03-18 20:01:18,462 [INFO] core.cycle_fsm: Cabin 9: COLLECTING -> PROCESSING (angle 279.5бу reached end 276.0бу (4 points), 2.132s)
2026-03-18 20:01:18,464 [INFO] core.cycle_fsm: Cabin 8: COLLECTING -> PROCESSING (angle 279.1бу reached end 276.0бу (4 points), 2.096s)
2026-03-18 20:01:18,465 [INFO] core.cycle_fsm: Cabin 7: COLLECTING -> PROCESSING (angle 277.3бу reached end 276.0бу (4 points), 2.064s)
2026-03-18 20:01:18,475 [INFO] pipeline.processing_loop: Cabin 1: OK (prob=0.9803, conf=0.9803, points=4, 3.9ms)
2026-03-18 20:01:18,480 [INFO] pipeline.processing_loop: Cabin 2: LEAK (prob=0.0005, conf=0.9995, points=4, 1.5ms)
2026-03-18 20:01:18,483 [INFO] pipeline.processing_loop: Cabin 3: OK (prob=1.0000, conf=1.0000, points=4, 1.5ms)
2026-03-18 20:01:18,486 [INFO] pipeline.processing_loop: Cabin 4: LEAK (prob=0.0008, conf=0.9992, points=4, 1.2ms)
2026-03-18 20:01:18,487 [INFO] pipeline.processing_loop: Cabin 5: NO_BOTTLE (max=4.7 < 50.0, points=4)
2026-03-18 20:01:18,494 [INFO] pipeline.processing_loop: Cabin 6: LEAK (prob=0.0010, conf=0.9990, points=4, 2.0ms)
2026-03-18 20:01:18,497 [INFO] pipeline.processing_loop: Cabin 7: OK (prob=0.9379, conf=0.9379, points=4, 1.6ms)
2026-03-18 20:01:18,501 [INFO] pipeline.processing_loop: Cabin 8: LEAK (prob=0.0035, conf=0.9965, points=4, 1.7ms)
2026-03-18 20:01:18,505 [INFO] pipeline.processing_loop: Cabin 9: OK (prob=1.0000, conf=1.0000, points=4, 2.5ms)
2026-03-18 20:01:18,506 [INFO] pipeline.processing_loop: Cabin 10: NO_BOTTLE (max=4.1 < 50.0, points=4)
2026-03-18 20:01:18,512 [INFO] pipeline.processing_loop: Cabin 11: OK (prob=0.9416, conf=0.9416, points=4, 1.6ms)
2026-03-18 20:01:18,515 [INFO] pipeline.processing_loop: Cabin 12: LEAK (prob=0.0041, conf=0.9959, points=4, 1.8ms)
2026-03-18 20:01:18,518 [INFO] pipeline.processing_loop: Cabin 13: OK (prob=1.0000, conf=1.0000, points=4, 2.1ms)
2026-03-18 20:01:18,523 [INFO] pipeline.processing_loop: Cabin 14: LEAK (prob=0.0024, conf=0.9976, points=4, 1.7ms)
2026-03-18 20:01:18,525 [INFO] pipeline.processing_loop: Cabin 15: NO_BOTTLE (max=3.8 < 50.0, points=4)
2026-03-18 20:01:18,529 [INFO] pipeline.processing_loop: Cabin 16: LEAK (prob=0.0022, conf=0.9978, points=4, 1.5ms)
2026-03-18 20:01:18,538 [INFO] pipeline.processing_loop: Cabin 17: OK (prob=0.9138, conf=0.9138, points=4, 1.4ms)
2026-03-18 20:01:18,542 [INFO] pipeline.processing_loop: Cabin 18: LEAK (prob=0.0037, conf=0.9963, points=4, 3.0ms)
2026-03-18 20:01:18,548 [INFO] pipeline.processing_loop: Cabin 19: OK (prob=0.9999, conf=0.9999, points=4, 1.3ms)
2026-03-18 20:01:18,550 [INFO] pipeline.processing_loop: Cabin 20: NO_BOTTLE (max=2.4 < 50.0, points=4)
2026-03-18 20:01:18,556 [INFO] pipeline.processing_loop: Cabin 21: OK (prob=0.9999, conf=0.9999, points=4, 3.9ms)
2026-03-18 20:01:18,624 [INFO] pipeline.processing_loop: Cabin 22: LEAK (prob=0.0002, conf=0.9998, points=4, 65.2ms)
2026-03-18 20:01:18,626 [INFO] pipeline.processing_loop: Cabin 23: OK (prob=0.7629, conf=0.7629, points=4, 1.4ms)
2026-03-18 20:01:18,628 [INFO] pipeline.processing_loop: Cabin 24: LEAK (prob=0.0005, conf=0.9995, points=4, 1.1ms)
2026-03-18 20:01:18,631 [INFO] pipeline.processing_loop: Cabin 25: NO_BOTTLE (max=3.5 < 50.0, points=4)
2026-03-18 20:01:18,683 [INFO] core.cycle_fsm: Cabin 24: IDLE -> COLLECTING (angle 104.8бу crossed 100.0бу)
2026-03-18 20:01:18,685 [INFO] core.cycle_fsm: Cabin 23: IDLE -> COLLECTING (angle 102.1бу crossed 100.0бу)
2026-03-18 20:01:18,685 [INFO] core.cycle_fsm: Cabin 22: IDLE -> COLLECTING (angle 105.1бу crossed 100.0бу)
2026-03-18 20:01:18,686 [INFO] core.cycle_fsm: Cabin 21: IDLE -> COLLECTING (angle 103.7бу crossed 100.0бу)
2026-03-18 20:01:18,686 [INFO] core.cycle_fsm: Cabin 20: IDLE -> COLLECTING (angle 101.4бу crossed 100.0бу)
2026-03-18 20:01:18,688 [INFO] core.cycle_fsm: Cabin 19: IDLE -> COLLECTING (angle 104.6бу crossed 100.0бу)
2026-03-18 20:01:18,688 [INFO] core.cycle_fsm: Cabin 18: IDLE -> COLLECTING (angle 104.0бу crossed 100.0бу)
2026-03-18 20:01:18,689 [INFO] core.cycle_fsm: Cabin 17: IDLE -> COLLECTING (angle 102.3бу crossed 100.0бу)
2026-03-18 20:01:18,689 [INFO] core.cycle_fsm: Cabin 16: IDLE -> COLLECTING (angle 100.9бу crossed 100.0бу)
2026-03-18 20:01:18,741 [INFO] core.cycle_fsm: Cabin 15: IDLE -> COLLECTING (angle 100.9бу crossed 100.0бу)
2026-03-18 20:01:18,742 [INFO] core.cycle_fsm: Cabin 14: IDLE -> COLLECTING (angle 102.4бу crossed 100.0бу)
2026-03-18 20:01:18,794 [INFO] core.cycle_fsm: Cabin 13: IDLE -> COLLECTING (angle 103.3бу crossed 100.0бу)
2026-03-18 20:01:18,847 [INFO] core.cycle_fsm: Cabin 12: IDLE -> COLLECTING (angle 104.2бу crossed 100.0бу)
2026-03-18 20:01:18,847 [INFO] core.cycle_fsm: Cabin 24: COLLECTING -> PROCESSING (angle 281.0бу reached end 276.0бу (4 points), 0.440s)
2026-03-18 20:01:18,849 [INFO] core.cycle_fsm: Cabin 11: IDLE -> COLLECTING (angle 104.0бу crossed 100.0бу)
2026-03-18 20:01:18,850 [INFO] core.cycle_fsm: Cabin 23: COLLECTING -> PROCESSING (angle 277.9бу reached end 276.0бу (4 points), 0.421s)
2026-03-18 20:01:18,852 [INFO] pipeline.processing_loop: Cabin 23: OK (prob=0.9996, conf=0.9996, points=4, 1.2ms)
2026-03-18 20:01:18,855 [INFO] pipeline.processing_loop: Cabin 24: LEAK (prob=0.0083, conf=0.9917, points=4, 1.2ms)
2026-03-18 20:01:18,907 [INFO] core.cycle_fsm: Cabin 22: COLLECTING -> PROCESSING (angle 276.6бу reached end 276.0бу (4 points), 0.445s)
2026-03-18 20:01:18,908 [INFO] core.cycle_fsm: Cabin 10: IDLE -> COLLECTING (angle 100.5бу crossed 100.0бу)
2026-03-18 20:01:18,908 [INFO] core.cycle_fsm: Cabin 9: IDLE -> COLLECTING (angle 102.2бу crossed 100.0бу)
2026-03-18 20:01:18,909 [INFO] core.cycle_fsm: Cabin 21: COLLECTING -> PROCESSING (angle 280.8бу reached end 276.0бу (4 points), 0.427s)
2026-03-18 20:01:18,913 [INFO] pipeline.processing_loop: Cabin 21: OK (prob=0.6531, conf=0.6531, points=4, 1.5ms)
2026-03-18 20:01:18,915 [INFO] pipeline.processing_loop: Cabin 22: LEAK (prob=0.0021, conf=0.9979, points=4, 1.1ms)
2026-03-18 20:01:18,966 [INFO] core.cycle_fsm: Cabin 8: IDLE -> COLLECTING (angle 104.6бу crossed 100.0бу)
2026-03-18 20:01:18,967 [INFO] core.cycle_fsm: Cabin 20: COLLECTING -> PROCESSING (angle 278.7бу reached end 276.0бу (4 points), 0.463s)
2026-03-18 20:01:18,967 [INFO] core.cycle_fsm: Cabin 7: IDLE -> COLLECTING (angle 102.6бу crossed 100.0бу)
2026-03-18 20:01:18,968 [INFO] core.cycle_fsm: Cabin 19: COLLECTING -> PROCESSING (angle 276.6бу reached end 276.0бу (4 points), 0.431s)
2026-03-18 20:01:18,968 [INFO] core.cycle_fsm: Cabin 6: IDLE -> COLLECTING (angle 102.0бу crossed 100.0бу)
2026-03-18 20:01:18,972 [INFO] pipeline.processing_loop: Cabin 19: OK (prob=0.9998, conf=0.9998, points=4, 1.7ms)
2026-03-18 20:01:18,974 [INFO] pipeline.processing_loop: Cabin 20: NO_BOTTLE (max=4.7 < 50.0, points=4)
2026-03-18 20:01:19,049 [INFO] core.cycle_fsm: Cabin 18: COLLECTING -> PROCESSING (angle 280.1бу reached end 276.0бу (4 points), 0.428s)
2026-03-18 20:01:19,078 [INFO] core.cycle_fsm: Cabin 5: IDLE -> COLLECTING (angle 104.3бу crossed 100.0бу)
2026-03-18 20:01:19,090 [INFO] core.cycle_fsm: Cabin 17: COLLECTING -> PROCESSING (angle 279.3бу reached end 276.0бу (4 points), 0.437s)
2026-03-18 20:01:19,094 [INFO] core.cycle_fsm: Cabin 4: IDLE -> COLLECTING (angle 100.2бу crossed 100.0бу)
2026-03-18 20:01:19,106 [INFO] pipeline.processing_loop: Cabin 17: OK (prob=0.9274, conf=0.9274, points=4, 5.4ms)
2026-03-18 20:01:19,109 [INFO] pipeline.processing_loop: Cabin 18: LEAK (prob=0.0005, conf=0.9995, points=4, 1.5ms)
2026-03-18 20:01:19,160 [INFO] core.cycle_fsm: Cabin 16: COLLECTING -> PROCESSING (angle 277.1бу reached end 276.0бу (4 points), 0.486s)
2026-03-18 20:01:19,161 [INFO] core.cycle_fsm: Cabin 3: IDLE -> COLLECTING (angle 103.9бу crossed 100.0бу)
2026-03-18 20:01:19,161 [INFO] core.cycle_fsm: Cabin 15: COLLECTING -> PROCESSING (angle 277.2бу reached end 276.0бу (4 points), 0.456s)
2026-03-18 20:01:19,162 [INFO] core.cycle_fsm: Cabin 2: IDLE -> COLLECTING (angle 104.9бу crossed 100.0бу)
2026-03-18 20:01:19,162 [INFO] core.cycle_fsm: Cabin 14: COLLECTING -> PROCESSING (angle 277.9бу reached end 276.0бу (4 points), 0.425s)
2026-03-18 20:01:19,164 [INFO] core.cycle_fsm: Cabin 1: IDLE -> COLLECTING (angle 100.7бу crossed 100.0бу)
2026-03-18 20:01:19,164 [INFO] core.cycle_fsm: Cabin 13: COLLECTING -> PROCESSING (angle 280.2бу reached end 276.0бу (4 points), 0.395s)
2026-03-18 20:01:19,166 [INFO] pipeline.processing_loop: Cabin 13: OK (prob=1.0000, conf=1.0000, points=4, 1.3ms)
2026-03-18 20:01:19,169 [INFO] pipeline.processing_loop: Cabin 14: LEAK (prob=0.0173, conf=0.9827, points=4, 1.0ms)
2026-03-18 20:01:19,169 [INFO] pipeline.processing_loop: Cabin 15: NO_BOTTLE (max=2.2 < 50.0, points=4)
2026-03-18 20:01:19,173 [INFO] pipeline.processing_loop: Cabin 16: LEAK (prob=0.0001, conf=0.9999, points=4, 0.8ms)
2026-03-18 20:01:19,223 [INFO] core.cycle_fsm: Cabin 25: IDLE -> COLLECTING (angle 100.0бу crossed 100.0бу)
2026-03-18 20:01:19,223 [INFO] core.cycle_fsm: Cabin 12: COLLECTING -> PROCESSING (angle 278.5бу reached end 276.0бу (4 points), 0.422s)
2026-03-18 20:01:19,225 [INFO] core.cycle_fsm: Cabin 11: COLLECTING -> PROCESSING (angle 276.5бу reached end 276.0бу (4 points), 0.391s)
2026-03-18 20:01:19,225 [INFO] core.cycle_fsm: Cabin 24: IDLE -> COLLECTING (angle 102.7бу crossed 100.0бу)
2026-03-18 20:01:19,227 [INFO] core.cycle_fsm: Cabin 23: IDLE -> COLLECTING (angle 100.0бу crossed 100.0бу)
2026-03-18 20:01:19,229 [INFO] pipeline.processing_loop: Cabin 11: OK (prob=0.8367, conf=0.8367, points=4, 1.2ms)
2026-03-18 20:01:19,232 [INFO] pipeline.processing_loop: Cabin 12: LEAK (prob=0.0010, conf=0.9990, points=4, 1.0ms)
2026-03-18 20:01:19,283 [INFO] core.cycle_fsm: Cabin 10: COLLECTING -> PROCESSING (angle 277.9бу reached end 276.0бу (4 points), 0.417s)
2026-03-18 20:01:19,283 [INFO] core.cycle_fsm: Cabin 22: IDLE -> COLLECTING (angle 100.1бу crossed 100.0бу)
2026-03-18 20:01:19,285 [INFO] core.cycle_fsm: Cabin 9: COLLECTING -> PROCESSING (angle 279.3бу reached end 276.0бу (4 points), 0.398s)
2026-03-18 20:01:19,287 [INFO] pipeline.processing_loop: Cabin 9: OK (prob=0.6929, conf=0.6929, points=4, 1.4ms)
2026-03-18 20:01:19,288 [INFO] pipeline.processing_loop: Cabin 10: NO_BOTTLE (max=1.9 < 50.0, points=4)
2026-03-18 20:01:19,341 [INFO] core.cycle_fsm: Cabin 8: COLLECTING -> PROCESSING (angle 277.2бу reached end 276.0бу (4 points), 0.423s)
2026-03-18 20:01:19,342 [INFO] core.cycle_fsm: Cabin 21: IDLE -> COLLECTING (angle 105.0бу crossed 100.0бу)
2026-03-18 20:01:19,342 [INFO] core.cycle_fsm: Cabin 20: IDLE -> COLLECTING (angle 100.9бу crossed 100.0бу)
2026-03-18 20:01:19,343 [INFO] core.cycle_fsm: Cabin 7: COLLECTING -> PROCESSING (angle 280.8бу reached end 276.0бу (4 points), 0.404s)
2026-03-18 20:01:19,345 [INFO] core.cycle_fsm: Cabin 6: COLLECTING -> PROCESSING (angle 279.9бу reached end 276.0бу (4 points), 0.385s)
2026-03-18 20:01:19,345 [INFO] core.cycle_fsm: Cabin 19: IDLE -> COLLECTING (angle 102.4бу crossed 100.0бу)
2026-03-18 20:01:19,348 [INFO] pipeline.processing_loop: Cabin 6: LEAK (prob=0.0014, conf=0.9986, points=4, 1.5ms)
2026-03-18 20:01:19,349 [INFO] pipeline.processing_loop: Cabin 7: OK (prob=0.9713, conf=0.9713, points=4, 1.2ms)
2026-03-18 20:01:19,352 [INFO] pipeline.processing_loop: Cabin 8: LEAK (prob=0.0045, conf=0.9955, points=4, 0.9ms)
2026-03-18 20:01:19,403 [INFO] core.cycle_fsm: Cabin 18: IDLE -> COLLECTING (angle 102.6бу crossed 100.0бу)
2026-03-18 20:01:19,403 [INFO] core.cycle_fsm: Cabin 5: COLLECTING -> PROCESSING (angle 278.9бу reached end 276.0бу (4 points), 0.401s)
2026-03-18 20:01:19,405 [INFO] core.cycle_fsm: Cabin 17: IDLE -> COLLECTING (angle 101.4бу crossed 100.0бу)
2026-03-18 20:01:19,407 [INFO] pipeline.processing_loop: Cabin 5: NO_BOTTLE (max=2.2 < 50.0, points=4)
2026-03-18 20:01:19,459 [INFO] core.cycle_fsm: Cabin 4: COLLECTING -> PROCESSING (angle 279.7бу reached end 276.0бу (4 points), 0.434s)
2026-03-18 20:01:19,459 [INFO] core.cycle_fsm: Cabin 3: COLLECTING -> PROCESSING (angle 277.7бу reached end 276.0бу (4 points), 0.388s)
2026-03-18 20:01:19,461 [INFO] core.cycle_fsm: Cabin 16: IDLE -> COLLECTING (angle 103.9бу crossed 100.0бу)
2026-03-18 20:01:19,461 [INFO] core.cycle_fsm: Cabin 2: COLLECTING -> PROCESSING (angle 276.4бу reached end 276.0бу (4 points), 0.355s)
2026-03-18 20:01:19,464 [INFO] pipeline.processing_loop: Cabin 2: LEAK (prob=0.0006, conf=0.9994, points=4, 1.1ms)
2026-03-18 20:01:19,466 [INFO] pipeline.processing_loop: Cabin 3: OK (prob=0.9803, conf=0.9803, points=4, 1.1ms)
2026-03-18 20:01:19,468 [INFO] pipeline.processing_loop: Cabin 4: LEAK (prob=0.0266, conf=0.9734, points=4, 0.9ms)
2026-03-18 20:01:19,520 [INFO] core.cycle_fsm: Cabin 15: IDLE -> COLLECTING (angle 103.1бу crossed 100.0бу)
2026-03-18 20:01:19,521 [INFO] core.cycle_fsm: Cabin 1: COLLECTING -> PROCESSING (angle 277.4бу reached end 276.0бу (4 points), 0.384s)
2026-03-18 20:01:19,522 [INFO] core.cycle_fsm: Cabin 14: IDLE -> COLLECTING (angle 105.1бу crossed 100.0бу)
2026-03-18 20:01:19,523 [INFO] core.cycle_fsm: Cabin 13: IDLE -> COLLECTING (angle 101.7бу crossed 100.0бу)
2026-03-18 20:01:19,525 [INFO] pipeline.processing_loop: Cabin 1: OK (prob=0.9993, conf=0.9993, points=4, 1.2ms)
2026-03-18 20:01:19,577 [INFO] core.cycle_fsm: Cabin 25: COLLECTING -> PROCESSING (angle 277.1бу reached end 276.0бу (4 points), 0.408s)
2026-03-18 20:01:19,578 [INFO] core.cycle_fsm: Cabin 12: IDLE -> COLLECTING (angle 100.2бу crossed 100.0бу)
2026-03-18 20:01:19,579 [INFO] core.cycle_fsm: Cabin 24: COLLECTING -> PROCESSING (angle 279.9бу reached end 276.0бу (4 points), 0.378s)
2026-03-18 20:01:19,580 [INFO] pipeline.processing_loop: Cabin 24: LEAK (prob=0.0018, conf=0.9982, points=4, 1.3ms)
2026-03-18 20:01:19,582 [INFO] pipeline.processing_loop: Cabin 25: NO_BOTTLE (max=5.2 < 50.0, points=4)
2026-03-18 20:01:19,633 [INFO] core.cycle_fsm: Cabin 11: IDLE -> COLLECTING (angle 103.7бу crossed 100.0бу)
2026-03-18 20:01:19,633 [INFO] core.cycle_fsm: Cabin 23: COLLECTING -> PROCESSING (angle 276.9бу reached end 276.0бу (4 points), 0.412s)
2026-03-18 20:01:19,635 [INFO] core.cycle_fsm: Cabin 22: COLLECTING -> PROCESSING (angle 277.0бу reached end 276.0бу (4 points), 0.393s)
2026-03-18 20:01:19,635 [INFO] core.cycle_fsm: Cabin 10: IDLE -> COLLECTING (angle 105.4бу crossed 100.0бу)
2026-03-18 20:01:19,636 [INFO] core.cycle_fsm: Cabin 9: IDLE -> COLLECTING (angle 101.8бу crossed 100.0бу)
2026-03-18 20:01:19,640 [INFO] pipeline.processing_loop: Cabin 22: LEAK (prob=0.0002, conf=0.9998, points=4, 1.5ms)
2026-03-18 20:01:19,642 [INFO] pipeline.processing_loop: Cabin 23: OK (prob=0.9998, conf=0.9998, points=4, 1.1ms)
2026-03-18 20:01:19,693 [INFO] core.cycle_fsm: Cabin 21: COLLECTING -> PROCESSING (angle 280.1бу reached end 276.0бу (4 points), 0.409s)
2026-03-18 20:01:19,694 [INFO] core.cycle_fsm: Cabin 8: IDLE -> COLLECTING (angle 104.9бу crossed 100.0бу)
2026-03-18 20:01:19,695 [INFO] core.cycle_fsm: Cabin 20: COLLECTING -> PROCESSING (angle 277.6бу reached end 276.0бу (4 points), 0.390s)
2026-03-18 20:01:19,696 [INFO] core.cycle_fsm: Cabin 7: IDLE -> COLLECTING (angle 102.4бу crossed 100.0бу)
2026-03-18 20:01:19,696 [INFO] pipeline.processing_loop: Cabin 20: NO_BOTTLE (max=4.3 < 50.0, points=4)
2026-03-18 20:01:19,700 [INFO] pipeline.processing_loop: Cabin 21: OK (prob=1.0000, conf=1.0000, points=4, 1.5ms)
2026-03-18 20:01:19,752 [INFO] core.cycle_fsm: Cabin 19: COLLECTING -> PROCESSING (angle 278.7бу reached end 276.0бу (4 points), 0.415s)
2026-03-18 20:01:19,752 [INFO] core.cycle_fsm: Cabin 6: IDLE -> COLLECTING (angle 101.0бу crossed 100.0бу)
2026-03-18 20:01:19,754 [INFO] core.cycle_fsm: Cabin 18: COLLECTING -> PROCESSING (angle 279.4бу reached end 276.0бу (4 points), 0.385s)
2026-03-18 20:01:19,754 [INFO] core.cycle_fsm: Cabin 5: IDLE -> COLLECTING (angle 100.8бу crossed 100.0бу)
2026-03-18 20:01:19,757 [INFO] pipeline.processing_loop: Cabin 18: LEAK (prob=0.0016, conf=0.9984, points=4, 1.2ms)
2026-03-18 20:01:19,759 [INFO] pipeline.processing_loop: Cabin 19: OK (prob=0.7024, conf=0.7024, points=4, 1.1ms)
2026-03-18 20:01:19,810 [INFO] core.cycle_fsm: Cabin 17: COLLECTING -> PROCESSING (angle 278.8бу reached end 276.0бу (4 points), 0.410s)
2026-03-18 20:01:19,811 [INFO] core.cycle_fsm: Cabin 4: IDLE -> COLLECTING (angle 100.8бу crossed 100.0бу)
2026-03-18 20:01:19,812 [INFO] core.cycle_fsm: Cabin 16: COLLECTING -> PROCESSING (angle 279.9бу reached end 276.0бу (4 points), 0.380s)
2026-03-18 20:01:19,812 [INFO] core.cycle_fsm: Cabin 3: IDLE -> COLLECTING (angle 103.6бу crossed 100.0бу)
2026-03-18 20:01:19,815 [INFO] pipeline.processing_loop: Cabin 16: LEAK (prob=0.0002, conf=0.9998, points=4, 1.4ms)
2026-03-18 20:01:19,818 [INFO] pipeline.processing_loop: Cabin 17: OK (prob=0.7862, conf=0.7862, points=4, 1.3ms)
2026-03-18 20:01:19,869 [INFO] core.cycle_fsm: Cabin 15: COLLECTING -> PROCESSING (angle 279.5бу reached end 276.0бу (4 points), 0.405s)
2026-03-18 20:01:19,870 [INFO] core.cycle_fsm: Cabin 2: IDLE -> COLLECTING (angle 103.2бу crossed 100.0бу)
2026-03-18 20:01:19,871 [INFO] core.cycle_fsm: Cabin 14: COLLECTING -> PROCESSING (angle 278.1бу reached end 276.0бу (4 points), 0.376s)
2026-03-18 20:01:19,874 [INFO] pipeline.processing_loop: Cabin 14: LEAK (prob=0.0409, conf=0.9591, points=4, 1.2ms)
2026-03-18 20:01:19,875 [INFO] pipeline.processing_loop: Cabin 15: NO_BOTTLE (max=3.0 < 50.0, points=4)
2026-03-18 20:01:19,926 [INFO] core.cycle_fsm: Cabin 1: IDLE -> COLLECTING (angle 104.1бу crossed 100.0бу)
2026-03-18 20:01:19,926 [INFO] core.cycle_fsm: Cabin 13: COLLECTING -> PROCESSING (angle 281.1бу reached end 276.0бу (4 points), 0.410s)
2026-03-18 20:01:19,928 [INFO] core.cycle_fsm: Cabin 12: COLLECTING -> PROCESSING (angle 278.2бу reached end 276.0бу (4 points), 0.380s)
2026-03-18 20:01:19,928 [INFO] core.cycle_fsm: Cabin 25: IDLE -> COLLECTING (angle 103.3бу crossed 100.0бу)
2026-03-18 20:01:19,932 [INFO] pipeline.processing_loop: Cabin 12: LEAK (prob=0.0140, conf=0.9860, points=4, 1.5ms)
2026-03-18 20:01:19,934 [INFO] pipeline.processing_loop: Cabin 13: OK (prob=0.9133, conf=0.9133, points=4, 1.1ms)
2026-03-18 20:01:19,986 [INFO] core.cycle_fsm: Cabin 24: IDLE -> COLLECTING (angle 102.2бу crossed 100.0бу)
2026-03-18 20:01:19,986 [INFO] core.cycle_fsm: Cabin 11: COLLECTING -> PROCESSING (angle 281.1бу reached end 276.0бу (4 points), 0.406s)
2026-03-18 20:01:19,988 [INFO] core.cycle_fsm: Cabin 23: IDLE -> COLLECTING (angle 103.5бу crossed 100.0бу)
2026-03-18 20:01:19,988 [INFO] core.cycle_fsm: Cabin 10: COLLECTING -> PROCESSING (angle 277.0бу reached end 276.0бу (4 points), 0.366s)
2026-03-18 20:01:19,989 [INFO] core.cycle_fsm: Cabin 22: IDLE -> COLLECTING (angle 104.5бу crossed 100.0бу)
2026-03-18 20:01:19,989 [INFO] pipeline.processing_loop: Cabin 10: NO_BOTTLE (max=3.4 < 50.0, points=4)
2026-03-18 20:01:19,993 [INFO] pipeline.processing_loop: Cabin 11: OK (prob=0.9942, conf=0.9942, points=4, 1.2ms)
2026-03-18 20:01:20,045 [INFO] core.cycle_fsm: Cabin 9: COLLECTING -> PROCESSING (angle 278.2бу reached end 276.0бу (4 points), 0.413s)
2026-03-18 20:01:20,046 [INFO] core.cycle_fsm: Cabin 8: COLLECTING -> PROCESSING (angle 276.4бу reached end 276.0бу (4 points), 0.383s)
2026-03-18 20:01:20,046 [INFO] core.cycle_fsm: Cabin 21: IDLE -> COLLECTING (angle 103.3бу crossed 100.0бу)
2026-03-18 20:01:20,047 [INFO] core.cycle_fsm: Cabin 20: IDLE -> COLLECTING (angle 100.1бу crossed 100.0бу)
2026-03-18 20:01:20,047 [INFO] core.cycle_fsm: Cabin 7: COLLECTING -> PROCESSING (angle 278.6бу reached end 276.0бу (4 points), 0.363s)
2026-03-18 20:01:20,050 [INFO] pipeline.processing_loop: Cabin 7: OK (prob=0.9946, conf=0.9946, points=4, 1.2ms)
2026-03-18 20:01:20,053 [INFO] pipeline.processing_loop: Cabin 8: LEAK (prob=0.0195, conf=0.9805, points=4, 1.0ms)
2026-03-18 20:01:20,055 [INFO] pipeline.processing_loop: Cabin 9: OK (prob=0.9674, conf=0.9674, points=4, 0.9ms)
2026-03-18 20:01:20,106 [INFO] core.cycle_fsm: Cabin 6: COLLECTING -> PROCESSING (angle 277.8бу reached end 276.0бу (4 points), 0.400s)
2026-03-18 20:01:20,107 [INFO] core.cycle_fsm: Cabin 19: IDLE -> COLLECTING (angle 100.7бу crossed 100.0бу)
2026-03-18 20:01:20,108 [INFO] core.cycle_fsm: Cabin 18: IDLE -> COLLECTING (angle 102.3бу crossed 100.0бу)
2026-03-18 20:01:20,111 [INFO] pipeline.processing_loop: Cabin 6: LEAK (prob=0.0005, conf=0.9995, points=4, 1.2ms)
2026-03-18 20:01:20,162 [INFO] core.cycle_fsm: Cabin 5: COLLECTING -> PROCESSING (angle 276.8бу reached end 276.0бу (4 points), 0.414s)
2026-03-18 20:01:20,163 [INFO] core.cycle_fsm: Cabin 17: IDLE -> COLLECTING (angle 101.7бу crossed 100.0бу)
2026-03-18 20:01:20,164 [INFO] core.cycle_fsm: Cabin 4: COLLECTING -> PROCESSING (angle 277.0бу reached end 276.0бу (4 points), 0.384s)
2026-03-18 20:01:20,165 [INFO] core.cycle_fsm: Cabin 3: COLLECTING -> PROCESSING (angle 279.6бу reached end 276.0бу (4 points), 0.364s)
2026-03-18 20:01:20,165 [INFO] core.cycle_fsm: Cabin 16: IDLE -> COLLECTING (angle 101.7бу crossed 100.0бу)
2026-03-18 20:01:20,168 [INFO] pipeline.processing_loop: Cabin 3: OK (prob=0.9910, conf=0.9910, points=4, 1.2ms)
2026-03-18 20:01:20,171 [INFO] pipeline.processing_loop: Cabin 4: LEAK (prob=0.0005, conf=0.9995, points=4, 1.4ms)
2026-03-18 20:01:20,171 [INFO] pipeline.processing_loop: Cabin 5: NO_BOTTLE (max=3.2 < 50.0, points=4)
2026-03-18 20:01:20,223 [INFO] core.cycle_fsm: Cabin 2: COLLECTING -> PROCESSING (angle 280.4бу reached end 276.0бу (4 points), 0.391s)
2026-03-18 20:01:20,224 [INFO] core.cycle_fsm: Cabin 15: IDLE -> COLLECTING (angle 102.6бу crossed 100.0бу)
2026-03-18 20:01:20,225 [INFO] core.cycle_fsm: Cabin 14: IDLE -> COLLECTING (angle 101.0бу crossed 100.0бу)
2026-03-18 20:01:20,227 [INFO] pipeline.processing_loop: Cabin 2: LEAK (prob=0.0030, conf=0.9970, points=4, 1.3ms)
2026-03-18 20:01:20,280 [INFO] core.cycle_fsm: Cabin 1: COLLECTING -> PROCESSING (angle 276.0бу reached end 276.0бу (4 points), 0.405s)
2026-03-18 20:01:20,281 [INFO] core.cycle_fsm: Cabin 13: IDLE -> COLLECTING (angle 102.7бу crossed 100.0бу)
2026-03-18 20:01:20,281 [INFO] core.cycle_fsm: Cabin 25: COLLECTING -> PROCESSING (angle 280.5бу reached end 276.0бу (4 points), 0.374s)
2026-03-18 20:01:20,284 [INFO] pipeline.processing_loop: Cabin 1: OK (prob=0.9779, conf=0.9779, points=4, 1.2ms)
2026-03-18 20:01:20,284 [INFO] pipeline.processing_loop: Cabin 25: NO_BOTTLE (max=3.7 < 50.0, points=4)
2026-03-18 20:01:20,336 [INFO] core.cycle_fsm: Cabin 12: IDLE -> COLLECTING (angle 104.8бу crossed 100.0бу)
2026-03-18 20:01:20,338 [INFO] core.cycle_fsm: Cabin 24: COLLECTING -> PROCESSING (angle 277.7бу reached end 276.0бу (4 points), 0.409s)
2026-03-18 20:01:20,338 [INFO] core.cycle_fsm: Cabin 11: IDLE -> COLLECTING (angle 102.6бу crossed 100.0бу)
2026-03-18 20:01:20,339 [INFO] core.cycle_fsm: Cabin 23: COLLECTING -> PROCESSING (angle 281.1бу reached end 276.0бу (4 points), 0.379s)
2026-03-18 20:01:20,340 [INFO] core.cycle_fsm: Cabin 22: COLLECTING -> PROCESSING (angle 277.7бу reached end 276.0бу (4 points), 0.359s)
2026-03-18 20:01:20,343 [INFO] pipeline.processing_loop: Cabin 22: LEAK (prob=0.0005, conf=0.9995, points=4, 1.3ms)
2026-03-18 20:01:20,345 [INFO] pipeline.processing_loop: Cabin 23: OK (prob=1.0000, conf=1.0000, points=4, 1.2ms)
2026-03-18 20:01:20,346 [INFO] pipeline.processing_loop: Cabin 24: LEAK (prob=0.0002, conf=0.9998, points=4, 0.9ms)
2026-03-18 20:01:20,399 [INFO] core.cycle_fsm: Cabin 10: IDLE -> COLLECTING (angle 100.3бу crossed 100.0бу)
2026-03-18 20:01:20,399 [INFO] core.cycle_fsm: Cabin 9: IDLE -> COLLECTING (angle 104.1бу crossed 100.0бу)
2026-03-18 20:01:20,400 [INFO] core.cycle_fsm: Cabin 21: COLLECTING -> PROCESSING (angle 280.1бу reached end 276.0бу (4 points), 0.388s)
2026-03-18 20:01:20,400 [INFO] core.cycle_fsm: Cabin 8: IDLE -> COLLECTING (angle 102.7бу crossed 100.0бу)
2026-03-18 20:01:20,402 [INFO] core.cycle_fsm: Cabin 20: COLLECTING -> PROCESSING (angle 276.5бу reached end 276.0бу (4 points), 0.369s)
2026-03-18 20:01:20,403 [INFO] pipeline.processing_loop: Cabin 20: NO_BOTTLE (max=5.1 < 50.0, points=4)
2026-03-18 20:01:20,406 [INFO] pipeline.processing_loop: Cabin 21: OK (prob=0.9349, conf=0.9349, points=4, 1.1ms)
2026-03-18 20:01:20,457 [INFO] core.cycle_fsm: Cabin 7: IDLE -> COLLECTING (angle 101.4бу crossed 100.0бу)
2026-03-18 20:01:20,458 [INFO] core.cycle_fsm: Cabin 19: COLLECTING -> PROCESSING (angle 281.0бу reached end 276.0бу (4 points), 0.393s)
2026-03-18 20:01:20,460 [INFO] core.cycle_fsm: Cabin 6: IDLE -> COLLECTING (angle 104.1бу crossed 100.0бу)
2026-03-18 20:01:20,460 [INFO] core.cycle_fsm: Cabin 18: COLLECTING -> PROCESSING (angle 278.5бу reached end 276.0бу (4 points), 0.363s)
2026-03-18 20:01:20,463 [INFO] pipeline.processing_loop: Cabin 18: LEAK (prob=0.0011, conf=0.9989, points=4, 1.2ms)
2026-03-18 20:01:20,464 [INFO] pipeline.processing_loop: Cabin 19: OK (prob=0.3732, conf=0.3732, points=4, 1.1ms)
2026-03-18 20:01:20,516 [INFO] core.cycle_fsm: Cabin 5: IDLE -> COLLECTING (angle 103.2бу crossed 100.0бу)
2026-03-18 20:01:20,516 [INFO] core.cycle_fsm: Cabin 17: COLLECTING -> PROCESSING (angle 277.8бу reached end 276.0бу (4 points), 0.388s)
2026-03-18 20:01:20,520 [INFO] pipeline.processing_loop: Cabin 17: OK (prob=0.7151, conf=0.7151, points=4, 1.2ms)
2026-03-18 20:01:20,571 [INFO] core.cycle_fsm: Cabin 4: IDLE -> COLLECTING (angle 105.5бу crossed 100.0бу)
2026-03-18 20:01:20,572 [INFO] core.cycle_fsm: Cabin 16: COLLECTING -> PROCESSING (angle 280.0бу reached end 276.0бу (4 points), 0.411s)
2026-03-18 20:01:20,572 [INFO] core.cycle_fsm: Cabin 3: IDLE -> COLLECTING (angle 105.0бу crossed 100.0бу)
2026-03-18 20:01:20,573 [INFO] core.cycle_fsm: Cabin 15: COLLECTING -> PROCESSING (angle 279.1бу reached end 276.0бу (4 points), 0.381s)
2026-03-18 20:01:20,573 [INFO] core.cycle_fsm: Cabin 2: IDLE -> COLLECTING (angle 102.6бу crossed 100.0бу)
2026-03-18 20:01:20,575 [INFO] core.cycle_fsm: Cabin 14: COLLECTING -> PROCESSING (angle 278.6бу reached end 276.0бу (4 points), 0.361s)
2026-03-18 20:01:20,576 [INFO] pipeline.processing_loop: Cabin 14: LEAK (prob=0.0044, conf=0.9956, points=4, 1.2ms)
2026-03-18 20:01:20,578 [INFO] pipeline.processing_loop: Cabin 15: NO_BOTTLE (max=4.4 < 50.0, points=4)
2026-03-18 20:01:20,581 [INFO] pipeline.processing_loop: Cabin 16: LEAK (prob=0.0016, conf=0.9984, points=4, 0.9ms)
2026-03-18 20:01:20,632 [INFO] core.cycle_fsm: Cabin 1: IDLE -> COLLECTING (angle 104.7бу crossed 100.0бу)
2026-03-18 20:01:20,634 [INFO] core.cycle_fsm: Cabin 13: COLLECTING -> PROCESSING (angle 278.9бу reached end 276.0бу (4 points), 0.388s)
2026-03-18 20:01:20,637 [INFO] pipeline.processing_loop: Cabin 13: OK (prob=1.0000, conf=1.0000, points=4, 1.2ms)
2026-03-18 20:01:20,688 [INFO] core.cycle_fsm: Cabin 12: COLLECTING -> PROCESSING (angle 277.2бу reached end 276.0бу (4 points), 0.400s)
2026-03-18 20:01:20,688 [INFO] core.cycle_fsm: Cabin 25: IDLE -> COLLECTING (angle 101.7бу crossed 100.0бу)
2026-03-18 20:01:20,690 [INFO] core.cycle_fsm: Cabin 24: IDLE -> COLLECTING (angle 100.9бу crossed 100.0бу)
2026-03-18 20:01:20,690 [INFO] core.cycle_fsm: Cabin 11: COLLECTING -> PROCESSING (angle 279.0бу reached end 276.0бу (4 points), 0.382s)
2026-03-18 20:01:20,691 [INFO] core.cycle_fsm: Cabin 23: IDLE -> COLLECTING (angle 103.6бу crossed 100.0бу)
2026-03-18 20:01:20,694 [INFO] pipeline.processing_loop: Cabin 11: OK (prob=0.9468, conf=0.9468, points=4, 1.4ms)
2026-03-18 20:01:20,697 [INFO] pipeline.processing_loop: Cabin 12: LEAK (prob=0.0079, conf=0.9921, points=4, 1.2ms)
2026-03-18 20:01:20,748 [INFO] core.cycle_fsm: Cabin 10: COLLECTING -> PROCESSING (angle 276.8бу reached end 276.0бу (4 points), 0.409s)
2026-03-18 20:01:20,750 [INFO] core.cycle_fsm: Cabin 22: IDLE -> COLLECTING (angle 101.0бу crossed 100.0бу)
2026-03-18 20:01:20,752 [INFO] core.cycle_fsm: Cabin 9: COLLECTING -> PROCESSING (angle 279.1бу reached end 276.0бу (4 points), 0.381s)
2026-03-18 20:01:20,753 [INFO] core.cycle_fsm: Cabin 21: IDLE -> COLLECTING (angle 103.2бу crossed 100.0бу)
2026-03-18 20:01:20,756 [INFO] pipeline.processing_loop: Cabin 9: OK (prob=0.9763, conf=0.9763, points=4, 1.5ms)
2026-03-18 20:01:20,756 [INFO] pipeline.processing_loop: Cabin 10: NO_BOTTLE (max=3.0 < 50.0, points=4)
2026-03-18 20:01:20,809 [INFO] core.cycle_fsm: Cabin 8: COLLECTING -> PROCESSING (angle 279.9бу reached end 276.0бу (4 points), 0.417s)
2026-03-18 20:01:20,810 [INFO] core.cycle_fsm: Cabin 7: COLLECTING -> PROCESSING (angle 277.6бу reached end 276.0бу (4 points), 0.397s)
2026-03-18 20:01:20,810 [INFO] core.cycle_fsm: Cabin 20: IDLE -> COLLECTING (angle 103.8бу crossed 100.0бу)
2026-03-18 20:01:20,811 [INFO] core.cycle_fsm: Cabin 6: COLLECTING -> PROCESSING (angle 280.3бу reached end 276.0бу (4 points), 0.367s)
2026-03-18 20:01:20,811 [INFO] core.cycle_fsm: Cabin 19: IDLE -> COLLECTING (angle 102.0бу crossed 100.0бу)
2026-03-18 20:01:20,814 [INFO] pipeline.processing_loop: Cabin 6: LEAK (prob=0.0004, conf=0.9996, points=4, 1.5ms)
2026-03-18 20:01:20,818 [INFO] pipeline.processing_loop: Cabin 7: OK (prob=1.0000, conf=1.0000, points=4, 1.1ms)
2026-03-18 20:01:20,819 [INFO] pipeline.processing_loop: Cabin 8: LEAK (prob=0.0046, conf=0.9954, points=4, 1.0ms)
2026-03-18 20:01:20,871 [INFO] core.cycle_fsm: Cabin 18: IDLE -> COLLECTING (angle 100.6бу crossed 100.0бу)
2026-03-18 20:01:20,872 [INFO] core.cycle_fsm: Cabin 5: COLLECTING -> PROCESSING (angle 281.0бу reached end 276.0бу (4 points), 0.386s)
2026-03-18 20:01:20,873 [INFO] core.cycle_fsm: Cabin 17: IDLE -> COLLECTING (angle 100.3бу crossed 100.0бу)
2026-03-18 20:01:20,874 [INFO] core.cycle_fsm: Cabin 4: COLLECTING -> PROCESSING (angle 278.0бу reached end 276.0бу (4 points), 0.356s)
2026-03-18 20:01:20,877 [INFO] pipeline.processing_loop: Cabin 4: LEAK (prob=0.0039, conf=0.9961, points=4, 1.7ms)
2026-03-18 20:01:20,878 [INFO] pipeline.processing_loop: Cabin 5: NO_BOTTLE (max=2.7 < 50.0, points=4)
2026-03-18 20:01:20,930 [INFO] core.cycle_fsm: Cabin 3: COLLECTING -> PROCESSING (angle 278.4бу reached end 276.0бу (4 points), 0.392s)
2026-03-18 20:01:20,930 [INFO] core.cycle_fsm: Cabin 16: IDLE -> COLLECTING (angle 102.9бу crossed 100.0бу)
2026-03-18 20:01:20,932 [INFO] core.cycle_fsm: Cabin 2: COLLECTING -> PROCESSING (angle 280.3бу reached end 276.0бу (4 points), 0.372s)
2026-03-18 20:01:20,932 [INFO] core.cycle_fsm: Cabin 15: IDLE -> COLLECTING (angle 105.3бу crossed 100.0бу)
2026-03-18 20:01:20,935 [INFO] pipeline.processing_loop: Cabin 2: LEAK (prob=0.0016, conf=0.9984, points=4, 1.3ms)
2026-03-18 20:01:20,936 [INFO] pipeline.processing_loop: Cabin 3: OK (prob=0.9884, conf=0.9884, points=4, 1.2ms)
2026-03-18 20:01:20,989 [INFO] core.cycle_fsm: Cabin 14: IDLE -> COLLECTING (angle 101.0бу crossed 100.0бу)
2026-03-18 20:01:20,989 [INFO] core.cycle_fsm: Cabin 1: COLLECTING -> PROCESSING (angle 277.1бу reached end 276.0бу (4 points), 0.388s)
2026-03-18 20:01:20,991 [INFO] core.cycle_fsm: Cabin 13: IDLE -> COLLECTING (angle 101.3бу crossed 100.0бу)
2026-03-18 20:01:20,993 [INFO] pipeline.processing_loop: Cabin 1: OK (prob=0.9811, conf=0.9811, points=4, 1.2ms)
2026-03-18 20:01:21,045 [INFO] core.cycle_fsm: Cabin 25: COLLECTING -> PROCESSING (angle 278.5бу reached end 276.0бу (4 points), 0.412s)
2026-03-18 20:01:21,046 [INFO] core.cycle_fsm: Cabin 12: IDLE -> COLLECTING (angle 100.5бу crossed 100.0бу)
2026-03-18 20:01:21,046 [INFO] core.cycle_fsm: Cabin 24: COLLECTING -> PROCESSING (angle 278.2бу reached end 276.0бу (4 points), 0.392s)
2026-03-18 20:01:21,048 [INFO] core.cycle_fsm: Cabin 11: IDLE -> COLLECTING (angle 101.8бу crossed 100.0бу)
2026-03-18 20:01:21,048 [INFO] core.cycle_fsm: Cabin 23: COLLECTING -> PROCESSING (angle 280.1бу reached end 276.0бу (4 points), 0.362s)
2026-03-18 20:01:21,051 [INFO] pipeline.processing_loop: Cabin 23: OK (prob=0.8170, conf=0.8170, points=4, 1.3ms)
2026-03-18 20:01:21,054 [INFO] pipeline.processing_loop: Cabin 24: LEAK (prob=0.0062, conf=0.9938, points=4, 1.0ms)
2026-03-18 20:01:21,054 [INFO] pipeline.processing_loop: Cabin 25: NO_BOTTLE (max=4.0 < 50.0, points=4)
2026-03-18 20:01:21,106 [INFO] core.cycle_fsm: Cabin 22: COLLECTING -> PROCESSING (angle 277.1бу reached end 276.0бу (4 points), 0.410s)
2026-03-18 20:01:21,107 [INFO] core.cycle_fsm: Cabin 10: IDLE -> COLLECTING (angle 101.0бу crossed 100.0бу)
2026-03-18 20:01:21,108 [INFO] core.cycle_fsm: Cabin 9: IDLE -> COLLECTING (angle 102.3бу crossed 100.0бу)
2026-03-18 20:01:21,108 [INFO] core.cycle_fsm: Cabin 21: COLLECTING -> PROCESSING (angle 279.9бу reached end 276.0бу (4 points), 0.370s)
2026-03-18 20:01:21,112 [INFO] pipeline.processing_loop: Cabin 21: OK (prob=0.7388, conf=0.7388, points=4, 1.2ms)
2026-03-18 20:01:21,115 [INFO] pipeline.processing_loop: Cabin 22: LEAK (prob=0.0034, conf=0.9966, points=4, 1.3ms)
2026-03-18 20:01:21,166 [INFO] core.cycle_fsm: Cabin 8: IDLE -> COLLECTING (angle 105.0бу crossed 100.0бу)
2026-03-18 20:01:21,166 [INFO] core.cycle_fsm: Cabin 20: COLLECTING -> PROCESSING (angle 280.6бу reached end 276.0бу (4 points), 0.396s)
2026-03-18 20:01:21,168 [INFO] core.cycle_fsm: Cabin 7: IDLE -> COLLECTING (angle 104.9бу crossed 100.0бу)
2026-03-18 20:01:21,168 [INFO] core.cycle_fsm: Cabin 19: COLLECTING -> PROCESSING (angle 280.9бу reached end 276.0бу (4 points), 0.366s)
2026-03-18 20:01:21,171 [INFO] pipeline.processing_loop: Cabin 19: OK (prob=0.6528, conf=0.6528, points=4, 1.4ms)
2026-03-18 20:01:21,172 [INFO] pipeline.processing_loop: Cabin 20: NO_BOTTLE (max=4.3 < 50.0, points=4)
2026-03-18 20:01:21,224 [INFO] core.cycle_fsm: Cabin 6: IDLE -> COLLECTING (angle 101.6бу crossed 100.0бу)
2026-03-18 20:01:21,224 [INFO] core.cycle_fsm: Cabin 18: COLLECTING -> PROCESSING (angle 276.2бу reached end 276.0бу (4 points), 0.401s)
2026-03-18 20:01:21,226 [INFO] core.cycle_fsm: Cabin 5: IDLE -> COLLECTING (angle 102.9бу crossed 100.0бу)
2026-03-18 20:01:21,226 [INFO] core.cycle_fsm: Cabin 17: COLLECTING -> PROCESSING (angle 278.3бу reached end 276.0бу (4 points), 0.371s)
2026-03-18 20:01:21,230 [INFO] pipeline.processing_loop: Cabin 17: OK (prob=0.9998, conf=0.9998, points=4, 2.7ms)
2026-03-18 20:01:21,233 [INFO] pipeline.processing_loop: Cabin 18: LEAK (prob=0.0006, conf=0.9994, points=4, 1.1ms)
2026-03-18 20:01:21,284 [INFO] core.cycle_fsm: Cabin 4: IDLE -> COLLECTING (angle 100.4бу crossed 100.0бу)
2026-03-18 20:01:21,285 [INFO] core.cycle_fsm: Cabin 16: COLLECTING -> PROCESSING (angle 278.6бу reached end 276.0бу (4 points), 0.398s)
2026-03-18 20:01:21,286 [INFO] core.cycle_fsm: Cabin 3: IDLE -> COLLECTING (angle 104.8бу crossed 100.0бу)
2026-03-18 20:01:21,288 [INFO] pipeline.processing_loop: Cabin 16: LEAK (prob=0.0016, conf=0.9984, points=4, 1.3ms)
2026-03-18 20:01:21,340 [INFO] core.cycle_fsm: Cabin 2: IDLE -> COLLECTING (angle 101.2бу crossed 100.0бу)
2026-03-18 20:01:21,341 [INFO] core.cycle_fsm: Cabin 15: COLLECTING -> PROCESSING (angle 281.3бу reached end 276.0бу (4 points), 0.412s)
2026-03-18 20:01:21,343 [INFO] core.cycle_fsm: Cabin 14: COLLECTING -> PROCESSING (angle 279.2бу reached end 276.0бу (4 points), 0.403s)
2026-03-18 20:01:21,343 [INFO] core.cycle_fsm: Cabin 1: IDLE -> COLLECTING (angle 100.4бу crossed 100.0бу)
2026-03-18 20:01:21,344 [INFO] core.cycle_fsm: Cabin 13: COLLECTING -> PROCESSING (angle 279.4бу reached end 276.0бу (4 points), 0.374s)
2026-03-18 20:01:21,348 [INFO] pipeline.processing_loop: Cabin 13: OK (prob=0.9557, conf=0.9557, points=4, 1.7ms)
2026-03-18 20:01:21,351 [INFO] pipeline.processing_loop: Cabin 14: LEAK (prob=0.0006, conf=0.9994, points=4, 1.4ms)
2026-03-18 20:01:21,352 [INFO] pipeline.processing_loop: Cabin 15: NO_BOTTLE (max=4.7 < 50.0, points=4)
2026-03-18 20:01:21,404 [INFO] core.cycle_fsm: Cabin 12: COLLECTING -> PROCESSING (angle 278.1бу reached end 276.0бу (4 points), 0.403s)
2026-03-18 20:01:21,405 [INFO] core.cycle_fsm: Cabin 25: IDLE -> COLLECTING (angle 105.1бу crossed 100.0бу)
2026-03-18 20:01:21,406 [INFO] core.cycle_fsm: Cabin 11: COLLECTING -> PROCESSING (angle 277.5бу reached end 276.0бу (4 points), 0.373s)
2026-03-18 20:01:21,406 [INFO] core.cycle_fsm: Cabin 24: IDLE -> COLLECTING (angle 105.1бу crossed 100.0бу)
2026-03-18 20:01:21,410 [INFO] pipeline.processing_loop: Cabin 11: OK (prob=0.8080, conf=0.8080, points=4, 1.4ms)
2026-03-18 20:01:21,411 [INFO] pipeline.processing_loop: Cabin 12: LEAK (prob=0.0189, conf=0.9811, points=4, 1.1ms)
2026-03-18 20:01:21,463 [INFO] core.cycle_fsm: Cabin 23: IDLE -> COLLECTING (angle 103.3бу crossed 100.0бу)
2026-03-18 20:01:21,464 [INFO] core.cycle_fsm: Cabin 10: COLLECTING -> PROCESSING (angle 278.4бу reached end 276.0бу (4 points), 0.399s)
2026-03-18 20:01:21,465 [INFO] core.cycle_fsm: Cabin 22: IDLE -> COLLECTING (angle 105.2бу crossed 100.0бу)
2026-03-18 20:01:21,466 [INFO] core.cycle_fsm: Cabin 9: COLLECTING -> PROCESSING (angle 277.8бу reached end 276.0бу (4 points), 0.369s)
2026-03-18 20:01:21,468 [INFO] pipeline.processing_loop: Cabin 9: OK (prob=0.9750, conf=0.9750, points=4, 1.2ms)
2026-03-18 20:01:21,469 [INFO] pipeline.processing_loop: Cabin 10: NO_BOTTLE (max=2.9 < 50.0, points=4)
2026-03-18 20:01:21,521 [INFO] core.cycle_fsm: Cabin 21: IDLE -> COLLECTING (angle 100.4бу crossed 100.0бу)
2026-03-18 20:01:21,522 [INFO] core.cycle_fsm: Cabin 8: COLLECTING -> PROCESSING (angle 276.4бу reached end 276.0бу (4 points), 0.393s)
2026-03-18 20:01:21,523 [INFO] core.cycle_fsm: Cabin 20: IDLE -> COLLECTING (angle 103.4бу crossed 100.0бу)
2026-03-18 20:01:21,523 [INFO] core.cycle_fsm: Cabin 7: COLLECTING -> PROCESSING (angle 279.7бу reached end 276.0бу (4 points), 0.373s)
2026-03-18 20:01:21,526 [INFO] pipeline.processing_loop: Cabin 7: OK (prob=0.9910, conf=0.9910, points=4, 1.2ms)
2026-03-18 20:01:21,529 [INFO] pipeline.processing_loop: Cabin 8: LEAK (prob=0.0028, conf=0.9972, points=4, 1.1ms)
2026-03-18 20:01:21,580 [INFO] core.cycle_fsm: Cabin 6: COLLECTING -> PROCESSING (angle 279.1бу reached end 276.0бу (4 points), 0.409s)
2026-03-18 20:01:21,581 [INFO] core.cycle_fsm: Cabin 19: IDLE -> COLLECTING (angle 102.5бу crossed 100.0бу)
2026-03-18 20:01:21,581 [INFO] core.cycle_fsm: Cabin 18: IDLE -> COLLECTING (angle 103.7бу crossed 100.0бу)
2026-03-18 20:01:21,583 [INFO] core.cycle_fsm: Cabin 5: COLLECTING -> PROCESSING (angle 278.5бу reached end 276.0бу (4 points), 0.369s)
2026-03-18 20:01:21,583 [INFO] pipeline.processing_loop: Cabin 5: NO_BOTTLE (max=3.1 < 50.0, points=4)
2026-03-18 20:01:21,586 [INFO] pipeline.processing_loop: Cabin 6: LEAK (prob=0.0008, conf=0.9992, points=4, 1.1ms)
2026-03-18 20:01:21,637 [INFO] core.cycle_fsm: Cabin 17: IDLE -> COLLECTING (angle 103.9бу crossed 100.0бу)
2026-03-18 20:01:21,639 [INFO] core.cycle_fsm: Cabin 4: COLLECTING -> PROCESSING (angle 280.3бу reached end 276.0бу (4 points), 0.404s)
2026-03-18 20:01:21,639 [INFO] core.cycle_fsm: Cabin 3: COLLECTING -> PROCESSING (angle 276.1бу reached end 276.0бу (4 points), 0.372s)
2026-03-18 20:01:21,639 [INFO] core.cycle_fsm: Cabin 16: IDLE -> COLLECTING (angle 103.5бу crossed 100.0бу)
2026-03-18 20:01:21,642 [INFO] pipeline.processing_loop: Cabin 3: OK (prob=0.9803, conf=0.9803, points=4, 1.2ms)
2026-03-18 20:01:21,645 [INFO] pipeline.processing_loop: Cabin 4: LEAK (prob=0.0334, conf=0.9666, points=4, 0.9ms)
2026-03-18 20:01:21,696 [INFO] core.cycle_fsm: Cabin 2: COLLECTING -> PROCESSING (angle 277.3бу reached end 276.0бу (4 points), 0.408s)
2026-03-18 20:01:21,696 [INFO] core.cycle_fsm: Cabin 15: IDLE -> COLLECTING (angle 101.3бу crossed 100.0бу)
2026-03-18 20:01:21,696 [INFO] core.cycle_fsm: Cabin 14: IDLE -> COLLECTING (angle 100.9бу crossed 100.0бу)
2026-03-18 20:01:21,704 [INFO] core.cycle_fsm: Cabin 1: COLLECTING -> PROCESSING (angle 278.6бу reached end 276.0бу (4 points), 0.384s)
2026-03-18 20:01:21,707 [INFO] pipeline.processing_loop: Cabin 1: OK (prob=0.9953, conf=0.9953, points=4, 1.3ms)
2026-03-18 20:01:21,708 [INFO] pipeline.processing_loop: Cabin 2: LEAK (prob=0.0021, conf=0.9979, points=4, 0.9ms)
2026-03-18 20:01:21,760 [INFO] core.cycle_fsm: Cabin 13: IDLE -> COLLECTING (angle 102.1бу crossed 100.0бу)
2026-03-18 20:01:21,761 [INFO] core.cycle_fsm: Cabin 25: COLLECTING -> PROCESSING (angle 278.2бу reached end 276.0бу (4 points), 0.389s)
2026-03-18 20:01:21,762 [INFO] core.cycle_fsm: Cabin 12: IDLE -> COLLECTING (angle 100.5бу crossed 100.0бу)
2026-03-18 20:01:21,763 [INFO] core.cycle_fsm: Cabin 24: COLLECTING -> PROCESSING (angle 280.6бу reached end 276.0бу (4 points), 0.370s)
2026-03-18 20:01:21,766 [INFO] pipeline.processing_loop: Cabin 24: LEAK (prob=0.0015, conf=0.9985, points=4, 1.2ms)
2026-03-18 20:01:21,766 [INFO] pipeline.processing_loop: Cabin 25: NO_BOTTLE (max=3.1 < 50.0, points=4)
2026-03-18 20:01:21,818 [INFO] core.cycle_fsm: Cabin 11: IDLE -> COLLECTING (angle 100.6бу crossed 100.0бу)
2026-03-18 20:01:21,819 [INFO] core.cycle_fsm: Cabin 23: COLLECTING -> PROCESSING (angle 276.2бу reached end 276.0бу (4 points), 0.404s)
2026-03-18 20:01:21,819 [INFO] core.cycle_fsm: Cabin 10: IDLE -> COLLECTING (angle 101.7бу crossed 100.0бу)
2026-03-18 20:01:21,821 [INFO] core.cycle_fsm: Cabin 22: COLLECTING -> PROCESSING (angle 280.4бу reached end 276.0бу (4 points), 0.384s)
2026-03-18 20:01:21,823 [INFO] pipeline.processing_loop: Cabin 22: LEAK (prob=0.0019, conf=0.9981, points=4, 1.4ms)
2026-03-18 20:01:21,825 [INFO] pipeline.processing_loop: Cabin 23: OK (prob=0.6542, conf=0.6542, points=4, 1.1ms)
2026-03-18 20:01:21,877 [INFO] core.cycle_fsm: Cabin 9: IDLE -> COLLECTING (angle 100.0бу crossed 100.0бу)
2026-03-18 20:01:21,877 [INFO] core.cycle_fsm: Cabin 21: COLLECTING -> PROCESSING (angle 277.2бу reached end 276.0бу (4 points), 0.409s)
2026-03-18 20:01:21,879 [INFO] core.cycle_fsm: Cabin 8: IDLE -> COLLECTING (angle 102.9бу crossed 100.0бу)
2026-03-18 20:01:21,879 [INFO] core.cycle_fsm: Cabin 20: COLLECTING -> PROCESSING (angle 280.4бу reached end 276.0бу (4 points), 0.379s)
2026-03-18 20:01:21,880 [INFO] pipeline.processing_loop: Cabin 20: NO_BOTTLE (max=3.7 < 50.0, points=4)
2026-03-18 20:01:21,882 [INFO] pipeline.processing_loop: Cabin 21: OK (prob=0.7388, conf=0.7388, points=4, 1.1ms)
2026-03-18 20:01:21,936 [INFO] core.cycle_fsm: Cabin 7: IDLE -> COLLECTING (angle 103.8бу crossed 100.0бу)
2026-03-18 20:01:21,936 [INFO] core.cycle_fsm: Cabin 19: COLLECTING -> PROCESSING (angle 280.6бу reached end 276.0бу (4 points), 0.404s)
2026-03-18 20:01:21,938 [INFO] core.cycle_fsm: Cabin 6: IDLE -> COLLECTING (angle 101.0бу crossed 100.0бу)
2026-03-18 20:01:21,939 [INFO] core.cycle_fsm: Cabin 18: COLLECTING -> PROCESSING (angle 279.7бу reached end 276.0бу (4 points), 0.376s)
2026-03-18 20:01:21,941 [INFO] pipeline.processing_loop: Cabin 18: LEAK (prob=0.0024, conf=0.9976, points=4, 1.3ms)
2026-03-18 20:01:21,944 [INFO] pipeline.processing_loop: Cabin 19: OK (prob=0.9237, conf=0.9237, points=4, 1.1ms)
2026-03-18 20:01:21,995 [INFO] core.cycle_fsm: Cabin 5: IDLE -> COLLECTING (angle 101.3бу crossed 100.0бу)
2026-03-18 20:01:21,995 [INFO] core.cycle_fsm: Cabin 17: COLLECTING -> PROCESSING (angle 276.7бу reached end 276.0бу (4 points), 0.400s)
2026-03-18 20:01:21,997 [INFO] core.cycle_fsm: Cabin 4: IDLE -> COLLECTING (angle 101.4бу crossed 100.0бу)
2026-03-18 20:01:21,997 [INFO] core.cycle_fsm: Cabin 16: COLLECTING -> PROCESSING (angle 278.9бу reached end 276.0бу (4 points), 0.381s)
2026-03-18 20:01:22,000 [INFO] pipeline.processing_loop: Cabin 16: LEAK (prob=0.0003, conf=0.9997, points=4, 1.3ms)
2026-03-18 20:01:22,002 [INFO] pipeline.processing_loop: Cabin 17: OK (prob=1.0000, conf=1.0000, points=4, 1.2ms)
2026-03-18 20:01:22,055 [INFO] core.cycle_fsm: Cabin 3: IDLE -> COLLECTING (angle 104.6бу crossed 100.0бу)
2026-03-18 20:01:22,056 [INFO] core.cycle_fsm: Cabin 15: COLLECTING -> PROCESSING (angle 280.1бу reached end 276.0бу (4 points), 0.397s)
2026-03-18 20:01:22,056 [INFO] core.cycle_fsm: Cabin 2: IDLE -> COLLECTING (angle 104.1бу crossed 100.0бу)
2026-03-18 20:01:22,058 [INFO] core.cycle_fsm: Cabin 14: COLLECTING -> PROCESSING (angle 276.3бу reached end 276.0бу (4 points), 0.389s)
2026-03-18 20:01:22,058 [INFO] core.cycle_fsm: Cabin 1: IDLE -> COLLECTING (angle 100.4бу crossed 100.0бу)
2026-03-18 20:01:22,061 [INFO] pipeline.processing_loop: Cabin 14: LEAK (prob=0.0029, conf=0.9971, points=4, 1.4ms)
2026-03-18 20:01:22,063 [INFO] pipeline.processing_loop: Cabin 15: NO_BOTTLE (max=4.9 < 50.0, points=4)
2026-03-18 20:01:22,128 [INFO] core.cycle_fsm: Cabin 13: COLLECTING -> PROCESSING (angle 278.8бу reached end 276.0бу (4 points), 0.424s)
2026-03-18 20:01:22,129 [INFO] core.cycle_fsm: Cabin 12: COLLECTING -> PROCESSING (angle 277.8бу reached end 276.0бу (4 points), 0.393s)
2026-03-18 20:01:22,131 [INFO] core.cycle_fsm: Cabin 25: IDLE -> COLLECTING (angle 100.8бу crossed 100.0бу)
2026-03-18 20:01:22,132 [INFO] core.cycle_fsm: Cabin 11: COLLECTING -> PROCESSING (angle 277.9бу reached end 276.0бу (4 points), 0.365s)
2026-03-18 20:01:22,133 [INFO] core.cycle_fsm: Cabin 24: IDLE -> COLLECTING (angle 102.0бу crossed 100.0бу)
2026-03-18 20:01:22,143 [INFO] pipeline.processing_loop: Cabin 11: OK (prob=0.9416, conf=0.9416, points=4, 8.9ms)
2026-03-18 20:01:22,146 [INFO] pipeline.processing_loop: Cabin 12: OK (prob=0.9624, conf=0.9624, points=4, 1.2ms)
2026-03-18 20:01:22,149 [INFO] pipeline.processing_loop: Cabin 13: OK (prob=0.9285, conf=0.9285, points=4, 1.4ms)
2026-03-18 20:01:22,201 [INFO] core.cycle_fsm: Cabin 23: IDLE -> COLLECTING (angle 100.5бу crossed 100.0бу)
2026-03-18 20:01:22,202 [INFO] core.cycle_fsm: Cabin 10: COLLECTING -> PROCESSING (angle 278.7бу reached end 276.0бу (4 points), 0.402s)
2026-03-18 20:01:22,203 [INFO] core.cycle_fsm: Cabin 22: IDLE -> COLLECTING (angle 102.8бу crossed 100.0бу)
2026-03-18 20:01:22,203 [INFO] core.cycle_fsm: Cabin 9: COLLECTING -> PROCESSING (angle 276.1бу reached end 276.0бу (4 points), 0.372s)
2026-03-18 20:01:22,206 [INFO] pipeline.processing_loop: Cabin 9: OK (prob=1.0000, conf=1.0000, points=4, 1.2ms)
2026-03-18 20:01:22,206 [INFO] pipeline.processing_loop: Cabin 10: NO_BOTTLE (max=4.1 < 50.0, points=4)
2026-03-18 20:01:22,259 [INFO] core.cycle_fsm: Cabin 21: IDLE -> COLLECTING (angle 105.4бу crossed 100.0бу)
2026-03-18 20:01:22,259 [INFO] core.cycle_fsm: Cabin 8: COLLECTING -> PROCESSING (angle 280.1бу reached end 276.0бу (4 points), 0.396s)
2026-03-18 20:01:22,261 [INFO] core.cycle_fsm: Cabin 20: IDLE -> COLLECTING (angle 101.5бу crossed 100.0бу)
2026-03-18 20:01:22,261 [INFO] core.cycle_fsm: Cabin 7: COLLECTING -> PROCESSING (angle 280.0бу reached end 276.0бу (4 points), 0.376s)
2026-03-18 20:01:22,264 [INFO] pipeline.processing_loop: Cabin 7: OK (prob=0.9917, conf=0.9917, points=4, 1.2ms)
2026-03-18 20:01:22,265 [INFO] pipeline.processing_loop: Cabin 8: LEAK (prob=0.0058, conf=0.9942, points=4, 1.1ms)
2026-03-18 20:01:22,318 [INFO] core.cycle_fsm: Cabin 6: COLLECTING -> PROCESSING (angle 278.8бу reached end 276.0бу (4 points), 0.412s)
2026-03-18 20:01:22,318 [INFO] core.cycle_fsm: Cabin 19: IDLE -> COLLECTING (angle 103.0бу crossed 100.0бу)
2026-03-18 20:01:22,320 [INFO] core.cycle_fsm: Cabin 18: IDLE -> COLLECTING (angle 104.1бу crossed 100.0бу)
2026-03-18 20:01:22,320 [INFO] core.cycle_fsm: Cabin 5: COLLECTING -> PROCESSING (angle 278.6бу reached end 276.0бу (4 points), 0.372s)
2026-03-18 20:01:22,321 [INFO] pipeline.processing_loop: Cabin 5: NO_BOTTLE (max=3.7 < 50.0, points=4)
2026-03-18 20:01:22,324 [INFO] pipeline.processing_loop: Cabin 6: LEAK (prob=0.0255, conf=0.9745, points=4, 1.3ms)
2026-03-18 20:01:22,376 [INFO] core.cycle_fsm: Cabin 17: IDLE -> COLLECTING (angle 102.2бу crossed 100.0бу)
2026-03-18 20:01:22,377 [INFO] core.cycle_fsm: Cabin 4: COLLECTING -> PROCESSING (angle 278.8бу reached end 276.0бу (4 points), 0.397s)
2026-03-18 20:01:22,378 [INFO] core.cycle_fsm: Cabin 16: IDLE -> COLLECTING (angle 101.8бу crossed 100.0бу)
2026-03-18 20:01:22,378 [INFO] core.cycle_fsm: Cabin 3: COLLECTING -> PROCESSING (angle 280.1бу reached end 276.0бу (4 points), 0.378s)
2026-03-18 20:01:22,381 [INFO] pipeline.processing_loop: Cabin 3: OK (prob=0.9803, conf=0.9803, points=4, 1.2ms)
2026-03-18 20:01:22,383 [INFO] pipeline.processing_loop: Cabin 4: LEAK (prob=0.0012, conf=0.9988, points=4, 1.1ms)
2026-03-18 20:01:22,435 [INFO] core.cycle_fsm: Cabin 2: COLLECTING -> PROCESSING (angle 279.9бу reached end 276.0бу (4 points), 0.403s)
2026-03-18 20:01:22,436 [INFO] core.cycle_fsm: Cabin 15: IDLE -> COLLECTING (angle 103.7бу crossed 100.0бу)
2026-03-18 20:01:22,437 [INFO] core.cycle_fsm: Cabin 1: COLLECTING -> PROCESSING (angle 277.5бу reached end 276.0бу (4 points), 0.384s)
2026-03-18 20:01:22,437 [INFO] core.cycle_fsm: Cabin 14: IDLE -> COLLECTING (angle 102.9бу crossed 100.0бу)
2026-03-18 20:01:22,440 [INFO] pipeline.processing_loop: Cabin 1: OK (prob=0.9978, conf=0.9978, points=4, 1.2ms)
2026-03-18 20:01:22,442 [INFO] pipeline.processing_loop: Cabin 2: LEAK (prob=0.0007, conf=0.9993, points=4, 1.2ms)
2026-03-18 20:01:22,493 [INFO] core.cycle_fsm: Cabin 13: IDLE -> COLLECTING (angle 104.6бу crossed 100.0бу)
2026-03-18 20:01:22,495 [INFO] core.cycle_fsm: Cabin 25: COLLECTING -> PROCESSING (angle 278.8бу reached end 276.0бу (4 points), 0.400s)
2026-03-18 20:01:22,495 [INFO] core.cycle_fsm: Cabin 12: IDLE -> COLLECTING (angle 103.6бу crossed 100.0бу)
2026-03-18 20:01:22,496 [INFO] core.cycle_fsm: Cabin 24: COLLECTING -> PROCESSING (angle 280.5бу reached end 276.0бу (4 points), 0.369s)
2026-03-18 20:01:22,499 [INFO] pipeline.processing_loop: Cabin 24: LEAK (prob=0.0002, conf=0.9998, points=4, 1.2ms)
2026-03-18 20:01:22,499 [INFO] pipeline.processing_loop: Cabin 25: NO_BOTTLE (max=2.7 < 50.0, points=4)
2026-03-18 20:01:22,552 [INFO] core.cycle_fsm: Cabin 23: COLLECTING -> PROCESSING (angle 278.5бу reached end 276.0бу (4 points), 0.414s)
2026-03-18 20:01:22,553 [INFO] core.cycle_fsm: Cabin 11: IDLE -> COLLECTING (angle 104.2бу crossed 100.0бу)
2026-03-18 20:01:22,553 [INFO] core.cycle_fsm: Cabin 22: COLLECTING -> PROCESSING (angle 280.0бу reached end 276.0бу (4 points), 0.383s)
2026-03-18 20:01:22,554 [INFO] core.cycle_fsm: Cabin 10: IDLE -> COLLECTING (angle 105.3бу crossed 100.0бу)
2026-03-18 20:01:22,558 [INFO] pipeline.processing_loop: Cabin 22: LEAK (prob=0.0019, conf=0.9981, points=4, 1.9ms)
2026-03-18 20:01:22,560 [INFO] pipeline.processing_loop: Cabin 23: OK (prob=0.8336, conf=0.8336, points=4, 1.1ms)
2026-03-18 20:01:22,611 [INFO] core.cycle_fsm: Cabin 21: COLLECTING -> PROCESSING (angle 277.9бу reached end 276.0бу (4 points), 0.400s)
2026-03-18 20:01:22,612 [INFO] core.cycle_fsm: Cabin 9: IDLE -> COLLECTING (angle 102.6бу crossed 100.0бу)
2026-03-18 20:01:22,613 [INFO] core.cycle_fsm: Cabin 8: IDLE -> COLLECTING (angle 102.9бу crossed 100.0бу)
2026-03-18 20:01:22,613 [INFO] core.cycle_fsm: Cabin 20: COLLECTING -> PROCESSING (angle 277.7бу reached end 276.0бу (4 points), 0.381s)
2026-03-18 20:01:22,615 [INFO] pipeline.processing_loop: Cabin 20: NO_BOTTLE (max=4.3 < 50.0, points=4)
2026-03-18 20:01:22,616 [INFO] pipeline.processing_loop: Cabin 21: OK (prob=0.9998, conf=0.9998, points=4, 1.1ms)
2026-03-18 20:01:22,669 [INFO] core.cycle_fsm: Cabin 7: IDLE -> COLLECTING (angle 104.2бу crossed 100.0бу)
2026-03-18 20:01:22,669 [INFO] core.cycle_fsm: Cabin 19: COLLECTING -> PROCESSING (angle 279.4бу reached end 276.0бу (4 points), 0.404s)
2026-03-18 20:01:22,671 [INFO] core.cycle_fsm: Cabin 6: IDLE -> COLLECTING (angle 104.1бу crossed 100.0бу)
2026-03-18 20:01:22,672 [INFO] core.cycle_fsm: Cabin 18: COLLECTING -> PROCESSING (angle 280.4бу reached end 276.0бу (4 points), 0.376s)
2026-03-18 20:01:22,674 [INFO] pipeline.processing_loop: Cabin 18: LEAK (prob=0.0046, conf=0.9954, points=4, 1.5ms)
2026-03-18 20:01:22,677 [INFO] pipeline.processing_loop: Cabin 19: OK (prob=1.0000, conf=1.0000, points=4, 1.1ms)
2026-03-18 20:01:22,728 [INFO] core.cycle_fsm: Cabin 5: IDLE -> COLLECTING (angle 104.9бу crossed 100.0бу)
2026-03-18 20:01:22,729 [INFO] core.cycle_fsm: Cabin 17: COLLECTING -> PROCESSING (angle 279.7бу reached end 276.0бу (4 points), 0.401s)
2026-03-18 20:01:22,730 [INFO] core.cycle_fsm: Cabin 4: IDLE -> COLLECTING (angle 101.9бу crossed 100.0бу)
2026-03-18 20:01:22,731 [INFO] core.cycle_fsm: Cabin 16: COLLECTING -> PROCESSING (angle 278.3бу reached end 276.0бу (4 points), 0.381s)
2026-03-18 20:01:22,733 [INFO] pipeline.processing_loop: Cabin 16: LEAK (prob=0.0006, conf=0.9994, points=4, 1.2ms)
2026-03-18 20:01:22,735 [INFO] pipeline.processing_loop: Cabin 17: OK (prob=1.0000, conf=1.0000, points=4, 1.0ms)
2026-03-18 20:01:22,787 [INFO] core.cycle_fsm: Cabin 3: IDLE -> COLLECTING (angle 102.2бу crossed 100.0бу)
2026-03-18 20:01:22,787 [INFO] core.cycle_fsm: Cabin 15: COLLECTING -> PROCESSING (angle 279.6бу reached end 276.0бу (4 points), 0.396s)
2026-03-18 20:01:22,789 [INFO] core.cycle_fsm: Cabin 2: IDLE -> COLLECTING (angle 102.5бу crossed 100.0бу)
2026-03-18 20:01:22,789 [INFO] core.cycle_fsm: Cabin 14: COLLECTING -> PROCESSING (angle 279.7бу reached end 276.0бу (4 points), 0.376s)
2026-03-18 20:01:22,790 [INFO] pipeline.processing_loop: Cabin 14: LEAK (prob=0.0010, conf=0.9990, points=4, 1.5ms)
2026-03-18 20:01:22,793 [INFO] pipeline.processing_loop: Cabin 15: NO_BOTTLE (max=2.3 < 50.0, points=4)
2026-03-18 20:01:22,846 [INFO] core.cycle_fsm: Cabin 1: IDLE -> COLLECTING (angle 105.1бу crossed 100.0бу)
2026-03-18 20:01:22,846 [INFO] core.cycle_fsm: Cabin 13: COLLECTING -> PROCESSING (angle 276.5бу reached end 276.0бу (4 points), 0.401s)
2026-03-18 20:01:22,848 [INFO] core.cycle_fsm: Cabin 25: IDLE -> COLLECTING (angle 100.6бу crossed 100.0бу)
2026-03-18 20:01:22,848 [INFO] core.cycle_fsm: Cabin 12: COLLECTING -> PROCESSING (angle 280.1бу reached end 276.0бу (4 points), 0.372s)
2026-03-18 20:01:22,851 [INFO] pipeline.processing_loop: Cabin 12: LEAK (prob=0.0015, conf=0.9985, points=4, 1.4ms)
2026-03-18 20:01:22,854 [INFO] pipeline.processing_loop: Cabin 13: OK (prob=0.9797, conf=0.9797, points=4, 1.9ms)
2026-03-18 20:01:22,906 [INFO] core.cycle_fsm: Cabin 11: COLLECTING -> PROCESSING (angle 276.3бу reached end 276.0бу (4 points), 0.398s)
2026-03-18 20:01:22,906 [INFO] core.cycle_fsm: Cabin 24: IDLE -> COLLECTING (angle 103.4бу crossed 100.0бу)
2026-03-18 20:01:22,908 [INFO] core.cycle_fsm: Cabin 23: IDLE -> COLLECTING (angle 104.6бу crossed 100.0бу)
2026-03-18 20:01:22,908 [INFO] core.cycle_fsm: Cabin 10: COLLECTING -> PROCESSING (angle 280.7бу reached end 276.0бу (4 points), 0.369s)
2026-03-18 20:01:22,908 [INFO] core.cycle_fsm: Cabin 22: IDLE -> COLLECTING (angle 102.6бу crossed 100.0бу)
2026-03-18 20:01:22,910 [INFO] pipeline.processing_loop: Cabin 10: NO_BOTTLE (max=4.9 < 50.0, points=4)
2026-03-18 20:01:22,912 [INFO] pipeline.processing_loop: Cabin 11: OK (prob=0.9663, conf=0.9663, points=4, 1.1ms)
2026-03-18 20:01:22,964 [INFO] core.cycle_fsm: Cabin 9: COLLECTING -> PROCESSING (angle 276.8бу reached end 276.0бу (4 points), 0.393s)
2026-03-18 20:01:22,965 [INFO] core.cycle_fsm: Cabin 21: IDLE -> COLLECTING (angle 101.0бу crossed 100.0бу)
2026-03-18 20:01:22,966 [INFO] core.cycle_fsm: Cabin 8: COLLECTING -> PROCESSING (angle 279.1бу reached end 276.0бу (4 points), 0.374s)
2026-03-18 20:01:22,967 [INFO] core.cycle_fsm: Cabin 20: IDLE -> COLLECTING (angle 100.8бу crossed 100.0бу)
2026-03-18 20:01:22,970 [INFO] pipeline.processing_loop: Cabin 8: LEAK (prob=0.0009, conf=0.9991, points=4, 1.3ms)
2026-03-18 20:01:22,973 [INFO] pipeline.processing_loop: Cabin 9: OK (prob=1.0000, conf=1.0000, points=4, 1.0ms)
2026-03-18 20:01:23,024 [INFO] core.cycle_fsm: Cabin 7: COLLECTING -> PROCESSING (angle 280.4бу reached end 276.0бу (4 points), 0.411s)
2026-03-18 20:01:23,025 [INFO] core.cycle_fsm: Cabin 6: COLLECTING -> PROCESSING (angle 276.4бу reached end 276.0бу (4 points), 0.380s)
2026-03-18 20:01:23,026 [INFO] core.cycle_fsm: Cabin 19: IDLE -> COLLECTING (angle 101.2бу crossed 100.0бу)
2026-03-18 20:01:23,029 [INFO] pipeline.processing_loop: Cabin 6: LEAK (prob=0.0011, conf=0.9989, points=4, 1.3ms)
2026-03-18 20:01:23,030 [INFO] pipeline.processing_loop: Cabin 7: OK (prob=0.9932, conf=0.9932, points=4, 1.1ms)
2026-03-18 20:01:23,083 [INFO] core.cycle_fsm: Cabin 18: IDLE -> COLLECTING (angle 102.9бу crossed 100.0бу)
2026-03-18 20:01:23,083 [INFO] core.cycle_fsm: Cabin 5: COLLECTING -> PROCESSING (angle 277.9бу reached end 276.0бу (4 points), 0.396s)
2026-03-18 20:01:23,085 [INFO] core.cycle_fsm: Cabin 17: IDLE -> COLLECTING (angle 101.7бу crossed 100.0бу)
2026-03-18 20:01:23,085 [INFO] core.cycle_fsm: Cabin 4: COLLECTING -> PROCESSING (angle 278.9бу reached end 276.0бу (4 points), 0.376s)
2026-03-18 20:01:23,086 [INFO] core.cycle_fsm: Cabin 3: COLLECTING -> PROCESSING (angle 276.3бу reached end 276.0бу (4 points), 0.357s)
2026-03-18 20:01:23,086 [INFO] core.cycle_fsm: Cabin 16: IDLE -> COLLECTING (angle 101.1бу crossed 100.0бу)
2026-03-18 20:01:23,089 [INFO] pipeline.processing_loop: Cabin 3: OK (prob=0.9434, conf=0.9434, points=4, 1.4ms)
2026-03-18 20:01:23,091 [INFO] pipeline.processing_loop: Cabin 4: LEAK (prob=0.0012, conf=0.9988, points=4, 1.1ms)
2026-03-18 20:01:23,093 [INFO] pipeline.processing_loop: Cabin 5: NO_BOTTLE (max=4.7 < 50.0, points=4)
2026-03-18 20:01:23,145 [INFO] core.cycle_fsm: Cabin 2: COLLECTING -> PROCESSING (angle 279.1бу reached end 276.0бу (4 points), 0.384s)
2026-03-18 20:01:23,146 [INFO] core.cycle_fsm: Cabin 15: IDLE -> COLLECTING (angle 105.0бу crossed 100.0бу)
2026-03-18 20:01:23,146 [INFO] core.cycle_fsm: Cabin 1: COLLECTING -> PROCESSING (angle 276.8бу reached end 276.0бу (4 points), 0.354s)
2026-03-18 20:01:23,147 [INFO] core.cycle_fsm: Cabin 14: IDLE -> COLLECTING (angle 103.0бу crossed 100.0бу)
2026-03-18 20:01:23,150 [INFO] pipeline.processing_loop: Cabin 1: OK (prob=0.9910, conf=0.9910, points=4, 1.3ms)
2026-03-18 20:01:23,152 [INFO] pipeline.processing_loop: Cabin 2: LEAK (prob=0.0044, conf=0.9956, points=4, 1.0ms)
2026-03-18 20:01:23,204 [INFO] core.cycle_fsm: Cabin 13: IDLE -> COLLECTING (angle 103.7бу crossed 100.0бу)
2026-03-18 20:01:23,206 [INFO] core.cycle_fsm: Cabin 25: COLLECTING -> PROCESSING (angle 276.3бу reached end 276.0бу (4 points), 0.381s)
2026-03-18 20:01:23,206 [INFO] pipeline.processing_loop: Cabin 25: NO_BOTTLE (max=4.0 < 50.0, points=4)
2026-03-18 20:01:23,259 [INFO] core.cycle_fsm: Cabin 12: IDLE -> COLLECTING (angle 100.8бу crossed 100.0бу)
2026-03-18 20:01:23,260 [INFO] core.cycle_fsm: Cabin 24: COLLECTING -> PROCESSING (angle 279.1бу reached end 276.0бу (4 points), 0.403s)
2026-03-18 20:01:23,260 [INFO] core.cycle_fsm: Cabin 11: IDLE -> COLLECTING (angle 105.1бу crossed 100.0бу)
2026-03-18 20:01:23,260 [INFO] core.cycle_fsm: Cabin 23: COLLECTING -> PROCESSING (angle 280.8бу reached end 276.0бу (4 points), 0.382s)
2026-03-18 20:01:23,262 [INFO] core.cycle_fsm: Cabin 22: COLLECTING -> PROCESSING (angle 278.1бу reached end 276.0бу (4 points), 0.362s)
2026-03-18 20:01:23,263 [INFO] pipeline.processing_loop: Cabin 22: LEAK (prob=0.0003, conf=0.9997, points=4, 1.3ms)
2026-03-18 20:01:23,266 [INFO] pipeline.processing_loop: Cabin 23: OK (prob=0.9998, conf=0.9998, points=4, 1.2ms)
2026-03-18 20:01:23,268 [INFO] pipeline.processing_loop: Cabin 24: LEAK (prob=0.0484, conf=0.9516, points=4, 1.0ms)
2026-03-18 20:01:23,320 [INFO] core.cycle_fsm: Cabin 10: IDLE -> COLLECTING (angle 101.6бу crossed 100.0бу)
2026-03-18 20:01:23,320 [INFO] core.cycle_fsm: Cabin 21: COLLECTING -> PROCESSING (angle 277.7бу reached end 276.0бу (4 points), 0.389s)
2026-03-18 20:01:23,322 [INFO] core.cycle_fsm: Cabin 9: IDLE -> COLLECTING (angle 103.2бу crossed 100.0бу)
2026-03-18 20:01:23,324 [INFO] pipeline.processing_loop: Cabin 21: OK (prob=0.7816, conf=0.7816, points=4, 1.2ms)
2026-03-18 20:01:23,375 [INFO] core.cycle_fsm: Cabin 8: IDLE -> COLLECTING (angle 102.4бу crossed 100.0бу)
2026-03-18 20:01:23,376 [INFO] core.cycle_fsm: Cabin 20: COLLECTING -> PROCESSING (angle 278.7бу reached end 276.0бу (4 points), 0.413s)
2026-03-18 20:01:23,378 [INFO] core.cycle_fsm: Cabin 7: IDLE -> COLLECTING (angle 101.9бу crossed 100.0бу)
2026-03-18 20:01:23,379 [INFO] core.cycle_fsm: Cabin 19: COLLECTING -> PROCESSING (angle 277.2бу reached end 276.0бу (4 points), 0.385s)
2026-03-18 20:01:23,379 [INFO] core.cycle_fsm: Cabin 6: IDLE -> COLLECTING (angle 104.0бу crossed 100.0бу)
2026-03-18 20:01:23,383 [INFO] pipeline.processing_loop: Cabin 19: OK (prob=0.8792, conf=0.8792, points=4, 1.4ms)
2026-03-18 20:01:23,385 [INFO] pipeline.processing_loop: Cabin 20: NO_BOTTLE (max=4.9 < 50.0, points=4)
2026-03-18 20:01:23,436 [INFO] core.cycle_fsm: Cabin 18: COLLECTING -> PROCESSING (angle 278.1бу reached end 276.0бу (4 points), 0.410s)
2026-03-18 20:01:23,437 [INFO] core.cycle_fsm: Cabin 5: IDLE -> COLLECTING (angle 103.2бу crossed 100.0бу)
2026-03-18 20:01:23,437 [INFO] core.cycle_fsm: Cabin 17: COLLECTING -> PROCESSING (angle 277.6бу reached end 276.0бу (4 points), 0.380s)
2026-03-18 20:01:23,441 [INFO] pipeline.processing_loop: Cabin 17: OK (prob=0.3717, conf=0.3717, points=4, 1.4ms)
2026-03-18 20:01:23,443 [INFO] pipeline.processing_loop: Cabin 18: LEAK (prob=0.0004, conf=0.9996, points=4, 1.3ms)
2026-03-18 20:01:23,495 [INFO] core.cycle_fsm: Cabin 16: COLLECTING -> PROCESSING (angle 277.4бу reached end 276.0бу (4 points), 0.417s)
2026-03-18 20:01:23,496 [INFO] core.cycle_fsm: Cabin 4: IDLE -> COLLECTING (angle 105.1бу crossed 100.0бу)
2026-03-18 20:01:23,497 [INFO] core.cycle_fsm: Cabin 3: IDLE -> COLLECTING (angle 104.3бу crossed 100.0бу)
2026-03-18 20:01:23,498 [INFO] core.cycle_fsm: Cabin 15: COLLECTING -> PROCESSING (angle 277.5бу reached end 276.0бу (4 points), 0.367s)
2026-03-18 20:01:23,498 [INFO] core.cycle_fsm: Cabin 2: IDLE -> COLLECTING (angle 101.0бу crossed 100.0бу)
2026-03-18 20:01:23,500 [INFO] pipeline.processing_loop: Cabin 15: NO_BOTTLE (max=4.9 < 50.0, points=4)
2026-03-18 20:01:23,530 [INFO] pipeline.processing_loop: Cabin 16: LEAK (prob=0.0088, conf=0.9912, points=4, 1.3ms)
2026-03-18 20:01:23,583 [INFO] core.cycle_fsm: Cabin 14: COLLECTING -> PROCESSING (angle 279.1бу reached end 276.0бу (4 points), 0.441s)
2026-03-18 20:01:23,584 [INFO] core.cycle_fsm: Cabin 1: IDLE -> COLLECTING (angle 104.5бу crossed 100.0бу)
2026-03-18 20:01:23,585 [INFO] core.cycle_fsm: Cabin 13: COLLECTING -> PROCESSING (angle 280.8бу reached end 276.0бу (4 points), 0.411s)
2026-03-18 20:01:23,586 [INFO] core.cycle_fsm: Cabin 12: COLLECTING -> PROCESSING (angle 278.3бу reached end 276.0бу (4 points), 0.381s)
2026-03-18 20:01:23,587 [INFO] core.cycle_fsm: Cabin 25: IDLE -> COLLECTING (angle 102.6бу crossed 100.0бу)
2026-03-18 20:01:23,589 [INFO] pipeline.processing_loop: Cabin 12: LEAK (prob=0.0041, conf=0.9959, points=4, 1.2ms)
2026-03-18 20:01:23,592 [INFO] pipeline.processing_loop: Cabin 13: OK (prob=0.9498, conf=0.9498, points=4, 1.3ms)
2026-03-18 20:01:23,595 [INFO] pipeline.processing_loop: Cabin 14: LEAK (prob=0.0017, conf=0.9983, points=4, 1.3ms)
2026-03-18 20:01:23,646 [INFO] core.cycle_fsm: Cabin 11: COLLECTING -> PROCESSING (angle 276.8бу reached end 276.0бу (4 points), 0.410s)
2026-03-18 20:01:23,648 [INFO] core.cycle_fsm: Cabin 23: IDLE -> COLLECTING (angle 100.5бу crossed 100.0бу)
2026-03-18 20:01:23,648 [INFO] core.cycle_fsm: Cabin 24: IDLE -> COLLECTING (angle 104.8бу crossed 100.0бу)
2026-03-18 20:01:23,648 [INFO] core.cycle_fsm: Cabin 10: COLLECTING -> PROCESSING (angle 278.9бу reached end 276.0бу (4 points), 0.380s)
2026-03-18 20:01:23,650 [INFO] core.cycle_fsm: Cabin 22: IDLE -> COLLECTING (angle 101.2бу crossed 100.0бу)
2026-03-18 20:01:23,650 [INFO] pipeline.processing_loop: Cabin 10: NO_BOTTLE (max=2.8 < 50.0, points=4)
2026-03-18 20:01:23,653 [INFO] pipeline.processing_loop: Cabin 11: OK (prob=0.9416, conf=0.9416, points=4, 1.4ms)
2026-03-18 20:01:23,705 [INFO] core.cycle_fsm: Cabin 9: COLLECTING -> PROCESSING (angle 280.8бу reached end 276.0бу (4 points), 0.405s)
2026-03-18 20:01:23,705 [INFO] core.cycle_fsm: Cabin 21: IDLE -> COLLECTING (angle 103.6бу crossed 100.0бу)
2026-03-18 20:01:23,707 [INFO] core.cycle_fsm: Cabin 8: COLLECTING -> PROCESSING (angle 279.5бу reached end 276.0бу (4 points), 0.385s)
2026-03-18 20:01:23,707 [INFO] core.cycle_fsm: Cabin 20: IDLE -> COLLECTING (angle 100.6бу crossed 100.0бу)
2026-03-18 20:01:23,708 [INFO] core.cycle_fsm: Cabin 7: COLLECTING -> PROCESSING (angle 277.3бу reached end 276.0бу (4 points), 0.366s)
2026-03-18 20:01:23,710 [INFO] pipeline.processing_loop: Cabin 7: OK (prob=0.9650, conf=0.9650, points=4, 1.4ms)
2026-03-18 20:01:23,713 [INFO] pipeline.processing_loop: Cabin 8: LEAK (prob=0.0070, conf=0.9930, points=4, 1.3ms)
2026-03-18 20:01:23,716 [INFO] pipeline.processing_loop: Cabin 9: OK (prob=0.9485, conf=0.9485, points=4, 1.3ms)
2026-03-18 20:01:23,767 [INFO] core.cycle_fsm: Cabin 6: COLLECTING -> PROCESSING (angle 280.7бу reached end 276.0бу (4 points), 0.393s)
2026-03-18 20:01:23,768 [INFO] core.cycle_fsm: Cabin 19: IDLE -> COLLECTING (angle 105.1бу crossed 100.0бу)
2026-03-18 20:01:23,769 [INFO] core.cycle_fsm: Cabin 18: IDLE -> COLLECTING (angle 105.3бу crossed 100.0бу)
2026-03-18 20:01:23,771 [INFO] pipeline.processing_loop: Cabin 6: LEAK (prob=0.0003, conf=0.9997, points=4, 1.2ms)
2026-03-18 20:01:23,823 [INFO] core.cycle_fsm: Cabin 5: COLLECTING -> PROCESSING (angle 280.6бу reached end 276.0бу (4 points), 0.407s)
2026-03-18 20:01:23,824 [INFO] core.cycle_fsm: Cabin 17: IDLE -> COLLECTING (angle 100.4бу crossed 100.0бу)
2026-03-18 20:01:23,824 [INFO] core.cycle_fsm: Cabin 4: COLLECTING -> PROCESSING (angle 280.7бу reached end 276.0бу (4 points), 0.376s)
2026-03-18 20:01:23,825 [INFO] core.cycle_fsm: Cabin 3: COLLECTING -> PROCESSING (angle 281.0бу reached end 276.0бу (4 points), 0.367s)
2026-03-18 20:01:23,825 [INFO] core.cycle_fsm: Cabin 16: IDLE -> COLLECTING (angle 102.6бу crossed 100.0бу)
2026-03-18 20:01:23,829 [INFO] pipeline.processing_loop: Cabin 3: OK (prob=0.9731, conf=0.9731, points=4, 1.2ms)
2026-03-18 20:01:23,831 [INFO] pipeline.processing_loop: Cabin 4: LEAK (prob=0.0060, conf=0.9940, points=4, 1.0ms)
2026-03-18 20:01:23,831 [INFO] pipeline.processing_loop: Cabin 5: NO_BOTTLE (max=4.5 < 50.0, points=4)
2026-03-18 20:01:23,884 [INFO] core.cycle_fsm: Cabin 2: COLLECTING -> PROCESSING (angle 278.1бу reached end 276.0бу (4 points), 0.393s)
2026-03-18 20:01:23,884 [INFO] core.cycle_fsm: Cabin 15: IDLE -> COLLECTING (angle 104.6бу crossed 100.0бу)
2026-03-18 20:01:23,884 [INFO] core.cycle_fsm: Cabin 1: COLLECTING -> PROCESSING (angle 276.0бу reached end 276.0бу (4 points), 0.362s)
2026-03-18 20:01:23,887 [INFO] core.cycle_fsm: Cabin 14: IDLE -> COLLECTING (angle 100.8бу crossed 100.0бу)
2026-03-18 20:01:23,889 [INFO] pipeline.processing_loop: Cabin 1: OK (prob=0.9731, conf=0.9731, points=4, 1.2ms)
2026-03-18 20:01:23,892 [INFO] pipeline.processing_loop: Cabin 2: LEAK (prob=0.0020, conf=0.9980, points=4, 1.1ms)
2026-03-18 20:01:23,943 [INFO] core.cycle_fsm: Cabin 13: IDLE -> COLLECTING (angle 103.4бу crossed 100.0бу)
2026-03-18 20:01:23,945 [INFO] core.cycle_fsm: Cabin 25: COLLECTING -> PROCESSING (angle 279.0бу reached end 276.0бу (4 points), 0.379s)
2026-03-18 20:01:23,945 [INFO] pipeline.processing_loop: Cabin 25: NO_BOTTLE (max=3.6 < 50.0, points=4)
2026-03-18 20:01:23,997 [INFO] core.cycle_fsm: Cabin 12: IDLE -> COLLECTING (angle 104.5бу crossed 100.0бу)
2026-03-18 20:01:23,999 [INFO] core.cycle_fsm: Cabin 23: COLLECTING -> PROCESSING (angle 277.6бу reached end 276.0бу (4 points), 0.403s)
2026-03-18 20:01:24,000 [INFO] core.cycle_fsm: Cabin 24: COLLECTING -> PROCESSING (angle 279.7бу reached end 276.0бу (4 points), 0.404s)
2026-03-18 20:01:24,001 [INFO] core.cycle_fsm: Cabin 11: IDLE -> COLLECTING (angle 102.7бу crossed 100.0бу)
2026-03-18 20:01:24,001 [INFO] core.cycle_fsm: Cabin 22: COLLECTING -> PROCESSING (angle 276.3бу reached end 276.0бу (4 points), 0.372s)
2026-03-18 20:01:24,004 [INFO] pipeline.processing_loop: Cabin 22: LEAK (prob=0.0352, conf=0.9648, points=4, 1.2ms)
2026-03-18 20:01:24,006 [INFO] pipeline.processing_loop: Cabin 23: OK (prob=0.9998, conf=0.9998, points=4, 1.2ms)
2026-03-18 20:01:24,009 [INFO] pipeline.processing_loop: Cabin 24: LEAK (prob=0.0018, conf=0.9982, points=4, 0.9ms)
2026-03-18 20:01:24,060 [INFO] core.cycle_fsm: Cabin 10: IDLE -> COLLECTING (angle 100.4бу crossed 100.0бу)
2026-03-18 20:01:24,061 [INFO] core.cycle_fsm: Cabin 9: IDLE -> COLLECTING (angle 100.6бу crossed 100.0бу)
2026-03-18 20:01:24,062 [INFO] core.cycle_fsm: Cabin 21: COLLECTING -> PROCESSING (angle 280.4бу reached end 276.0бу (4 points), 0.392s)
2026-03-18 20:01:24,063 [INFO] core.cycle_fsm: Cabin 8: IDLE -> COLLECTING (angle 102.4бу crossed 100.0бу)
2026-03-18 20:01:24,063 [INFO] core.cycle_fsm: Cabin 20: COLLECTING -> PROCESSING (angle 277.2бу reached end 276.0бу (4 points), 0.371s)
2026-03-18 20:01:24,064 [INFO] pipeline.processing_loop: ProcessingLoop paused
2026-03-18 20:01:24,064 [INFO] pipeline.processing_loop: Cabin 20: NO_BOTTLE (max=2.8 < 50.0, points=4)
2026-03-18 20:01:24,069 [INFO] pipeline.processing_loop: Cabin 21: OK (prob=0.7537, conf=0.7537, points=4, 1.3ms)
2026-03-18 20:01:27,355 [INFO] root: Shutting down...
2026-03-18 20:01:27,356 [INFO] pipeline.processing_loop: ProcessingLoop stopped
2026-03-18 20:01:27,395 [INFO] root: Shutting down...
2026-03-18 20:01:27,395 [INFO] pipeline.processing_loop: ProcessingLoop stopped
2026-03-18 20:01:37,365 [INFO] core.polling_engine: PollingEngine stopped
2026-03-18 20:01:37,370 [INFO] root: Shutdown complete.
2026-03-18 20:01:37,406 [INFO] core.polling_engine: PollingEngine stopped
2026-03-18 20:01:37,406 [INFO] root: Shutdown complete.
2026-03-18 20:01:46,213 [INFO] root: ============================================================
2026-03-18 20:01:46,213 [INFO] root: Ldpj_backend v2.5 starting (mode=mock)
2026-03-18 20:01:46,215 [INFO] root: ============================================================
2026-03-18 20:01:46,216 [INFO] core.polling_engine: MockPLC: 26 cabins, types={'NO_BOTTLE': 6, 'OK': 10, 'LEAK': 10}
2026-03-18 20:01:46,216 [INFO] core.polling_engine: MockPLC connected (cabin_count=26)
2026-03-18 20:01:46,218 [INFO] core.polling_engine: PollingEngine started (interval=10ms)
2026-03-18 20:01:46,219 [INFO] core.cycle_fsm: CycleFSMManager: 25 FSMs for Cabin[1]~[25] (trigger=100бу, points=36, interval=100ms)
2026-03-18 20:01:48,905 [INFO] models.supervised_xgb: Model loaded: version=none, path=D:\projects\ldporj_bsys_test\models\artifacts\current\xgb_model.json
2026-03-18 20:01:48,920 [INFO] storage.database_logger: Database initialised: ldpj_data.db
2026-03-18 20:01:48,923 [INFO] integration.api_server: API server started on 0.0.0.0:8000
2026-03-18 20:01:48,925 [INFO] pipeline.processing_loop: ProcessingLoop started
2026-03-18 20:01:48,928 [INFO] root: System ready. Entering main loop...
2026-03-18 20:01:48,929 [INFO] core.cycle_fsm: Cabin 6: IDLE -> COLLECTING (angle 102.3бу crossed 100.0бу)
2026-03-18 20:01:48,929 [INFO] core.cycle_fsm: Cabin 5: IDLE -> COLLECTING (angle 104.1бу crossed 100.0бу)
2026-03-18 20:01:48,930 [INFO] core.cycle_fsm: Cabin 4: IDLE -> COLLECTING (angle 105.2бу crossed 100.0бу)
2026-03-18 20:01:48,931 [INFO] core.cycle_fsm: Cabin 3: IDLE -> COLLECTING (angle 101.1бу crossed 100.0бу)
2026-03-18 20:01:48,932 [INFO] core.cycle_fsm: Cabin 2: IDLE -> COLLECTING (angle 100.7бу crossed 100.0бу)
2026-03-18 20:01:48,933 [INFO] core.cycle_fsm: Cabin 1: IDLE -> COLLECTING (angle 103.7бу crossed 100.0бу)
2026-03-18 20:01:48,935 [INFO] core.cycle_fsm: Cabin 25: IDLE -> COLLECTING (angle 104.5бу crossed 100.0бу)
2026-03-18 20:01:48,938 [INFO] core.cycle_fsm: Cabin 24: IDLE -> COLLECTING (angle 100.1бу crossed 100.0бу)
2026-03-18 20:01:48,939 [INFO] core.cycle_fsm: Cabin 23: IDLE -> COLLECTING (angle 101.8бу crossed 100.0бу)
2026-03-18 20:01:48,943 [INFO] core.cycle_fsm: Cabin 22: IDLE -> COLLECTING (angle 102.2бу crossed 100.0бу)
2026-03-18 20:01:48,945 [INFO] core.cycle_fsm: Cabin 21: IDLE -> COLLECTING (angle 103.4бу crossed 100.0бу)
2026-03-18 20:01:48,945 [INFO] core.cycle_fsm: Cabin 20: IDLE -> COLLECTING (angle 101.2бу crossed 100.0бу)
2026-03-18 20:01:48,947 [INFO] core.cycle_fsm: Cabin 19: IDLE -> COLLECTING (angle 100.7бу crossed 100.0бу)
2026-03-18 20:01:48,947 [INFO] core.cycle_fsm: Cabin 6: COLLECTING -> PROCESSING (angle 279.2бу reached end 276.0бу (4 points), 2.707s)
2026-03-18 20:01:48,950 [INFO] core.cycle_fsm: Cabin 18: IDLE -> COLLECTING (angle 101.3бу crossed 100.0бу)
2026-03-18 20:01:48,950 [INFO] core.cycle_fsm: Cabin 5: COLLECTING -> PROCESSING (angle 279.5бу reached end 276.0бу (4 points), 2.679s)
2026-03-18 20:01:48,952 [INFO] core.cycle_fsm: Cabin 17: IDLE -> COLLECTING (angle 102.3бу crossed 100.0бу)
2026-03-18 20:01:48,953 [INFO] core.cycle_fsm: Cabin 4: COLLECTING -> PROCESSING (angle 279.4бу reached end 276.0бу (4 points), 2.637s)
2026-03-18 20:01:48,957 [INFO] core.cycle_fsm: Cabin 3: COLLECTING -> PROCESSING (angle 277.9бу reached end 276.0бу (4 points), 2.612s)
2026-03-18 20:01:48,959 [INFO] core.cycle_fsm: Cabin 16: IDLE -> COLLECTING (angle 104.1бу crossed 100.0бу)
2026-03-18 20:01:48,959 [INFO] core.cycle_fsm: Cabin 2: COLLECTING -> PROCESSING (angle 277.0бу reached end 276.0бу (4 points), 2.579s)
2026-03-18 20:01:48,960 [INFO] core.cycle_fsm: Cabin 15: IDLE -> COLLECTING (angle 104.1бу crossed 100.0бу)
2026-03-18 20:01:48,962 [INFO] core.cycle_fsm: Cabin 14: IDLE -> COLLECTING (angle 102.2бу crossed 100.0бу)
2026-03-18 20:01:48,963 [INFO] core.cycle_fsm: Cabin 1: COLLECTING -> PROCESSING (angle 278.7бу reached end 276.0бу (4 points), 2.551s)
2026-03-18 20:01:48,965 [INFO] core.cycle_fsm: Cabin 13: IDLE -> COLLECTING (angle 101.5бу crossed 100.0бу)
2026-03-18 20:01:48,966 [INFO] core.cycle_fsm: Cabin 25: COLLECTING -> PROCESSING (angle 276.9бу reached end 276.0бу (4 points), 2.523s)
2026-03-18 20:01:48,967 [INFO] core.cycle_fsm: Cabin 12: IDLE -> COLLECTING (angle 102.4бу crossed 100.0бу)
2026-03-18 20:01:48,967 [INFO] core.cycle_fsm: Cabin 24: COLLECTING -> PROCESSING (angle 277.5бу reached end 276.0бу (4 points), 2.503s)
2026-03-18 20:01:48,973 [INFO] core.cycle_fsm: Cabin 11: IDLE -> COLLECTING (angle 101.0бу crossed 100.0бу)
2026-03-18 20:01:48,975 [INFO] core.cycle_fsm: Cabin 23: COLLECTING -> PROCESSING (angle 279.2бу reached end 276.0бу (4 points), 2.478s)
2026-03-18 20:01:48,976 [INFO] core.cycle_fsm: Cabin 10: IDLE -> COLLECTING (angle 101.9бу crossed 100.0бу)
2026-03-18 20:01:48,979 [INFO] core.cycle_fsm: Cabin 22: COLLECTING -> PROCESSING (angle 279.9бу reached end 276.0бу (4 points), 2.451s)
2026-03-18 20:01:48,981 [INFO] core.cycle_fsm: Cabin 9: IDLE -> COLLECTING (angle 100.1бу crossed 100.0бу)
2026-03-18 20:01:48,983 [INFO] core.cycle_fsm: Cabin 21: COLLECTING -> PROCESSING (angle 279.6бу reached end 276.0бу (4 points), 2.423s)
2026-03-18 20:01:48,984 [INFO] core.cycle_fsm: Cabin 8: IDLE -> COLLECTING (angle 103.2бу crossed 100.0бу)
2026-03-18 20:01:48,984 [INFO] core.cycle_fsm: Cabin 20: COLLECTING -> PROCESSING (angle 277.2бу reached end 276.0бу (4 points), 2.403s)
2026-03-18 20:01:48,989 [INFO] core.cycle_fsm: Cabin 7: IDLE -> COLLECTING (angle 101.3бу crossed 100.0бу)
2026-03-18 20:01:48,991 [INFO] core.cycle_fsm: Cabin 19: COLLECTING -> PROCESSING (angle 277.8бу reached end 276.0бу (4 points), 2.378s)
2026-03-18 20:01:48,992 [INFO] core.cycle_fsm: Cabin 18: COLLECTING -> PROCESSING (angle 278.9бу reached end 276.0бу (4 points), 2.348s)
2026-03-18 20:01:48,993 [INFO] core.cycle_fsm: Cabin 17: COLLECTING -> PROCESSING (angle 279.1бу reached end 276.0бу (4 points), 2.316s)
2026-03-18 20:01:48,994 [INFO] core.cycle_fsm: Cabin 16: COLLECTING -> PROCESSING (angle 276.6бу reached end 276.0бу (4 points), 2.285s)
2026-03-18 20:01:48,995 [INFO] core.cycle_fsm: Cabin 15: COLLECTING -> PROCESSING (angle 280.3бу reached end 276.0бу (4 points), 2.254s)
2026-03-18 20:01:48,997 [INFO] core.cycle_fsm: Cabin 14: COLLECTING -> PROCESSING (angle 279.5бу reached end 276.0бу (4 points), 2.205s)
2026-03-18 20:01:48,997 [INFO] core.cycle_fsm: Cabin 13: COLLECTING -> PROCESSING (angle 279.9бу reached end 276.0бу (4 points), 2.174s)
2026-03-18 20:01:48,999 [INFO] core.cycle_fsm: Cabin 12: COLLECTING -> PROCESSING (angle 278.0бу reached end 276.0бу (4 points), 2.143s)
2026-03-18 20:01:49,000 [INFO] core.cycle_fsm: Cabin 11: COLLECTING -> PROCESSING (angle 278.3бу reached end 276.0бу (4 points), 2.123s)
2026-03-18 20:01:49,000 [INFO] core.cycle_fsm: Cabin 10: COLLECTING -> PROCESSING (angle 278.1бу reached end 276.0бу (4 points), 2.090s)
2026-03-18 20:01:49,004 [INFO] core.cycle_fsm: Cabin 9: COLLECTING -> PROCESSING (angle 276.8бу reached end 276.0бу (4 points), 2.060s)
2026-03-18 20:01:49,004 [INFO] core.cycle_fsm: Cabin 8: COLLECTING -> PROCESSING (angle 280.5бу reached end 276.0бу (4 points), 2.028s)
2026-03-18 20:01:49,006 [INFO] core.cycle_fsm: Cabin 7: COLLECTING -> PROCESSING (angle 279.4бу reached end 276.0бу (4 points), 2.009s)
2026-03-18 20:01:49,012 [INFO] pipeline.processing_loop: Cabin 1: OK (prob=0.9913, conf=0.9913, points=4, 2.8ms)
2026-03-18 20:01:49,016 [INFO] pipeline.processing_loop: Cabin 2: LEAK (prob=0.0018, conf=0.9982, points=4, 1.5ms)
2026-03-18 20:01:49,020 [INFO] pipeline.processing_loop: Cabin 3: OK (prob=1.0000, conf=1.0000, points=4, 2.9ms)
2026-03-18 20:01:49,025 [INFO] pipeline.processing_loop: Cabin 4: LEAK (prob=0.0012, conf=0.9988, points=4, 2.0ms)
2026-03-18 20:01:49,028 [INFO] pipeline.processing_loop: Cabin 5: NO_BOTTLE (max=3.3 < 50.0, points=4)
2026-03-18 20:01:49,031 [INFO] pipeline.processing_loop: Cabin 6: LEAK (prob=0.0008, conf=0.9992, points=4, 1.4ms)
2026-03-18 20:01:49,034 [INFO] pipeline.processing_loop: Cabin 7: OK (prob=1.0000, conf=1.0000, points=4, 3.0ms)
2026-03-18 20:01:49,040 [INFO] pipeline.processing_loop: Cabin 8: LEAK (prob=0.0048, conf=0.9952, points=4, 1.8ms)
2026-03-18 20:01:49,043 [INFO] pipeline.processing_loop: Cabin 9: OK (prob=1.0000, conf=1.0000, points=4, 1.7ms)
2026-03-18 20:01:49,044 [INFO] pipeline.processing_loop: Cabin 10: NO_BOTTLE (max=3.0 < 50.0, points=4)
2026-03-18 20:01:49,047 [INFO] pipeline.processing_loop: Cabin 11: OK (prob=0.9989, conf=0.9989, points=4, 1.1ms)
2026-03-18 20:01:49,051 [INFO] pipeline.processing_loop: Cabin 12: LEAK (prob=0.0341, conf=0.9659, points=4, 1.3ms)
2026-03-18 20:01:49,056 [INFO] pipeline.processing_loop: Cabin 13: OK (prob=0.8921, conf=0.8921, points=4, 1.7ms)
2026-03-18 20:01:49,059 [INFO] pipeline.processing_loop: Cabin 14: LEAK (prob=0.0010, conf=0.9990, points=4, 1.3ms)
2026-03-18 20:01:49,059 [INFO] pipeline.processing_loop: Cabin 15: NO_BOTTLE (max=2.5 < 50.0, points=4)
2026-03-18 20:01:49,070 [INFO] pipeline.processing_loop: Cabin 16: LEAK (prob=0.0004, conf=0.9996, points=4, 8.0ms)
2026-03-18 20:01:49,073 [INFO] pipeline.processing_loop: Cabin 17: OK (prob=0.7307, conf=0.7307, points=4, 2.4ms)
2026-03-18 20:01:49,079 [INFO] pipeline.processing_loop: Cabin 18: LEAK (prob=0.0009, conf=0.9991, points=4, 1.2ms)
2026-03-18 20:01:49,083 [INFO] pipeline.processing_loop: Cabin 19: OK (prob=0.9346, conf=0.9346, points=4, 1.4ms)
2026-03-18 20:01:49,086 [INFO] pipeline.processing_loop: Cabin 20: NO_BOTTLE (max=4.0 < 50.0, points=4)
2026-03-18 20:01:49,093 [INFO] pipeline.processing_loop: Cabin 21: OK (prob=0.7388, conf=0.7388, points=4, 1.5ms)
2026-03-18 20:01:49,097 [INFO] pipeline.processing_loop: Cabin 22: LEAK (prob=0.0005, conf=0.9995, points=4, 3.2ms)
2026-03-18 20:01:49,102 [INFO] pipeline.processing_loop: Cabin 23: OK (prob=0.7110, conf=0.7110, points=4, 1.9ms)
2026-03-18 20:01:49,105 [INFO] pipeline.processing_loop: Cabin 24: LEAK (prob=0.0019, conf=0.9981, points=4, 1.5ms)
2026-03-18 20:01:49,107 [INFO] pipeline.processing_loop: Cabin 25: NO_BOTTLE (max=3.8 < 50.0, points=4)
2026-03-18 20:01:49,159 [INFO] core.cycle_fsm: Cabin 1: IDLE -> COLLECTING (angle 103.0бу crossed 100.0бу)
2026-03-18 20:01:49,160 [INFO] core.cycle_fsm: Cabin 25: IDLE -> COLLECTING (angle 102.9бу crossed 100.0бу)
2026-03-18 20:01:49,161 [INFO] core.cycle_fsm: Cabin 24: IDLE -> COLLECTING (angle 109.5бу crossed 100.0бу)
2026-03-18 20:01:49,163 [INFO] core.cycle_fsm: Cabin 23: IDLE -> COLLECTING (angle 100.0бу crossed 100.0бу)
2026-03-18 20:01:49,164 [INFO] core.cycle_fsm: Cabin 22: IDLE -> COLLECTING (angle 102.1бу crossed 100.0бу)
2026-03-18 20:01:49,164 [INFO] core.cycle_fsm: Cabin 21: IDLE -> COLLECTING (angle 101.1бу crossed 100.0бу)
2026-03-18 20:01:49,165 [INFO] core.cycle_fsm: Cabin 20: IDLE -> COLLECTING (angle 100.5бу crossed 100.0бу)
2026-03-18 20:01:49,166 [INFO] core.cycle_fsm: Cabin 19: IDLE -> COLLECTING (angle 100.8бу crossed 100.0бу)
2026-03-18 20:01:49,218 [INFO] core.cycle_fsm: Cabin 18: IDLE -> COLLECTING (angle 104.9бу crossed 100.0бу)
2026-03-18 20:01:49,269 [INFO] core.cycle_fsm: Cabin 17: IDLE -> COLLECTING (angle 104.8бу crossed 100.0бу)
2026-03-18 20:01:49,270 [INFO] core.cycle_fsm: Cabin 16: IDLE -> COLLECTING (angle 103.5бу crossed 100.0бу)
2026-03-18 20:01:49,353 [INFO] core.cycle_fsm: Cabin 15: IDLE -> COLLECTING (angle 102.3бу crossed 100.0бу)
2026-03-18 20:01:49,353 [INFO] core.cycle_fsm: Cabin 14: IDLE -> COLLECTING (angle 100.4бу crossed 100.0бу)
2026-03-18 20:01:49,406 [INFO] core.cycle_fsm: Cabin 1: COLLECTING -> PROCESSING (angle 280.3бу reached end 276.0бу (4 points), 0.451s)
2026-03-18 20:01:49,407 [INFO] core.cycle_fsm: Cabin 13: IDLE -> COLLECTING (angle 102.0бу crossed 100.0бу)
2026-03-18 20:01:49,407 [INFO] core.cycle_fsm: Cabin 25: COLLECTING -> PROCESSING (angle 280.9бу reached end 276.0бу (5 points), 0.431s)
2026-03-18 20:01:49,410 [INFO] pipeline.processing_loop: Cabin 1: OK (prob=1.0000, conf=1.0000, points=4, 1.3ms)
2026-03-18 20:01:49,412 [INFO] pipeline.processing_loop: Cabin 25: NO_BOTTLE (max=4.2 < 50.0, points=5)
2026-03-18 20:01:49,465 [INFO] core.cycle_fsm: Cabin 12: IDLE -> COLLECTING (angle 101.5бу crossed 100.0бу)
2026-03-18 20:01:49,465 [INFO] core.cycle_fsm: Cabin 24: COLLECTING -> PROCESSING (angle 280.7бу reached end 276.0бу (4 points), 0.444s)
2026-03-18 20:01:49,466 [INFO] core.cycle_fsm: Cabin 11: IDLE -> COLLECTING (angle 102.1бу crossed 100.0бу)
2026-03-18 20:01:49,469 [INFO] pipeline.processing_loop: Cabin 24: LEAK (prob=0.0328, conf=0.9672, points=4, 1.2ms)
2026-03-18 20:01:49,521 [INFO] core.cycle_fsm: Cabin 23: COLLECTING -> PROCESSING (angle 280.2бу reached end 276.0бу (5 points), 0.490s)
2026-03-18 20:01:49,522 [INFO] core.cycle_fsm: Cabin 10: IDLE -> COLLECTING (angle 105.0бу crossed 100.0бу)
2026-03-18 20:01:49,523 [INFO] core.cycle_fsm: Cabin 22: COLLECTING -> PROCESSING (angle 276.5бу reached end 276.0бу (5 points), 0.470s)
2026-03-18 20:01:49,524 [INFO] core.cycle_fsm: Cabin 9: IDLE -> COLLECTING (angle 102.0бу crossed 100.0бу)
2026-03-18 20:01:49,527 [INFO] pipeline.processing_loop: Cabin 22: LEAK (prob=0.0002, conf=0.9998, points=5, 1.3ms)
2026-03-18 20:01:49,529 [INFO] pipeline.processing_loop: Cabin 23: OK (prob=0.9942, conf=0.9942, points=5, 1.4ms)
2026-03-18 20:01:49,581 [INFO] core.cycle_fsm: Cabin 8: IDLE -> COLLECTING (angle 100.5бу crossed 100.0бу)
2026-03-18 20:01:49,581 [INFO] core.cycle_fsm: Cabin 21: COLLECTING -> PROCESSING (angle 280.1бу reached end 276.0бу (4 points), 0.478s)
2026-03-18 20:01:49,583 [INFO] core.cycle_fsm: Cabin 20: COLLECTING -> PROCESSING (angle 277.0бу reached end 276.0бу (4 points), 0.458s)
2026-03-18 20:01:49,583 [INFO] core.cycle_fsm: Cabin 7: IDLE -> COLLECTING (angle 103.9бу crossed 100.0бу)
2026-03-18 20:01:49,583 [INFO] core.cycle_fsm: Cabin 19: COLLECTING -> PROCESSING (angle 277.5бу reached end 276.0бу (5 points), 0.427s)
2026-03-18 20:01:49,587 [INFO] pipeline.processing_loop: Cabin 19: OK (prob=1.0000, conf=1.0000, points=5, 1.7ms)
2026-03-18 20:01:49,588 [INFO] pipeline.processing_loop: Cabin 20: NO_BOTTLE (max=3.8 < 50.0, points=4)
2026-03-18 20:01:49,591 [INFO] pipeline.processing_loop: Cabin 21: OK (prob=1.0000, conf=1.0000, points=4, 1.2ms)
2026-03-18 20:01:49,643 [INFO] core.cycle_fsm: Cabin 6: IDLE -> COLLECTING (angle 100.7бу crossed 100.0бу)
2026-03-18 20:01:49,644 [INFO] core.cycle_fsm: Cabin 18: COLLECTING -> PROCESSING (angle 277.8бу reached end 276.0бу (4 points), 0.457s)
2026-03-18 20:01:49,644 [INFO] core.cycle_fsm: Cabin 5: IDLE -> COLLECTING (angle 104.1бу crossed 100.0бу)
2026-03-18 20:01:49,646 [INFO] core.cycle_fsm: Cabin 17: COLLECTING -> PROCESSING (angle 276.0бу reached end 276.0бу (4 points), 0.426s)
2026-03-18 20:01:49,650 [INFO] pipeline.processing_loop: Cabin 17: OK (prob=0.9998, conf=0.9998, points=4, 1.7ms)
2026-03-18 20:01:49,652 [INFO] pipeline.processing_loop: Cabin 18: LEAK (prob=0.0016, conf=0.9984, points=4, 1.3ms)
2026-03-18 20:01:49,704 [INFO] core.cycle_fsm: Cabin 4: IDLE -> COLLECTING (angle 100.6бу crossed 100.0бу)
2026-03-18 20:01:49,705 [INFO] core.cycle_fsm: Cabin 16: COLLECTING -> PROCESSING (angle 277.1бу reached end 276.0бу (4 points), 0.453s)
2026-03-18 20:01:49,706 [INFO] core.cycle_fsm: Cabin 3: IDLE -> COLLECTING (angle 101.8бу crossed 100.0бу)
2026-03-18 20:01:49,720 [INFO] core.cycle_fsm: Cabin 15: COLLECTING -> PROCESSING (angle 279.2бу reached end 276.0бу (5 points), 0.436s)
2026-03-18 20:01:49,733 [INFO] pipeline.processing_loop: Cabin 15: NO_BOTTLE (max=3.0 < 50.0, points=5)
2026-03-18 20:01:49,761 [INFO] pipeline.processing_loop: Cabin 16: LEAK (prob=0.0003, conf=0.9997, points=4, 12.8ms)
2026-03-18 20:01:49,815 [INFO] core.cycle_fsm: Cabin 14: COLLECTING -> PROCESSING (angle 277.7бу reached end 276.0бу (5 points), 0.520s)
2026-03-18 20:01:49,816 [INFO] core.cycle_fsm: Cabin 2: IDLE -> COLLECTING (angle 103.8бу crossed 100.0бу)
2026-03-18 20:01:49,816 [INFO] core.cycle_fsm: Cabin 1: IDLE -> COLLECTING (angle 102.0бу crossed 100.0бу)
2026-03-18 20:01:49,817 [INFO] core.cycle_fsm: Cabin 13: COLLECTING -> PROCESSING (angle 278.8бу reached end 276.0бу (4 points), 0.432s)
2026-03-18 20:01:49,818 [INFO] core.cycle_fsm: Cabin 25: IDLE -> COLLECTING (angle 102.7бу crossed 100.0бу)
2026-03-18 20:01:49,818 [INFO] core.cycle_fsm: Cabin 12: COLLECTING -> PROCESSING (angle 277.9бу reached end 276.0бу (4 points), 0.392s)
2026-03-18 20:01:49,819 [INFO] core.cycle_fsm: Cabin 11: COLLECTING -> PROCESSING (angle 278.9бу reached end 276.0бу (4 points), 0.371s)
2026-03-18 20:01:49,820 [INFO] core.cycle_fsm: Cabin 24: IDLE -> COLLECTING (angle 101.7бу crossed 100.0бу)
2026-03-18 20:01:49,823 [INFO] pipeline.processing_loop: Cabin 11: OK (prob=0.9416, conf=0.9416, points=4, 1.3ms)
2026-03-18 20:01:49,826 [INFO] pipeline.processing_loop: Cabin 12: LEAK (prob=0.0071, conf=0.9929, points=4, 1.6ms)
2026-03-18 20:01:49,828 [INFO] pipeline.processing_loop: Cabin 13: OK (prob=1.0000, conf=1.0000, points=4, 1.2ms)
2026-03-18 20:01:49,830 [INFO] pipeline.processing_loop: Cabin 14: LEAK (prob=0.0274, conf=0.9726, points=5, 1.0ms)
2026-03-18 20:01:49,882 [INFO] core.cycle_fsm: Cabin 10: COLLECTING -> PROCESSING (angle 279.5бу reached end 276.0бу (4 points), 0.402s)
2026-03-18 20:01:49,883 [INFO] core.cycle_fsm: Cabin 23: IDLE -> COLLECTING (angle 102.8бу crossed 100.0бу)
2026-03-18 20:01:49,884 [INFO] core.cycle_fsm: Cabin 22: IDLE -> COLLECTING (angle 102.4бу crossed 100.0бу)
2026-03-18 20:01:49,885 [INFO] core.cycle_fsm: Cabin 9: COLLECTING -> PROCESSING (angle 278.7бу reached end 276.0бу (4 points), 0.374s)
2026-03-18 20:01:49,887 [INFO] pipeline.processing_loop: Cabin 9: OK (prob=0.9685, conf=0.9685, points=4, 1.3ms)
2026-03-18 20:01:49,889 [INFO] pipeline.processing_loop: Cabin 10: NO_BOTTLE (max=1.0 < 50.0, points=4)
2026-03-18 20:01:49,941 [INFO] core.cycle_fsm: Cabin 8: COLLECTING -> PROCESSING (angle 277.4бу reached end 276.0бу (4 points), 0.408s)
2026-03-18 20:01:49,943 [INFO] core.cycle_fsm: Cabin 21: IDLE -> COLLECTING (angle 103.2бу crossed 100.0бу)
2026-03-18 20:01:49,943 [INFO] core.cycle_fsm: Cabin 7: COLLECTING -> PROCESSING (angle 280.1бу reached end 276.0бу (4 points), 0.378s)
2026-03-18 20:01:49,944 [INFO] core.cycle_fsm: Cabin 20: IDLE -> COLLECTING (angle 103.8бу crossed 100.0бу)
2026-03-18 20:01:49,947 [INFO] pipeline.processing_loop: Cabin 7: OK (prob=0.9803, conf=0.9803, points=4, 1.4ms)
2026-03-18 20:01:49,951 [INFO] pipeline.processing_loop: Cabin 8: LEAK (prob=0.0041, conf=0.9959, points=4, 1.2ms)
2026-03-18 20:01:50,002 [INFO] core.cycle_fsm: Cabin 6: COLLECTING -> PROCESSING (angle 277.8бу reached end 276.0бу (4 points), 0.405s)
2026-03-18 20:01:50,003 [INFO] core.cycle_fsm: Cabin 19: IDLE -> COLLECTING (angle 103.7бу crossed 100.0бу)
2026-03-18 20:01:50,003 [INFO] core.cycle_fsm: Cabin 18: IDLE -> COLLECTING (angle 100.9бу crossed 100.0бу)
2026-03-18 20:01:50,004 [INFO] core.cycle_fsm: Cabin 5: COLLECTING -> PROCESSING (angle 280.7бу reached end 276.0бу (4 points), 0.376s)
2026-03-18 20:01:50,006 [INFO] pipeline.processing_loop: Cabin 5: NO_BOTTLE (max=2.4 < 50.0, points=4)
2026-03-18 20:01:50,008 [INFO] pipeline.processing_loop: Cabin 6: LEAK (prob=0.0111, conf=0.9889, points=4, 1.1ms)
2026-03-18 20:01:50,060 [INFO] core.cycle_fsm: Cabin 17: IDLE -> COLLECTING (angle 102.0бу crossed 100.0бу)
2026-03-18 20:01:50,061 [INFO] core.cycle_fsm: Cabin 4: COLLECTING -> PROCESSING (angle 280.7бу reached end 276.0бу (4 points), 0.401s)
2026-03-18 20:01:50,062 [INFO] core.cycle_fsm: Cabin 16: IDLE -> COLLECTING (angle 100.7бу crossed 100.0бу)
2026-03-18 20:01:50,062 [INFO] core.cycle_fsm: Cabin 3: COLLECTING -> PROCESSING (angle 278.9бу reached end 276.0бу (4 points), 0.381s)
2026-03-18 20:01:50,065 [INFO] pipeline.processing_loop: Cabin 3: OK (prob=1.0000, conf=1.0000, points=4, 1.3ms)
2026-03-18 20:01:50,067 [INFO] pipeline.processing_loop: Cabin 4: LEAK (prob=0.0018, conf=0.9982, points=4, 1.0ms)
2026-03-18 20:01:50,119 [INFO] core.cycle_fsm: Cabin 2: COLLECTING -> PROCESSING (angle 276.7бу reached end 276.0бу (4 points), 0.396s)
2026-03-18 20:01:50,119 [INFO] core.cycle_fsm: Cabin 15: IDLE -> COLLECTING (angle 100.7бу crossed 100.0бу)
2026-03-18 20:01:50,121 [INFO] core.cycle_fsm: Cabin 14: IDLE -> COLLECTING (angle 105.0бу crossed 100.0бу)
2026-03-18 20:01:50,121 [INFO] core.cycle_fsm: Cabin 1: COLLECTING -> PROCESSING (angle 279.1бу reached end 276.0бу (4 points), 0.376s)
2026-03-18 20:01:50,122 [INFO] core.cycle_fsm: Cabin 13: IDLE -> COLLECTING (angle 102.5бу crossed 100.0бу)
2026-03-18 20:01:50,125 [INFO] pipeline.processing_loop: Cabin 1: OK (prob=0.9753, conf=0.9753, points=4, 1.2ms)
2026-03-18 20:01:50,127 [INFO] pipeline.processing_loop: Cabin 2: LEAK (prob=0.0014, conf=0.9986, points=4, 1.0ms)
2026-03-18 20:01:50,178 [INFO] core.cycle_fsm: Cabin 25: COLLECTING -> PROCESSING (angle 280.1бу reached end 276.0бу (4 points), 0.411s)
2026-03-18 20:01:50,180 [INFO] core.cycle_fsm: Cabin 12: IDLE -> COLLECTING (angle 100.8бу crossed 100.0бу)
2026-03-18 20:01:50,180 [INFO] core.cycle_fsm: Cabin 24: COLLECTING -> PROCESSING (angle 278.2бу reached end 276.0бу (4 points), 0.370s)
2026-03-18 20:01:50,183 [INFO] pipeline.processing_loop: Cabin 24: LEAK (prob=0.0002, conf=0.9998, points=4, 1.4ms)
2026-03-18 20:01:50,185 [INFO] pipeline.processing_loop: Cabin 25: NO_BOTTLE (max=4.8 < 50.0, points=4)
2026-03-18 20:01:50,237 [INFO] core.cycle_fsm: Cabin 11: IDLE -> COLLECTING (angle 100.6бу crossed 100.0бу)
2026-03-18 20:01:50,237 [INFO] core.cycle_fsm: Cabin 23: COLLECTING -> PROCESSING (angle 280.2бу reached end 276.0бу (4 points), 0.395s)
2026-03-18 20:01:50,238 [INFO] core.cycle_fsm: Cabin 10: IDLE -> COLLECTING (angle 102.7бу crossed 100.0бу)
2026-03-18 20:01:50,238 [INFO] core.cycle_fsm: Cabin 22: COLLECTING -> PROCESSING (angle 279.3бу reached end 276.0бу (4 points), 0.375s)
2026-03-18 20:01:50,242 [INFO] pipeline.processing_loop: Cabin 22: LEAK (prob=0.0016, conf=0.9984, points=4, 1.3ms)
2026-03-18 20:01:50,244 [INFO] pipeline.processing_loop: Cabin 23: OK (prob=0.9266, conf=0.9266, points=4, 1.1ms)
2026-03-18 20:01:50,296 [INFO] core.cycle_fsm: Cabin 9: IDLE -> COLLECTING (angle 105.3бу crossed 100.0бу)
2026-03-18 20:01:50,297 [INFO] core.cycle_fsm: Cabin 8: IDLE -> COLLECTING (angle 100.8бу crossed 100.0бу)
2026-03-18 20:01:50,298 [INFO] core.cycle_fsm: Cabin 21: COLLECTING -> PROCESSING (angle 278.9бу reached end 276.0бу (4 points), 0.392s)
2026-03-18 20:01:50,299 [INFO] core.cycle_fsm: Cabin 20: COLLECTING -> PROCESSING (angle 280.7бу reached end 276.0бу (4 points), 0.372s)
2026-03-18 20:01:50,300 [INFO] pipeline.processing_loop: Cabin 20: NO_BOTTLE (max=3.2 < 50.0, points=4)
2026-03-18 20:01:50,303 [INFO] pipeline.processing_loop: Cabin 21: OK (prob=0.7388, conf=0.7388, points=4, 1.2ms)
2026-03-18 20:01:50,354 [INFO] core.cycle_fsm: Cabin 7: IDLE -> COLLECTING (angle 102.0бу crossed 100.0бу)
2026-03-18 20:01:50,355 [INFO] core.cycle_fsm: Cabin 19: COLLECTING -> PROCESSING (angle 280.0бу reached end 276.0бу (4 points), 0.396s)
2026-03-18 20:01:50,355 [INFO] core.cycle_fsm: Cabin 6: IDLE -> COLLECTING (angle 100.6бу crossed 100.0бу)
2026-03-18 20:01:50,356 [INFO] core.cycle_fsm: Cabin 18: COLLECTING -> PROCESSING (angle 277.9бу reached end 276.0бу (4 points), 0.387s)
2026-03-18 20:01:50,358 [INFO] pipeline.processing_loop: Cabin 18: LEAK (prob=0.0006, conf=0.9994, points=4, 1.3ms)
2026-03-18 20:01:50,361 [INFO] pipeline.processing_loop: Cabin 19: OK (prob=0.6647, conf=0.6647, points=4, 1.0ms)
2026-03-18 20:01:50,413 [INFO] core.cycle_fsm: Cabin 5: IDLE -> COLLECTING (angle 101.5бу crossed 100.0бу)
2026-03-18 20:01:50,414 [INFO] core.cycle_fsm: Cabin 17: COLLECTING -> PROCESSING (angle 278.0бу reached end 276.0бу (4 points), 0.402s)
2026-03-18 20:01:50,414 [INFO] core.cycle_fsm: Cabin 16: COLLECTING -> PROCESSING (angle 277.5бу reached end 276.0бу (4 points), 0.381s)
2026-03-18 20:01:50,416 [INFO] core.cycle_fsm: Cabin 4: IDLE -> COLLECTING (angle 103.2бу crossed 100.0бу)
2026-03-18 20:01:50,418 [INFO] pipeline.processing_loop: Cabin 16: LEAK (prob=0.0822, conf=0.9178, points=4, 1.2ms)
2026-03-18 20:01:50,420 [INFO] pipeline.processing_loop: Cabin 17: OK (prob=0.7745, conf=0.7745, points=4, 1.2ms)
2026-03-18 20:01:50,472 [INFO] core.cycle_fsm: Cabin 3: IDLE -> COLLECTING (angle 101.2бу crossed 100.0бу)
2026-03-18 20:01:50,474 [INFO] core.cycle_fsm: Cabin 15: COLLECTING -> PROCESSING (angle 277.2бу reached end 276.0бу (4 points), 0.399s)
2026-03-18 20:01:50,475 [INFO] core.cycle_fsm: Cabin 14: COLLECTING -> PROCESSING (angle 276.4бу reached end 276.0бу (4 points), 0.378s)
2026-03-18 20:01:50,475 [INFO] core.cycle_fsm: Cabin 2: IDLE -> COLLECTING (angle 104.0бу crossed 100.0бу)
2026-03-18 20:01:50,478 [INFO] pipeline.processing_loop: Cabin 14: LEAK (prob=0.0066, conf=0.9934, points=4, 1.6ms)
2026-03-18 20:01:50,479 [INFO] pipeline.processing_loop: Cabin 15: NO_BOTTLE (max=3.3 < 50.0, points=4)
2026-03-18 20:01:50,532 [INFO] core.cycle_fsm: Cabin 1: IDLE -> COLLECTING (angle 101.1бу crossed 100.0бу)
2026-03-18 20:01:50,533 [INFO] core.cycle_fsm: Cabin 13: COLLECTING -> PROCESSING (angle 279.5бу reached end 276.0бу (4 points), 0.415s)
2026-03-18 20:01:50,533 [INFO] core.cycle_fsm: Cabin 25: IDLE -> COLLECTING (angle 102.5бу crossed 100.0бу)
2026-03-18 20:01:50,535 [INFO] core.cycle_fsm: Cabin 12: COLLECTING -> PROCESSING (angle 277.2бу reached end 276.0бу (4 points), 0.375s)
2026-03-18 20:01:50,536 [INFO] pipeline.processing_loop: Cabin 12: LEAK (prob=0.0196, conf=0.9804, points=4, 1.3ms)
2026-03-18 20:01:50,540 [INFO] pipeline.processing_loop: Cabin 13: OK (prob=0.9498, conf=0.9498, points=4, 1.4ms)
2026-03-18 20:01:50,592 [INFO] core.cycle_fsm: Cabin 11: COLLECTING -> PROCESSING (angle 277.9бу reached end 276.0бу (4 points), 0.411s)
2026-03-18 20:01:50,593 [INFO] core.cycle_fsm: Cabin 24: IDLE -> COLLECTING (angle 101.2бу crossed 100.0бу)
2026-03-18 20:01:50,593 [INFO] core.cycle_fsm: Cabin 10: COLLECTING -> PROCESSING (angle 280.2бу reached end 276.0бу (4 points), 0.381s)
2026-03-18 20:01:50,595 [INFO] core.cycle_fsm: Cabin 23: IDLE -> COLLECTING (angle 101.9бу crossed 100.0бу)
2026-03-18 20:01:50,596 [INFO] pipeline.processing_loop: Cabin 10: NO_BOTTLE (max=3.6 < 50.0, points=4)
2026-03-18 20:01:50,599 [INFO] pipeline.processing_loop: Cabin 11: OK (prob=0.9473, conf=0.9473, points=4, 1.2ms)
2026-03-18 20:01:50,651 [INFO] core.cycle_fsm: Cabin 22: IDLE -> COLLECTING (angle 101.9бу crossed 100.0бу)
2026-03-18 20:01:50,651 [INFO] core.cycle_fsm: Cabin 9: COLLECTING -> PROCESSING (angle 276.7бу reached end 276.0бу (4 points), 0.397s)
2026-03-18 20:01:50,653 [INFO] core.cycle_fsm: Cabin 8: COLLECTING -> PROCESSING (angle 279.0бу reached end 276.0бу (4 points), 0.388s)
2026-03-18 20:01:50,653 [INFO] core.cycle_fsm: Cabin 21: IDLE -> COLLECTING (angle 102.0бу crossed 100.0бу)
2026-03-18 20:01:50,656 [INFO] pipeline.processing_loop: Cabin 8: LEAK (prob=0.0061, conf=0.9939, points=4, 1.4ms)
2026-03-18 20:01:50,658 [INFO] pipeline.processing_loop: Cabin 9: OK (prob=1.0000, conf=1.0000, points=4, 1.1ms)
2026-03-18 20:01:50,710 [INFO] core.cycle_fsm: Cabin 7: COLLECTING -> PROCESSING (angle 278.8бу reached end 276.0бу (4 points), 0.414s)
2026-03-18 20:01:50,711 [INFO] core.cycle_fsm: Cabin 20: IDLE -> COLLECTING (angle 100.4бу crossed 100.0бу)
2026-03-18 20:01:50,711 [INFO] core.cycle_fsm: Cabin 6: COLLECTING -> PROCESSING (angle 276.9бу reached end 276.0бу (4 points), 0.383s)
2026-03-18 20:01:50,713 [INFO] core.cycle_fsm: Cabin 19: IDLE -> COLLECTING (angle 102.5бу crossed 100.0бу)
2026-03-18 20:01:50,715 [INFO] core.cycle_fsm: Cabin 18: IDLE -> COLLECTING (angle 103.5бу crossed 100.0бу)
2026-03-18 20:01:50,716 [INFO] pipeline.processing_loop: Cabin 6: LEAK (prob=0.0023, conf=0.9977, points=4, 1.6ms)
2026-03-18 20:01:50,720 [INFO] pipeline.processing_loop: Cabin 7: OK (prob=1.0000, conf=1.0000, points=4, 1.4ms)
2026-03-18 20:01:50,772 [INFO] core.cycle_fsm: Cabin 5: COLLECTING -> PROCESSING (angle 277.8бу reached end 276.0бу (4 points), 0.412s)
2026-03-18 20:01:50,772 [INFO] core.cycle_fsm: Cabin 4: COLLECTING -> PROCESSING (angle 276.1бу reached end 276.0бу (4 points), 0.370s)
2026-03-18 20:01:50,774 [INFO] core.cycle_fsm: Cabin 17: IDLE -> COLLECTING (angle 104.9бу crossed 100.0бу)
2026-03-18 20:01:50,777 [INFO] pipeline.processing_loop: Cabin 4: LEAK (prob=0.0106, conf=0.9894, points=4, 1.7ms)
2026-03-18 20:01:50,779 [INFO] pipeline.processing_loop: Cabin 5: NO_BOTTLE (max=4.9 < 50.0, points=4)
2026-03-18 20:01:50,831 [INFO] core.cycle_fsm: Cabin 3: COLLECTING -> PROCESSING (angle 278.7бу reached end 276.0бу (4 points), 0.418s)
2026-03-18 20:01:50,833 [INFO] core.cycle_fsm: Cabin 16: IDLE -> COLLECTING (angle 104.9бу crossed 100.0бу)
2026-03-18 20:01:50,833 [INFO] core.cycle_fsm: Cabin 2: COLLECTING -> PROCESSING (angle 279.4бу reached end 276.0бу (4 points), 0.377s)
2026-03-18 20:01:50,834 [INFO] core.cycle_fsm: Cabin 15: IDLE -> COLLECTING (angle 104.2бу crossed 100.0бу)
2026-03-18 20:01:50,835 [INFO] core.cycle_fsm: Cabin 14: IDLE -> COLLECTING (angle 104.0бу crossed 100.0бу)
2026-03-18 20:01:50,837 [INFO] pipeline.processing_loop: Cabin 2: LEAK (prob=0.0005, conf=0.9995, points=4, 1.2ms)
2026-03-18 20:01:50,840 [INFO] pipeline.processing_loop: Cabin 3: OK (prob=0.9691, conf=0.9691, points=4, 1.0ms)
2026-03-18 20:01:50,891 [INFO] core.cycle_fsm: Cabin 1: COLLECTING -> PROCESSING (angle 279.8бу reached end 276.0бу (4 points), 0.414s)
2026-03-18 20:01:50,892 [INFO] core.cycle_fsm: Cabin 13: IDLE -> COLLECTING (angle 101.6бу crossed 100.0бу)
2026-03-18 20:01:50,892 [INFO] core.cycle_fsm: Cabin 25: COLLECTING -> PROCESSING (angle 278.2бу reached end 276.0бу (4 points), 0.394s)
2026-03-18 20:01:50,895 [INFO] pipeline.processing_loop: Cabin 1: OK (prob=0.9798, conf=0.9798, points=4, 1.4ms)
2026-03-18 20:01:50,897 [INFO] pipeline.processing_loop: Cabin 25: NO_BOTTLE (max=1.7 < 50.0, points=4)
2026-03-18 20:01:50,948 [INFO] core.cycle_fsm: Cabin 12: IDLE -> COLLECTING (angle 103.2бу crossed 100.0бу)
2026-03-18 20:01:50,949 [INFO] core.cycle_fsm: Cabin 24: COLLECTING -> PROCESSING (angle 278.5бу reached end 276.0бу (4 points), 0.408s)
2026-03-18 20:01:50,949 [INFO] core.cycle_fsm: Cabin 11: IDLE -> COLLECTING (angle 100.1бу crossed 100.0бу)
2026-03-18 20:01:50,951 [INFO] core.cycle_fsm: Cabin 23: COLLECTING -> PROCESSING (angle 279.5бу reached end 276.0бу (4 points), 0.379s)
2026-03-18 20:01:50,951 [INFO] core.cycle_fsm: Cabin 10: IDLE -> COLLECTING (angle 103.3бу crossed 100.0бу)
2026-03-18 20:01:50,954 [INFO] pipeline.processing_loop: Cabin 23: OK (prob=0.9305, conf=0.9305, points=4, 1.2ms)
2026-03-18 20:01:50,956 [INFO] pipeline.processing_loop: Cabin 24: LEAK (prob=0.0005, conf=0.9995, points=4, 1.4ms)
2026-03-18 20:01:51,008 [INFO] core.cycle_fsm: Cabin 22: COLLECTING -> PROCESSING (angle 279.2бу reached end 276.0бу (4 points), 0.415s)
2026-03-18 20:01:51,009 [INFO] core.cycle_fsm: Cabin 9: IDLE -> COLLECTING (angle 102.9бу crossed 100.0бу)
2026-03-18 20:01:51,010 [INFO] core.cycle_fsm: Cabin 8: IDLE -> COLLECTING (angle 100.4бу crossed 100.0бу)
2026-03-18 20:01:51,010 [INFO] core.cycle_fsm: Cabin 21: COLLECTING -> PROCESSING (angle 279.6бу reached end 276.0бу (4 points), 0.375s)
2026-03-18 20:01:51,013 [INFO] pipeline.processing_loop: Cabin 21: OK (prob=0.7388, conf=0.7388, points=4, 1.2ms)
2026-03-18 20:01:51,015 [INFO] pipeline.processing_loop: Cabin 22: LEAK (prob=0.0002, conf=0.9998, points=4, 1.2ms)
2026-03-18 20:01:51,067 [INFO] core.cycle_fsm: Cabin 20: COLLECTING -> PROCESSING (angle 276.7бу reached end 276.0бу (4 points), 0.410s)
2026-03-18 20:01:51,068 [INFO] core.cycle_fsm: Cabin 7: IDLE -> COLLECTING (angle 101.0бу crossed 100.0бу)
2026-03-18 20:01:51,068 [INFO] core.cycle_fsm: Cabin 19: COLLECTING -> PROCESSING (angle 279.5бу reached end 276.0бу (4 points), 0.380s)
2026-03-18 20:01:51,071 [INFO] pipeline.processing_loop: Cabin 19: OK (prob=1.0000, conf=1.0000, points=4, 1.2ms)
2026-03-18 20:01:51,073 [INFO] pipeline.processing_loop: Cabin 20: NO_BOTTLE (max=1.5 < 50.0, points=4)
2026-03-18 20:01:51,124 [INFO] core.cycle_fsm: Cabin 6: IDLE -> COLLECTING (angle 103.0бу crossed 100.0бу)
2026-03-18 20:01:51,124 [INFO] core.cycle_fsm: Cabin 18: COLLECTING -> PROCESSING (angle 280.7бу reached end 276.0бу (4 points), 0.415s)
2026-03-18 20:01:51,125 [INFO] core.cycle_fsm: Cabin 5: IDLE -> COLLECTING (angle 100.2бу crossed 100.0бу)
2026-03-18 20:01:51,125 [INFO] core.cycle_fsm: Cabin 17: COLLECTING -> PROCESSING (angle 277.2бу reached end 276.0бу (4 points), 0.374s)
2026-03-18 20:01:51,127 [INFO] core.cycle_fsm: Cabin 16: COLLECTING -> PROCESSING (angle 276.4бу reached end 276.0бу (4 points), 0.355s)
2026-03-18 20:01:51,130 [INFO] pipeline.processing_loop: Cabin 16: LEAK (prob=0.0014, conf=0.9986, points=4, 1.6ms)
2026-03-18 20:01:51,132 [INFO] pipeline.processing_loop: Cabin 17: OK (prob=1.0000, conf=1.0000, points=4, 1.1ms)
2026-03-18 20:01:51,133 [INFO] pipeline.processing_loop: Cabin 18: LEAK (prob=0.0889, conf=0.9111, points=4, 0.9ms)
2026-03-18 20:01:51,186 [INFO] core.cycle_fsm: Cabin 4: IDLE -> COLLECTING (angle 102.7бу crossed 100.0бу)
2026-03-18 20:01:51,186 [INFO] core.cycle_fsm: Cabin 3: IDLE -> COLLECTING (angle 104.2бу crossed 100.0бу)
2026-03-18 20:01:51,186 [INFO] core.cycle_fsm: Cabin 15: COLLECTING -> PROCESSING (angle 280.1бу reached end 276.0бу (4 points), 0.372s)
2026-03-18 20:01:51,188 [INFO] core.cycle_fsm: Cabin 2: IDLE -> COLLECTING (angle 101.4бу crossed 100.0бу)
2026-03-18 20:01:51,188 [INFO] core.cycle_fsm: Cabin 14: COLLECTING -> PROCESSING (angle 279.5бу reached end 276.0бу (4 points), 0.364s)
2026-03-18 20:01:51,191 [INFO] pipeline.processing_loop: Cabin 14: LEAK (prob=0.0009, conf=0.9991, points=4, 1.3ms)
2026-03-18 20:01:51,193 [INFO] pipeline.processing_loop: Cabin 15: NO_BOTTLE (max=2.4 < 50.0, points=4)
2026-03-18 20:01:51,245 [INFO] core.cycle_fsm: Cabin 1: IDLE -> COLLECTING (angle 102.5бу crossed 100.0бу)
2026-03-18 20:01:51,246 [INFO] core.cycle_fsm: Cabin 13: COLLECTING -> PROCESSING (angle 277.9бу reached end 276.0бу (4 points), 0.400s)
2026-03-18 20:01:51,246 [INFO] core.cycle_fsm: Cabin 25: IDLE -> COLLECTING (angle 101.7бу crossed 100.0бу)
2026-03-18 20:01:51,249 [INFO] pipeline.processing_loop: Cabin 13: OK (prob=0.7627, conf=0.7627, points=4, 1.2ms)
2026-03-18 20:01:51,301 [INFO] core.cycle_fsm: Cabin 12: COLLECTING -> PROCESSING (angle 278.7бу reached end 276.0бу (4 points), 0.403s)
2026-03-18 20:01:51,301 [INFO] core.cycle_fsm: Cabin 11: COLLECTING -> PROCESSING (angle 276.5бу reached end 276.0бу (4 points), 0.393s)
2026-03-18 20:01:51,303 [INFO] core.cycle_fsm: Cabin 24: IDLE -> COLLECTING (angle 105.2бу crossed 100.0бу)
2026-03-18 20:01:51,303 [INFO] core.cycle_fsm: Cabin 10: COLLECTING -> PROCESSING (angle 279.7бу reached end 276.0бу (4 points), 0.363s)
2026-03-18 20:01:51,304 [INFO] core.cycle_fsm: Cabin 23: IDLE -> COLLECTING (angle 100.4бу crossed 100.0бу)
2026-03-18 20:01:51,304 [INFO] pipeline.processing_loop: Cabin 10: NO_BOTTLE (max=4.4 < 50.0, points=4)
2026-03-18 20:01:51,307 [INFO] pipeline.processing_loop: Cabin 11: OK (prob=0.9099, conf=0.9099, points=4, 1.1ms)
2026-03-18 20:01:51,310 [INFO] pipeline.processing_loop: Cabin 12: LEAK (prob=0.2187, conf=0.7813, points=4, 1.0ms)
2026-03-18 20:01:51,362 [INFO] core.cycle_fsm: Cabin 22: IDLE -> COLLECTING (angle 101.1бу crossed 100.0бу)
2026-03-18 20:01:51,362 [INFO] core.cycle_fsm: Cabin 9: COLLECTING -> PROCESSING (angle 280.0бу reached end 276.0бу (4 points), 0.380s)
2026-03-18 20:01:51,364 [INFO] core.cycle_fsm: Cabin 8: COLLECTING -> PROCESSING (angle 277.9бу reached end 276.0бу (4 points), 0.371s)
2026-03-18 20:01:51,367 [INFO] pipeline.processing_loop: Cabin 8: LEAK (prob=0.0045, conf=0.9955, points=4, 1.4ms)
2026-03-18 20:01:51,368 [INFO] pipeline.processing_loop: Cabin 9: OK (prob=0.9765, conf=0.9765, points=4, 1.3ms)
2026-03-18 20:01:51,420 [INFO] core.cycle_fsm: Cabin 21: IDLE -> COLLECTING (angle 101.7бу crossed 100.0бу)
2026-03-18 20:01:51,421 [INFO] core.cycle_fsm: Cabin 7: COLLECTING -> PROCESSING (angle 277.6бу reached end 276.0бу (4 points), 0.396s)
2026-03-18 20:01:51,422 [INFO] core.cycle_fsm: Cabin 20: IDLE -> COLLECTING (angle 100.4бу crossed 100.0бу)
2026-03-18 20:01:51,423 [INFO] core.cycle_fsm: Cabin 19: IDLE -> COLLECTING (angle 101.8бу crossed 100.0бу)
2026-03-18 20:01:51,425 [INFO] pipeline.processing_loop: Cabin 7: OK (prob=0.9766, conf=0.9766, points=4, 1.4ms)
2026-03-18 20:01:51,476 [INFO] core.cycle_fsm: Cabin 6: COLLECTING -> PROCESSING (angle 279.1бу reached end 276.0бу (4 points), 0.409s)
2026-03-18 20:01:51,477 [INFO] core.cycle_fsm: Cabin 18: IDLE -> COLLECTING (angle 102.1бу crossed 100.0бу)
2026-03-18 20:01:51,478 [INFO] core.cycle_fsm: Cabin 5: COLLECTING -> PROCESSING (angle 280.8бу reached end 276.0бу (4 points), 0.389s)
2026-03-18 20:01:51,479 [INFO] pipeline.processing_loop: Cabin 5: NO_BOTTLE (max=4.2 < 50.0, points=4)
2026-03-18 20:01:51,483 [INFO] pipeline.processing_loop: Cabin 6: LEAK (prob=0.0004, conf=0.9996, points=4, 1.6ms)
2026-03-18 20:01:51,535 [INFO] core.cycle_fsm: Cabin 17: IDLE -> COLLECTING (angle 104.2бу crossed 100.0бу)
2026-03-18 20:01:51,535 [INFO] core.cycle_fsm: Cabin 4: COLLECTING -> PROCESSING (angle 278.7бу reached end 276.0бу (4 points), 0.404s)
2026-03-18 20:01:51,537 [INFO] core.cycle_fsm: Cabin 3: COLLECTING -> PROCESSING (angle 277.0бу reached end 276.0бу (4 points), 0.385s)
2026-03-18 20:01:51,537 [INFO] core.cycle_fsm: Cabin 16: IDLE -> COLLECTING (angle 104.0бу crossed 100.0бу)
2026-03-18 20:01:51,540 [INFO] pipeline.processing_loop: Cabin 3: OK (prob=1.0000, conf=1.0000, points=4, 1.2ms)
2026-03-18 20:01:51,541 [INFO] pipeline.processing_loop: Cabin 4: LEAK (prob=0.0030, conf=0.9970, points=4, 1.2ms)
2026-03-18 20:01:51,594 [INFO] core.cycle_fsm: Cabin 2: COLLECTING -> PROCESSING (angle 279.8бу reached end 276.0бу (4 points), 0.410s)
2026-03-18 20:01:51,595 [INFO] core.cycle_fsm: Cabin 15: IDLE -> COLLECTING (angle 101.4бу crossed 100.0бу)
2026-03-18 20:01:51,595 [INFO] core.cycle_fsm: Cabin 14: IDLE -> COLLECTING (angle 101.0бу crossed 100.0бу)
2026-03-18 20:01:51,596 [INFO] core.cycle_fsm: Cabin 1: COLLECTING -> PROCESSING (angle 280.0бу reached end 276.0бу (4 points), 0.391s)
2026-03-18 20:01:51,596 [INFO] core.cycle_fsm: Cabin 13: IDLE -> COLLECTING (angle 101.2бу crossed 100.0бу)
2026-03-18 20:01:51,598 [INFO] core.cycle_fsm: Cabin 25: COLLECTING -> PROCESSING (angle 277.1бу reached end 276.0бу (4 points), 0.372s)
2026-03-18 20:01:51,601 [INFO] pipeline.processing_loop: Cabin 1: OK (prob=0.9753, conf=0.9753, points=4, 1.2ms)
2026-03-18 20:01:51,602 [INFO] pipeline.processing_loop: Cabin 2: LEAK (prob=0.0006, conf=0.9994, points=4, 1.1ms)
2026-03-18 20:01:51,604 [INFO] pipeline.processing_loop: Cabin 25: NO_BOTTLE (max=3.1 < 50.0, points=4)
2026-03-18 20:01:51,656 [INFO] core.cycle_fsm: Cabin 12: IDLE -> COLLECTING (angle 100.3бу crossed 100.0бу)
2026-03-18 20:01:51,656 [INFO] core.cycle_fsm: Cabin 24: COLLECTING -> PROCESSING (angle 277.1бу reached end 276.0бу (4 points), 0.376s)
2026-03-18 20:01:51,657 [INFO] core.cycle_fsm: Cabin 11: IDLE -> COLLECTING (angle 104.0бу crossed 100.0бу)
2026-03-18 20:01:51,659 [INFO] pipeline.processing_loop: Cabin 24: LEAK (prob=0.0062, conf=0.9938, points=4, 1.3ms)
2026-03-18 20:01:51,711 [INFO] core.cycle_fsm: Cabin 10: IDLE -> COLLECTING (angle 102.2бу crossed 100.0бу)
2026-03-18 20:01:51,712 [INFO] core.cycle_fsm: Cabin 23: COLLECTING -> PROCESSING (angle 280.6бу reached end 276.0бу (4 points), 0.412s)
2026-03-18 20:01:51,713 [INFO] core.cycle_fsm: Cabin 22: COLLECTING -> PROCESSING (angle 278.2бу reached end 276.0бу (4 points), 0.392s)
2026-03-18 20:01:51,717 [INFO] pipeline.processing_loop: Cabin 22: LEAK (prob=0.0002, conf=0.9998, points=4, 2.3ms)
2026-03-18 20:01:51,719 [INFO] pipeline.processing_loop: Cabin 23: OK (prob=1.0000, conf=1.0000, points=4, 1.3ms)
2026-03-18 20:01:51,771 [INFO] core.cycle_fsm: Cabin 9: IDLE -> COLLECTING (angle 103.4бу crossed 100.0бу)
2026-03-18 20:01:51,772 [INFO] core.cycle_fsm: Cabin 8: IDLE -> COLLECTING (angle 100.9бу crossed 100.0бу)
2026-03-18 20:01:51,772 [INFO] core.cycle_fsm: Cabin 21: COLLECTING -> PROCESSING (angle 278.5бу reached end 276.0бу (4 points), 0.408s)
2026-03-18 20:01:51,773 [INFO] core.cycle_fsm: Cabin 20: COLLECTING -> PROCESSING (angle 276.7бу reached end 276.0бу (4 points), 0.389s)
2026-03-18 20:01:51,773 [INFO] core.cycle_fsm: Cabin 7: IDLE -> COLLECTING (angle 104.1бу crossed 100.0бу)
2026-03-18 20:01:51,775 [INFO] pipeline.processing_loop: Cabin 20: NO_BOTTLE (max=4.2 < 50.0, points=4)
2026-03-18 20:01:51,779 [INFO] pipeline.processing_loop: Cabin 21: OK (prob=0.3830, conf=0.3830, points=4, 1.9ms)
2026-03-18 20:01:51,830 [INFO] core.cycle_fsm: Cabin 19: COLLECTING -> PROCESSING (angle 279.1бу reached end 276.0бу (4 points), 0.414s)
2026-03-18 20:01:51,831 [INFO] core.cycle_fsm: Cabin 6: IDLE -> COLLECTING (angle 101.4бу crossed 100.0бу)
2026-03-18 20:01:51,832 [INFO] core.cycle_fsm: Cabin 18: COLLECTING -> PROCESSING (angle 278.8бу reached end 276.0бу (4 points), 0.394s)
2026-03-18 20:01:51,834 [INFO] pipeline.processing_loop: Cabin 18: LEAK (prob=0.0034, conf=0.9966, points=4, 1.2ms)
2026-03-18 20:01:51,836 [INFO] pipeline.processing_loop: Cabin 19: OK (prob=0.3732, conf=0.3732, points=4, 0.9ms)
2026-03-18 20:01:51,888 [INFO] core.cycle_fsm: Cabin 5: IDLE -> COLLECTING (angle 102.1бу crossed 100.0бу)
2026-03-18 20:01:51,889 [INFO] core.cycle_fsm: Cabin 17: COLLECTING -> PROCESSING (angle 280.2бу reached end 276.0бу (4 points), 0.409s)
2026-03-18 20:01:51,889 [INFO] core.cycle_fsm: Cabin 4: IDLE -> COLLECTING (angle 102.1бу crossed 100.0бу)
2026-03-18 20:01:51,890 [INFO] core.cycle_fsm: Cabin 16: COLLECTING -> PROCESSING (angle 280.5бу reached end 276.0бу (4 points), 0.389s)
2026-03-18 20:01:51,890 [INFO] core.cycle_fsm: Cabin 3: IDLE -> COLLECTING (angle 104.5бу crossed 100.0бу)
2026-03-18 20:01:51,894 [INFO] pipeline.processing_loop: Cabin 16: LEAK (prob=0.0002, conf=0.9998, points=4, 1.7ms)
2026-03-18 20:01:51,897 [INFO] pipeline.processing_loop: Cabin 17: OK (prob=0.7307, conf=0.7307, points=4, 1.1ms)
2026-03-18 20:01:51,948 [INFO] core.cycle_fsm: Cabin 15: COLLECTING -> PROCESSING (angle 278.5бу reached end 276.0бу (4 points), 0.405s)
2026-03-18 20:01:51,949 [INFO] core.cycle_fsm: Cabin 2: IDLE -> COLLECTING (angle 100.1бу crossed 100.0бу)
2026-03-18 20:01:51,950 [INFO] core.cycle_fsm: Cabin 14: COLLECTING -> PROCESSING (angle 280.9бу reached end 276.0бу (4 points), 0.397s)
2026-03-18 20:01:51,950 [INFO] core.cycle_fsm: Cabin 1: IDLE -> COLLECTING (angle 101.5бу crossed 100.0бу)
2026-03-18 20:01:51,952 [INFO] core.cycle_fsm: Cabin 13: COLLECTING -> PROCESSING (angle 280.8бу reached end 276.0бу (4 points), 0.378s)
2026-03-18 20:01:51,954 [INFO] pipeline.processing_loop: Cabin 13: OK (prob=0.9498, conf=0.9498, points=4, 1.2ms)
2026-03-18 20:01:51,956 [INFO] pipeline.processing_loop: Cabin 14: LEAK (prob=0.0013, conf=0.9987, points=4, 1.0ms)
2026-03-18 20:01:51,958 [INFO] pipeline.processing_loop: Cabin 15: NO_BOTTLE (max=4.4 < 50.0, points=4)
2026-03-18 20:01:52,010 [INFO] core.cycle_fsm: Cabin 25: IDLE -> COLLECTING (angle 104.5бу crossed 100.0бу)
2026-03-18 20:01:52,011 [INFO] core.cycle_fsm: Cabin 12: COLLECTING -> PROCESSING (angle 278.3бу reached end 276.0бу (4 points), 0.384s)
2026-03-18 20:01:52,014 [INFO] pipeline.processing_loop: Cabin 12: LEAK (prob=0.0083, conf=0.9917, points=4, 1.3ms)
2026-03-18 20:01:52,065 [INFO] core.cycle_fsm: Cabin 11: COLLECTING -> PROCESSING (angle 281.0бу reached end 276.0бу (4 points), 0.417s)
2026-03-18 20:01:52,066 [INFO] core.cycle_fsm: Cabin 24: IDLE -> COLLECTING (angle 102.6бу crossed 100.0бу)
2026-03-18 20:01:52,067 [INFO] core.cycle_fsm: Cabin 10: COLLECTING -> PROCESSING (angle 277.2бу reached end 276.0бу (4 points), 0.398s)
2026-03-18 20:01:52,067 [INFO] core.cycle_fsm: Cabin 23: IDLE -> COLLECTING (angle 103.7бу crossed 100.0бу)
2026-03-18 20:01:52,069 [INFO] core.cycle_fsm: Cabin 22: IDLE -> COLLECTING (angle 102.1бу crossed 100.0бу)
2026-03-18 20:01:52,069 [INFO] pipeline.processing_loop: Cabin 10: NO_BOTTLE (max=2.6 < 50.0, points=4)
2026-03-18 20:01:52,072 [INFO] pipeline.processing_loop: Cabin 11: OK (prob=1.0000, conf=1.0000, points=4, 1.1ms)
2026-03-18 20:01:52,123 [INFO] core.cycle_fsm: Cabin 9: COLLECTING -> PROCESSING (angle 280.6бу reached end 276.0бу (4 points), 0.412s)
2026-03-18 20:01:52,124 [INFO] core.cycle_fsm: Cabin 8: COLLECTING -> PROCESSING (angle 277.6бу reached end 276.0бу (4 points), 0.402s)
2026-03-18 20:01:52,126 [INFO] core.cycle_fsm: Cabin 21: IDLE -> COLLECTING (angle 103.9бу crossed 100.0бу)
2026-03-18 20:01:52,128 [INFO] pipeline.processing_loop: Cabin 8: OK (prob=0.9955, conf=0.9955, points=4, 1.2ms)
2026-03-18 20:01:52,130 [INFO] pipeline.processing_loop: Cabin 9: OK (prob=0.9110, conf=0.9110, points=4, 0.9ms)
2026-03-18 20:01:52,182 [INFO] core.cycle_fsm: Cabin 7: COLLECTING -> PROCESSING (angle 281.1бу reached end 276.0бу (4 points), 0.415s)
2026-03-18 20:01:52,190 [INFO] core.cycle_fsm: Cabin 20: IDLE -> COLLECTING (angle 105.1бу crossed 100.0бу)
2026-03-18 20:01:52,191 [INFO] core.cycle_fsm: Cabin 19: IDLE -> COLLECTING (angle 100.7бу crossed 100.0бу)
2026-03-18 20:01:52,192 [INFO] core.cycle_fsm: Cabin 6: COLLECTING -> PROCESSING (angle 279.9бу reached end 276.0бу (4 points), 0.394s)
2026-03-18 20:01:52,192 [INFO] core.cycle_fsm: Cabin 18: IDLE -> COLLECTING (angle 105.3бу crossed 100.0бу)
2026-03-18 20:01:52,195 [INFO] pipeline.processing_loop: Cabin 6: LEAK (prob=0.0038, conf=0.9962, points=4, 1.2ms)
2026-03-18 20:01:52,197 [INFO] pipeline.processing_loop: Cabin 7: OK (prob=0.9775, conf=0.9775, points=4, 0.9ms)
2026-03-18 20:01:52,249 [INFO] core.cycle_fsm: Cabin 5: COLLECTING -> PROCESSING (angle 277.5бу reached end 276.0бу (4 points), 0.419s)
2026-03-18 20:01:52,250 [INFO] core.cycle_fsm: Cabin 17: IDLE -> COLLECTING (angle 102.6бу crossed 100.0бу)
2026-03-18 20:01:52,251 [INFO] core.cycle_fsm: Cabin 4: COLLECTING -> PROCESSING (angle 279.1бу reached end 276.0бу (4 points), 0.389s)
2026-03-18 20:01:52,251 [INFO] core.cycle_fsm: Cabin 16: IDLE -> COLLECTING (angle 101.4бу crossed 100.0бу)
2026-03-18 20:01:52,253 [INFO] core.cycle_fsm: Cabin 3: COLLECTING -> PROCESSING (angle 280.8бу reached end 276.0бу (4 points), 0.369s)
2026-03-18 20:01:52,255 [INFO] pipeline.processing_loop: Cabin 3: OK (prob=0.9953, conf=0.9953, points=4, 1.3ms)
2026-03-18 20:01:52,258 [INFO] pipeline.processing_loop: Cabin 4: LEAK (prob=0.0066, conf=0.9934, points=4, 1.1ms)
2026-03-18 20:01:52,259 [INFO] pipeline.processing_loop: Cabin 5: NO_BOTTLE (max=2.1 < 50.0, points=4)
2026-03-18 20:01:52,311 [INFO] core.cycle_fsm: Cabin 2: COLLECTING -> PROCESSING (angle 277.5бу reached end 276.0бу (4 points), 0.396s)
2026-03-18 20:01:52,311 [INFO] core.cycle_fsm: Cabin 15: IDLE -> COLLECTING (angle 100.1бу crossed 100.0бу)
2026-03-18 20:01:52,313 [INFO] core.cycle_fsm: Cabin 1: COLLECTING -> PROCESSING (angle 278.1бу reached end 276.0бу (4 points), 0.377s)
2026-03-18 20:01:52,314 [INFO] core.cycle_fsm: Cabin 14: IDLE -> COLLECTING (angle 101.8бу crossed 100.0бу)
2026-03-18 20:01:52,316 [INFO] pipeline.processing_loop: Cabin 1: OK (prob=0.9959, conf=0.9959, points=4, 1.3ms)
2026-03-18 20:01:52,318 [INFO] pipeline.processing_loop: Cabin 2: LEAK (prob=0.0010, conf=0.9990, points=4, 1.1ms)
2026-03-18 20:01:52,370 [INFO] core.cycle_fsm: Cabin 13: IDLE -> COLLECTING (angle 103.1бу crossed 100.0бу)
2026-03-18 20:01:52,370 [INFO] core.cycle_fsm: Cabin 25: COLLECTING -> PROCESSING (angle 280.4бу reached end 276.0бу (4 points), 0.402s)
2026-03-18 20:01:52,371 [INFO] core.cycle_fsm: Cabin 12: IDLE -> COLLECTING (angle 100.8бу crossed 100.0бу)
2026-03-18 20:01:52,373 [INFO] pipeline.processing_loop: Cabin 25: NO_BOTTLE (max=1.5 < 50.0, points=4)
2026-03-18 20:01:52,425 [INFO] core.cycle_fsm: Cabin 24: COLLECTING -> PROCESSING (angle 279.2бу reached end 276.0бу (4 points), 0.413s)
2026-03-18 20:01:52,425 [INFO] core.cycle_fsm: Cabin 11: IDLE -> COLLECTING (angle 102.3бу crossed 100.0бу)
2026-03-18 20:01:52,427 [INFO] core.cycle_fsm: Cabin 23: COLLECTING -> PROCESSING (angle 280.5бу reached end 276.0бу (4 points), 0.381s)
2026-03-18 20:01:52,427 [INFO] core.cycle_fsm: Cabin 10: IDLE -> COLLECTING (angle 104.5бу crossed 100.0бу)
2026-03-18 20:01:52,427 [INFO] core.cycle_fsm: Cabin 22: COLLECTING -> PROCESSING (angle 279.3бу reached end 276.0бу (4 points), 0.372s)
2026-03-18 20:01:52,430 [INFO] pipeline.processing_loop: Cabin 22: LEAK (prob=0.0016, conf=0.9984, points=4, 1.3ms)
2026-03-18 20:01:52,431 [INFO] pipeline.processing_loop: Cabin 23: OK (prob=0.9617, conf=0.9617, points=4, 1.0ms)
2026-03-18 20:01:52,435 [INFO] pipeline.processing_loop: Cabin 24: LEAK (prob=0.0018, conf=0.9982, points=4, 1.3ms)
2026-03-18 20:01:52,487 [INFO] core.cycle_fsm: Cabin 9: IDLE -> COLLECTING (angle 103.2бу crossed 100.0бу)
2026-03-18 20:01:52,487 [INFO] core.cycle_fsm: Cabin 21: COLLECTING -> PROCESSING (angle 276.5бу reached end 276.0бу (4 points), 0.380s)
2026-03-18 20:01:52,489 [INFO] core.cycle_fsm: Cabin 8: IDLE -> COLLECTING (angle 103.7бу crossed 100.0бу)
2026-03-18 20:01:52,490 [INFO] pipeline.processing_loop: Cabin 21: OK (prob=0.9732, conf=0.9732, points=4, 1.4ms)
2026-03-18 20:01:52,543 [INFO] core.cycle_fsm: Cabin 20: COLLECTING -> PROCESSING (angle 280.8бу reached end 276.0бу (4 points), 0.414s)
2026-03-18 20:01:52,544 [INFO] core.cycle_fsm: Cabin 7: IDLE -> COLLECTING (angle 103.6бу crossed 100.0бу)
2026-03-18 20:01:52,544 [INFO] core.cycle_fsm: Cabin 19: COLLECTING -> PROCESSING (angle 277.0бу reached end 276.0бу (4 points), 0.395s)
2026-03-18 20:01:52,545 [INFO] core.cycle_fsm: Cabin 6: IDLE -> COLLECTING (angle 101.7бу crossed 100.0бу)
2026-03-18 20:01:52,545 [INFO] core.cycle_fsm: Cabin 18: COLLECTING -> PROCESSING (angle 277.9бу reached end 276.0бу (4 points), 0.364s)
2026-03-18 20:01:52,548 [INFO] pipeline.processing_loop: Cabin 18: LEAK (prob=0.0007, conf=0.9993, points=4, 1.2ms)
2026-03-18 20:01:52,551 [INFO] pipeline.processing_loop: Cabin 19: OK (prob=1.0000, conf=1.0000, points=4, 1.2ms)
2026-03-18 20:01:52,551 [INFO] pipeline.processing_loop: Cabin 20: NO_BOTTLE (max=4.4 < 50.0, points=4)
2026-03-18 20:01:52,604 [INFO] core.cycle_fsm: Cabin 5: IDLE -> COLLECTING (angle 100.5бу crossed 100.0бу)
2026-03-18 20:01:52,605 [INFO] core.cycle_fsm: Cabin 17: COLLECTING -> PROCESSING (angle 278.3бу reached end 276.0бу (4 points), 0.392s)
2026-03-18 20:01:52,605 [INFO] core.cycle_fsm: Cabin 4: IDLE -> COLLECTING (angle 101.4бу crossed 100.0бу)
2026-03-18 20:01:52,606 [INFO] core.cycle_fsm: Cabin 16: COLLECTING -> PROCESSING (angle 279.2бу reached end 276.0бу (4 points), 0.372s)
2026-03-18 20:01:52,608 [INFO] pipeline.processing_loop: Cabin 16: LEAK (prob=0.0001, conf=0.9999, points=4, 1.2ms)
2026-03-18 20:01:52,611 [INFO] pipeline.processing_loop: Cabin 17: OK (prob=0.9998, conf=0.9998, points=4, 0.9ms)
2026-03-18 20:01:52,662 [INFO] core.cycle_fsm: Cabin 3: IDLE -> COLLECTING (angle 102.8бу crossed 100.0бу)
2026-03-18 20:01:52,662 [INFO] core.cycle_fsm: Cabin 15: COLLECTING -> PROCESSING (angle 277.4бу reached end 276.0бу (4 points), 0.385s)
2026-03-18 20:01:52,664 [INFO] core.cycle_fsm: Cabin 2: IDLE -> COLLECTING (angle 100.7бу crossed 100.0бу)
2026-03-18 20:01:52,664 [INFO] core.cycle_fsm: Cabin 14: COLLECTING -> PROCESSING (angle 278.2бу reached end 276.0бу (4 points), 0.366s)
2026-03-18 20:01:52,667 [INFO] pipeline.processing_loop: Cabin 14: LEAK (prob=0.0080, conf=0.9920, points=4, 1.2ms)
2026-03-18 20:01:52,668 [INFO] pipeline.processing_loop: Cabin 15: NO_BOTTLE (max=2.3 < 50.0, points=4)
2026-03-18 20:01:52,720 [INFO] core.cycle_fsm: Cabin 1: IDLE -> COLLECTING (angle 104.4бу crossed 100.0бу)
2026-03-18 20:01:52,721 [INFO] core.cycle_fsm: Cabin 13: COLLECTING -> PROCESSING (angle 279.2бу reached end 276.0бу (4 points), 0.402s)
2026-03-18 20:01:52,722 [INFO] core.cycle_fsm: Cabin 25: IDLE -> COLLECTING (angle 101.2бу crossed 100.0бу)
2026-03-18 20:01:52,722 [INFO] core.cycle_fsm: Cabin 12: COLLECTING -> PROCESSING (angle 276.1бу reached end 276.0бу (4 points), 0.361s)
2026-03-18 20:01:52,725 [INFO] pipeline.processing_loop: Cabin 12: LEAK (prob=0.0010, conf=0.9990, points=4, 1.3ms)
2026-03-18 20:01:52,728 [INFO] pipeline.processing_loop: Cabin 13: OK (prob=0.9543, conf=0.9543, points=4, 1.2ms)
2026-03-18 20:01:52,780 [INFO] core.cycle_fsm: Cabin 11: COLLECTING -> PROCESSING (angle 279.6бу reached end 276.0бу (4 points), 0.398s)
2026-03-18 20:01:52,782 [INFO] core.cycle_fsm: Cabin 24: IDLE -> COLLECTING (angle 100.6бу crossed 100.0бу)
2026-03-18 20:01:52,783 [INFO] core.cycle_fsm: Cabin 10: COLLECTING -> PROCESSING (angle 281.3бу reached end 276.0бу (4 points), 0.369s)
2026-03-18 20:01:52,784 [INFO] core.cycle_fsm: Cabin 23: IDLE -> COLLECTING (angle 102.6бу crossed 100.0бу)
2026-03-18 20:01:52,785 [INFO] pipeline.processing_loop: Cabin 10: NO_BOTTLE (max=3.2 < 50.0, points=4)
2026-03-18 20:01:52,807 [INFO] pipeline.processing_loop: Cabin 11: OK (prob=0.8937, conf=0.8937, points=4, 21.3ms)
2026-03-18 20:01:52,865 [INFO] core.cycle_fsm: Cabin 22: IDLE -> COLLECTING (angle 104.9бу crossed 100.0бу)
2026-03-18 20:01:52,867 [INFO] core.cycle_fsm: Cabin 9: COLLECTING -> PROCESSING (angle 280.1бу reached end 276.0бу (4 points), 0.421s)
2026-03-18 20:01:52,868 [INFO] core.cycle_fsm: Cabin 8: COLLECTING -> PROCESSING (angle 280.6бу reached end 276.0бу (4 points), 0.401s)
2026-03-18 20:01:52,868 [INFO] core.cycle_fsm: Cabin 21: IDLE -> COLLECTING (angle 104.7бу crossed 100.0бу)
2026-03-18 20:01:52,869 [INFO] core.cycle_fsm: Cabin 7: COLLECTING -> PROCESSING (angle 279.2бу reached end 276.0бу (4 points), 0.371s)
2026-03-18 20:01:52,871 [INFO] core.cycle_fsm: Cabin 20: IDLE -> COLLECTING (angle 102.6бу crossed 100.0бу)
2026-03-18 20:01:52,872 [INFO] pipeline.processing_loop: Cabin 7: OK (prob=1.0000, conf=1.0000, points=4, 1.3ms)
2026-03-18 20:01:52,875 [INFO] pipeline.processing_loop: Cabin 8: LEAK (prob=0.0028, conf=0.9972, points=4, 1.0ms)
2026-03-18 20:01:52,878 [INFO] pipeline.processing_loop: Cabin 9: OK (prob=0.7591, conf=0.7591, points=4, 1.3ms)
2026-03-18 20:01:52,929 [INFO] core.cycle_fsm: Cabin 6: COLLECTING -> PROCESSING (angle 278.9бу reached end 276.0бу (4 points), 0.400s)
2026-03-18 20:01:52,931 [INFO] core.cycle_fsm: Cabin 19: IDLE -> COLLECTING (angle 104.5бу crossed 100.0бу)
2026-03-18 20:01:52,932 [INFO] core.cycle_fsm: Cabin 18: IDLE -> COLLECTING (angle 104.6бу crossed 100.0бу)
2026-03-18 20:01:52,932 [INFO] core.cycle_fsm: Cabin 5: COLLECTING -> PROCESSING (angle 277.5бу reached end 276.0бу (4 points), 0.371s)
2026-03-18 20:01:52,934 [INFO] pipeline.processing_loop: Cabin 5: NO_BOTTLE (max=3.4 < 50.0, points=4)
2026-03-18 20:01:52,936 [INFO] pipeline.processing_loop: Cabin 6: LEAK (prob=0.1384, conf=0.8616, points=4, 1.1ms)
2026-03-18 20:01:52,987 [INFO] core.cycle_fsm: Cabin 4: COLLECTING -> PROCESSING (angle 278.0бу reached end 276.0бу (4 points), 0.395s)
2026-03-18 20:01:52,988 [INFO] core.cycle_fsm: Cabin 17: IDLE -> COLLECTING (angle 103.4бу crossed 100.0бу)
2026-03-18 20:01:52,989 [INFO] core.cycle_fsm: Cabin 16: IDLE -> COLLECTING (angle 101.6бу crossed 100.0бу)
2026-03-18 20:01:52,989 [INFO] core.cycle_fsm: Cabin 3: COLLECTING -> PROCESSING (angle 279.7бу reached end 276.0бу (4 points), 0.376s)
2026-03-18 20:01:52,994 [INFO] pipeline.processing_loop: Cabin 3: OK (prob=1.0000, conf=1.0000, points=4, 1.8ms)
2026-03-18 20:01:52,996 [INFO] pipeline.processing_loop: Cabin 4: LEAK (prob=0.0022, conf=0.9978, points=4, 1.1ms)
2026-03-18 20:01:53,047 [INFO] core.cycle_fsm: Cabin 2: COLLECTING -> PROCESSING (angle 278.5бу reached end 276.0бу (4 points), 0.402s)
2026-03-18 20:01:53,047 [INFO] core.cycle_fsm: Cabin 15: IDLE -> COLLECTING (angle 100.1бу crossed 100.0бу)
2026-03-18 20:01:53,049 [INFO] core.cycle_fsm: Cabin 1: COLLECTING -> PROCESSING (angle 281.0бу reached end 276.0бу (4 points), 0.372s)
2026-03-18 20:01:53,049 [INFO] core.cycle_fsm: Cabin 14: IDLE -> COLLECTING (angle 104.9бу crossed 100.0бу)
2026-03-18 20:01:53,052 [INFO] pipeline.processing_loop: Cabin 1: OK (prob=1.0000, conf=1.0000, points=4, 1.5ms)
2026-03-18 20:01:53,053 [INFO] pipeline.processing_loop: Cabin 2: OK (prob=0.9740, conf=0.9740, points=4, 1.0ms)
2026-03-18 20:01:53,106 [INFO] core.cycle_fsm: Cabin 13: IDLE -> COLLECTING (angle 101.2бу crossed 100.0бу)
2026-03-18 20:01:53,107 [INFO] core.cycle_fsm: Cabin 25: COLLECTING -> PROCESSING (angle 277.4бу reached end 276.0бу (4 points), 0.409s)
2026-03-18 20:01:53,108 [INFO] core.cycle_fsm: Cabin 12: IDLE -> COLLECTING (angle 103.6бу crossed 100.0бу)
2026-03-18 20:01:53,108 [INFO] core.cycle_fsm: Cabin 24: COLLECTING -> PROCESSING (angle 276.7бу reached end 276.0бу (4 points), 0.368s)
2026-03-18 20:01:53,111 [INFO] pipeline.processing_loop: Cabin 24: LEAK (prob=0.0008, conf=0.9992, points=4, 1.4ms)
2026-03-18 20:01:53,113 [INFO] pipeline.processing_loop: Cabin 25: NO_BOTTLE (max=3.0 < 50.0, points=4)
2026-03-18 20:01:53,165 [INFO] core.cycle_fsm: Cabin 11: IDLE -> COLLECTING (angle 101.3бу crossed 100.0бу)
2026-03-18 20:01:53,166 [INFO] core.cycle_fsm: Cabin 23: COLLECTING -> PROCESSING (angle 278.6бу reached end 276.0бу (4 points), 0.395s)
2026-03-18 20:01:53,166 [INFO] core.cycle_fsm: Cabin 10: IDLE -> COLLECTING (angle 103.2бу crossed 100.0бу)
2026-03-18 20:01:53,166 [INFO] core.cycle_fsm: Cabin 22: COLLECTING -> PROCESSING (angle 277.2бу reached end 276.0бу (4 points), 0.374s)
2026-03-18 20:01:53,169 [INFO] pipeline.processing_loop: Cabin 22: LEAK (prob=0.0005, conf=0.9995, points=4, 1.2ms)
2026-03-18 20:01:53,172 [INFO] pipeline.processing_loop: Cabin 23: OK (prob=1.0000, conf=1.0000, points=4, 1.0ms)
2026-03-18 20:01:53,224 [INFO] core.cycle_fsm: Cabin 9: IDLE -> COLLECTING (angle 102.0бу crossed 100.0бу)
2026-03-18 20:01:53,225 [INFO] core.cycle_fsm: Cabin 8: IDLE -> COLLECTING (angle 104.5бу crossed 100.0бу)
2026-03-18 20:01:53,225 [INFO] core.cycle_fsm: Cabin 21: COLLECTING -> PROCESSING (angle 280.0бу reached end 276.0бу (4 points), 0.390s)
2026-03-18 20:01:53,226 [INFO] core.cycle_fsm: Cabin 20: COLLECTING -> PROCESSING (angle 279.0бу reached end 276.0бу (4 points), 0.370s)
2026-03-18 20:01:53,228 [INFO] pipeline.processing_loop: Cabin 20: NO_BOTTLE (max=5.8 < 50.0, points=4)
2026-03-18 20:01:53,231 [INFO] pipeline.processing_loop: Cabin 21: OK (prob=1.0000, conf=1.0000, points=4, 1.1ms)
2026-03-18 20:01:53,282 [INFO] core.cycle_fsm: Cabin 7: IDLE -> COLLECTING (angle 100.7бу crossed 100.0бу)
2026-03-18 20:01:53,283 [INFO] core.cycle_fsm: Cabin 19: COLLECTING -> PROCESSING (angle 276.1бу reached end 276.0бу (4 points), 0.394s)
2026-03-18 20:01:53,284 [INFO] core.cycle_fsm: Cabin 6: IDLE -> COLLECTING (angle 101.3бу crossed 100.0бу)
2026-03-18 20:01:53,284 [INFO] core.cycle_fsm: Cabin 18: COLLECTING -> PROCESSING (angle 281.0бу reached end 276.0бу (4 points), 0.375s)
2026-03-18 20:01:53,287 [INFO] pipeline.processing_loop: Cabin 18: LEAK (prob=0.0017, conf=0.9983, points=4, 1.2ms)
2026-03-18 20:01:53,290 [INFO] pipeline.processing_loop: Cabin 19: OK (prob=1.0000, conf=1.0000, points=4, 1.1ms)
2026-03-18 20:01:53,341 [INFO] core.cycle_fsm: Cabin 5: IDLE -> COLLECTING (angle 104.9бу crossed 100.0бу)
2026-03-18 20:01:53,342 [INFO] core.cycle_fsm: Cabin 17: COLLECTING -> PROCESSING (angle 280.7бу reached end 276.0бу (4 points), 0.390s)
2026-03-18 20:01:53,343 [INFO] core.cycle_fsm: Cabin 4: IDLE -> COLLECTING (angle 100.9бу crossed 100.0бу)
2026-03-18 20:01:53,344 [INFO] core.cycle_fsm: Cabin 16: COLLECTING -> PROCESSING (angle 277.6бу reached end 276.0бу (4 points), 0.382s)
2026-03-18 20:01:53,346 [INFO] pipeline.processing_loop: Cabin 16: LEAK (prob=0.0003, conf=0.9997, points=4, 1.2ms)
2026-03-18 20:01:53,349 [INFO] pipeline.processing_loop: Cabin 17: OK (prob=0.6491, conf=0.6491, points=4, 1.1ms)
2026-03-18 20:01:53,400 [INFO] core.cycle_fsm: Cabin 3: IDLE -> COLLECTING (angle 101.7бу crossed 100.0бу)
2026-03-18 20:01:53,400 [INFO] core.cycle_fsm: Cabin 15: COLLECTING -> PROCESSING (angle 276.8бу reached end 276.0бу (4 points), 0.396s)
2026-03-18 20:01:53,402 [INFO] core.cycle_fsm: Cabin 2: IDLE -> COLLECTING (angle 100.6бу crossed 100.0бу)
2026-03-18 20:01:53,403 [INFO] core.cycle_fsm: Cabin 14: COLLECTING -> PROCESSING (angle 281.2бу reached end 276.0бу (4 points), 0.366s)
2026-03-18 20:01:53,406 [INFO] pipeline.processing_loop: Cabin 14: LEAK (prob=0.0046, conf=0.9954, points=4, 1.5ms)
2026-03-18 20:01:53,406 [INFO] pipeline.processing_loop: Cabin 15: NO_BOTTLE (max=3.5 < 50.0, points=4)
2026-03-18 20:01:53,459 [INFO] core.cycle_fsm: Cabin 1: IDLE -> COLLECTING (angle 103.8бу crossed 100.0бу)
2026-03-18 20:01:53,459 [INFO] core.cycle_fsm: Cabin 13: COLLECTING -> PROCESSING (angle 278.6бу reached end 276.0бу (4 points), 0.412s)
2026-03-18 20:01:53,461 [INFO] core.cycle_fsm: Cabin 25: IDLE -> COLLECTING (angle 103.4бу crossed 100.0бу)
2026-03-18 20:01:53,461 [INFO] core.cycle_fsm: Cabin 12: COLLECTING -> PROCESSING (angle 280.0бу reached end 276.0бу (4 points), 0.361s)
2026-03-18 20:01:53,464 [INFO] pipeline.processing_loop: Cabin 12: LEAK (prob=0.0017, conf=0.9983, points=4, 1.2ms)
2026-03-18 20:01:53,467 [INFO] pipeline.processing_loop: Cabin 13: OK (prob=0.9387, conf=0.9387, points=4, 1.4ms)
2026-03-18 20:01:53,518 [INFO] core.cycle_fsm: Cabin 11: COLLECTING -> PROCESSING (angle 277.3бу reached end 276.0бу (4 points), 0.407s)
2026-03-18 20:01:53,519 [INFO] core.cycle_fsm: Cabin 24: IDLE -> COLLECTING (angle 103.9бу crossed 100.0бу)
2026-03-18 20:01:53,520 [INFO] core.cycle_fsm: Cabin 10: COLLECTING -> PROCESSING (angle 278.1бу reached end 276.0бу (4 points), 0.377s)
2026-03-18 20:01:53,521 [INFO] core.cycle_fsm: Cabin 23: IDLE -> COLLECTING (angle 100.1бу crossed 100.0бу)
2026-03-18 20:01:53,522 [INFO] pipeline.processing_loop: Cabin 10: NO_BOTTLE (max=4.0 < 50.0, points=4)
2026-03-18 20:01:53,524 [INFO] pipeline.processing_loop: Cabin 11: OK (prob=0.9082, conf=0.9082, points=4, 1.3ms)
2026-03-18 20:01:53,576 [INFO] core.cycle_fsm: Cabin 22: IDLE -> COLLECTING (angle 104.3бу crossed 100.0бу)
2026-03-18 20:01:53,577 [INFO] core.cycle_fsm: Cabin 9: COLLECTING -> PROCESSING (angle 279.1бу reached end 276.0бу (4 points), 0.403s)
2026-03-18 20:01:53,577 [INFO] core.cycle_fsm: Cabin 8: COLLECTING -> PROCESSING (angle 276.8бу reached end 276.0бу (4 points), 0.382s)
2026-03-18 20:01:53,578 [INFO] core.cycle_fsm: Cabin 21: IDLE -> COLLECTING (angle 103.9бу crossed 100.0бу)
2026-03-18 20:01:53,581 [INFO] pipeline.processing_loop: Cabin 8: LEAK (prob=0.0021, conf=0.9979, points=4, 1.4ms)
2026-03-18 20:01:53,583 [INFO] pipeline.processing_loop: Cabin 9: OK (prob=0.8820, conf=0.8820, points=4, 1.4ms)
2026-03-18 20:01:53,635 [INFO] core.cycle_fsm: Cabin 7: COLLECTING -> PROCESSING (angle 280.2бу reached end 276.0бу (4 points), 0.409s)
2026-03-18 20:01:53,636 [INFO] core.cycle_fsm: Cabin 20: IDLE -> COLLECTING (angle 100.8бу crossed 100.0бу)
2026-03-18 20:01:53,637 [INFO] core.cycle_fsm: Cabin 19: IDLE -> COLLECTING (angle 100.1бу crossed 100.0бу)
2026-03-18 20:01:53,638 [INFO] core.cycle_fsm: Cabin 6: COLLECTING -> PROCESSING (angle 278.2бу reached end 276.0бу (4 points), 0.380s)
2026-03-18 20:01:53,640 [INFO] pipeline.processing_loop: Cabin 6: LEAK (prob=0.0106, conf=0.9894, points=4, 1.2ms)
2026-03-18 20:01:53,642 [INFO] pipeline.processing_loop: Cabin 7: LEAK (prob=0.1176, conf=0.8824, points=4, 1.0ms)
2026-03-18 20:01:53,694 [INFO] core.cycle_fsm: Cabin 18: IDLE -> COLLECTING (angle 103.8бу crossed 100.0бу)
2026-03-18 20:01:53,694 [INFO] core.cycle_fsm: Cabin 5: COLLECTING -> PROCESSING (angle 276.9бу reached end 276.0бу (4 points), 0.394s)
2026-03-18 20:01:53,696 [INFO] core.cycle_fsm: Cabin 4: COLLECTING -> PROCESSING (angle 278.3бу reached end 276.0бу (4 points), 0.374s)
2026-03-18 20:01:53,696 [INFO] core.cycle_fsm: Cabin 17: IDLE -> COLLECTING (angle 102.9бу crossed 100.0бу)
2026-03-18 20:01:53,699 [INFO] pipeline.processing_loop: Cabin 4: LEAK (prob=0.0014, conf=0.9986, points=4, 1.3ms)
2026-03-18 20:01:53,701 [INFO] pipeline.processing_loop: Cabin 5: NO_BOTTLE (max=4.9 < 50.0, points=4)
2026-03-18 20:01:53,753 [INFO] core.cycle_fsm: Cabin 3: COLLECTING -> PROCESSING (angle 277.6бу reached end 276.0бу (4 points), 0.410s)
2026-03-18 20:01:53,754 [INFO] core.cycle_fsm: Cabin 16: IDLE -> COLLECTING (angle 104.8бу crossed 100.0бу)
2026-03-18 20:01:53,754 [INFO] core.cycle_fsm: Cabin 2: COLLECTING -> PROCESSING (angle 277.0бу reached end 276.0бу (4 points), 0.380s)
2026-03-18 20:01:53,756 [INFO] core.cycle_fsm: Cabin 15: IDLE -> COLLECTING (angle 104.1бу crossed 100.0бу)
2026-03-18 20:01:53,759 [INFO] pipeline.processing_loop: Cabin 2: LEAK (prob=0.0014, conf=0.9986, points=4, 1.5ms)
2026-03-18 20:01:53,761 [INFO] pipeline.processing_loop: Cabin 3: OK (prob=0.9253, conf=0.9253, points=4, 1.1ms)
2026-03-18 20:01:53,813 [INFO] core.cycle_fsm: Cabin 1: COLLECTING -> PROCESSING (angle 280.8бу reached end 276.0бу (4 points), 0.407s)
2026-03-18 20:01:53,813 [INFO] core.cycle_fsm: Cabin 14: IDLE -> COLLECTING (angle 103.5бу crossed 100.0бу)
2026-03-18 20:01:53,814 [INFO] core.cycle_fsm: Cabin 13: IDLE -> COLLECTING (angle 100.0бу crossed 100.0бу)
2026-03-18 20:01:53,814 [INFO] core.cycle_fsm: Cabin 25: COLLECTING -> PROCESSING (angle 278.1бу reached end 276.0бу (4 points), 0.377s)
2026-03-18 20:01:53,817 [INFO] pipeline.processing_loop: Cabin 1: OK (prob=0.9903, conf=0.9903, points=4, 1.5ms)
2026-03-18 20:01:53,819 [INFO] pipeline.processing_loop: Cabin 25: NO_BOTTLE (max=4.4 < 50.0, points=4)
2026-03-18 20:01:53,872 [INFO] core.cycle_fsm: Cabin 12: IDLE -> COLLECTING (angle 102.5бу crossed 100.0бу)
2026-03-18 20:01:53,873 [INFO] core.cycle_fsm: Cabin 11: IDLE -> COLLECTING (angle 100.7бу crossed 100.0бу)
2026-03-18 20:01:53,873 [INFO] core.cycle_fsm: Cabin 24: COLLECTING -> PROCESSING (angle 279.8бу reached end 276.0бу (4 points), 0.393s)
2026-03-18 20:01:53,874 [INFO] core.cycle_fsm: Cabin 23: COLLECTING -> PROCESSING (angle 276.7бу reached end 276.0бу (4 points), 0.374s)
2026-03-18 20:01:53,876 [INFO] pipeline.processing_loop: Cabin 23: OK (prob=1.0000, conf=1.0000, points=4, 1.2ms)
2026-03-18 20:01:53,879 [INFO] pipeline.processing_loop: Cabin 24: LEAK (prob=0.0026, conf=0.9974, points=4, 1.5ms)
2026-03-18 20:01:53,931 [INFO] core.cycle_fsm: Cabin 10: IDLE -> COLLECTING (angle 104.8бу crossed 100.0бу)
2026-03-18 20:01:53,931 [INFO] core.cycle_fsm: Cabin 22: COLLECTING -> PROCESSING (angle 280.7бу reached end 276.0бу (4 points), 0.410s)
2026-03-18 20:01:53,933 [INFO] core.cycle_fsm: Cabin 9: IDLE -> COLLECTING (angle 100.8бу crossed 100.0бу)
2026-03-18 20:01:53,933 [INFO] core.cycle_fsm: Cabin 8: IDLE -> COLLECTING (angle 102.4бу crossed 100.0бу)
2026-03-18 20:01:53,934 [INFO] core.cycle_fsm: Cabin 21: COLLECTING -> PROCESSING (angle 280.7бу reached end 276.0бу (4 points), 0.370s)
2026-03-18 20:01:53,936 [INFO] pipeline.processing_loop: Cabin 21: OK (prob=0.9999, conf=0.9999, points=4, 1.2ms)
2026-03-18 20:01:53,939 [INFO] pipeline.processing_loop: Cabin 22: LEAK (prob=0.0064, conf=0.9936, points=4, 1.0ms)
2026-03-18 20:01:53,991 [INFO] core.cycle_fsm: Cabin 20: COLLECTING -> PROCESSING (angle 276.9бу reached end 276.0бу (4 points), 0.406s)
2026-03-18 20:01:53,991 [INFO] core.cycle_fsm: Cabin 7: IDLE -> COLLECTING (angle 103.4бу crossed 100.0бу)
2026-03-18 20:01:53,991 [INFO] core.cycle_fsm: Cabin 19: COLLECTING -> PROCESSING (angle 277.5бу reached end 276.0бу (4 points), 0.385s)
2026-03-18 20:01:53,993 [INFO] core.cycle_fsm: Cabin 6: IDLE -> COLLECTING (angle 101.4бу crossed 100.0бу)
2026-03-18 20:01:53,996 [INFO] pipeline.processing_loop: Cabin 19: OK (prob=0.9997, conf=0.9997, points=4, 1.5ms)
2026-03-18 20:01:53,997 [INFO] pipeline.processing_loop: Cabin 20: NO_BOTTLE (max=3.9 < 50.0, points=4)
2026-03-18 20:01:54,049 [INFO] core.cycle_fsm: Cabin 18: COLLECTING -> PROCESSING (angle 280.4бу reached end 276.0бу (4 points), 0.411s)
2026-03-18 20:01:54,049 [INFO] core.cycle_fsm: Cabin 5: IDLE -> COLLECTING (angle 105.0бу crossed 100.0бу)
2026-03-18 20:01:54,051 [INFO] core.cycle_fsm: Cabin 17: COLLECTING -> PROCESSING (angle 278.7бу reached end 276.0бу (4 points), 0.370s)
2026-03-18 20:01:54,052 [INFO] pipeline.processing_loop: Cabin 17: OK (prob=0.9237, conf=0.9237, points=4, 1.2ms)
2026-03-18 20:01:54,055 [INFO] pipeline.processing_loop: Cabin 18: LEAK (prob=0.0004, conf=0.9996, points=4, 0.9ms)
2026-03-18 20:01:54,107 [INFO] core.cycle_fsm: Cabin 4: IDLE -> COLLECTING (angle 100.1бу crossed 100.0бу)
2026-03-18 20:01:54,107 [INFO] core.cycle_fsm: Cabin 16: COLLECTING -> PROCESSING (angle 276.6бу reached end 276.0бу (4 points), 0.405s)
2026-03-18 20:01:54,109 [INFO] core.cycle_fsm: Cabin 3: IDLE -> COLLECTING (angle 104.6бу crossed 100.0бу)
2026-03-18 20:01:54,109 [INFO] core.cycle_fsm: Cabin 15: COLLECTING -> PROCESSING (angle 277.0бу reached end 276.0бу (4 points), 0.365s)
2026-03-18 20:01:54,110 [INFO] pipeline.processing_loop: Cabin 15: NO_BOTTLE (max=3.2 < 50.0, points=4)
2026-03-18 20:01:54,114 [INFO] pipeline.processing_loop: Cabin 16: LEAK (prob=0.0016, conf=0.9984, points=4, 1.5ms)
2026-03-18 20:01:54,166 [INFO] core.cycle_fsm: Cabin 2: IDLE -> COLLECTING (angle 102.1бу crossed 100.0бу)
2026-03-18 20:01:54,167 [INFO] core.cycle_fsm: Cabin 14: COLLECTING -> PROCESSING (angle 281.3бу reached end 276.0бу (4 points), 0.402s)
2026-03-18 20:01:54,167 [INFO] core.cycle_fsm: Cabin 1: IDLE -> COLLECTING (angle 102.8бу crossed 100.0бу)
2026-03-18 20:01:54,168 [INFO] core.cycle_fsm: Cabin 13: COLLECTING -> PROCESSING (angle 276.8бу reached end 276.0бу (4 points), 0.393s)
2026-03-18 20:01:54,170 [INFO] pipeline.processing_loop: Cabin 13: OK (prob=0.7508, conf=0.7508, points=4, 1.2ms)
2026-03-18 20:01:54,173 [INFO] pipeline.processing_loop: Cabin 14: LEAK (prob=0.0005, conf=0.9995, points=4, 1.1ms)
2026-03-18 20:01:54,225 [INFO] core.cycle_fsm: Cabin 25: IDLE -> COLLECTING (angle 104.9бу crossed 100.0бу)
2026-03-18 20:01:54,225 [INFO] core.cycle_fsm: Cabin 12: COLLECTING -> PROCESSING (angle 279.1бу reached end 276.0бу (4 points), 0.396s)
2026-03-18 20:01:54,226 [INFO] core.cycle_fsm: Cabin 11: COLLECTING -> PROCESSING (angle 277.3бу reached end 276.0бу (4 points), 0.387s)
2026-03-18 20:01:54,228 [INFO] core.cycle_fsm: Cabin 24: IDLE -> COLLECTING (angle 103.8бу crossed 100.0бу)
2026-03-18 20:01:54,258 [INFO] pipeline.processing_loop: Cabin 11: OK (prob=0.9416, conf=0.9416, points=4, 1.6ms)
2026-03-18 20:01:54,262 [INFO] pipeline.processing_loop: Cabin 12: LEAK (prob=0.0015, conf=0.9985, points=4, 1.2ms)
2026-03-18 20:01:54,313 [INFO] core.cycle_fsm: Cabin 10: COLLECTING -> PROCESSING (angle 276.9бу reached end 276.0бу (4 points), 0.432s)
2026-03-18 20:01:54,315 [INFO] core.cycle_fsm: Cabin 23: IDLE -> COLLECTING (angle 103.6бу crossed 100.0бу)
2026-03-18 20:01:54,315 [INFO] core.cycle_fsm: Cabin 22: IDLE -> COLLECTING (angle 102.1бу crossed 100.0бу)
2026-03-18 20:01:54,316 [INFO] core.cycle_fsm: Cabin 9: COLLECTING -> PROCESSING (angle 276.7бу reached end 276.0бу (4 points), 0.413s)
2026-03-18 20:01:54,316 [INFO] core.cycle_fsm: Cabin 8: COLLECTING -> PROCESSING (angle 279.7бу reached end 276.0бу (4 points), 0.392s)
2026-03-18 20:01:54,318 [INFO] core.cycle_fsm: Cabin 21: IDLE -> COLLECTING (angle 102.3бу crossed 100.0бу)
2026-03-18 20:01:54,319 [INFO] pipeline.processing_loop: Cabin 8: LEAK (prob=0.0183, conf=0.9817, points=4, 1.2ms)
2026-03-18 20:01:54,322 [INFO] pipeline.processing_loop: Cabin 9: OK (prob=1.0000, conf=1.0000, points=4, 1.3ms)
2026-03-18 20:01:54,322 [INFO] pipeline.processing_loop: Cabin 10: NO_BOTTLE (max=2.8 < 50.0, points=4)
2026-03-18 20:01:54,375 [INFO] core.cycle_fsm: Cabin 7: COLLECTING -> PROCESSING (angle 280.5бу reached end 276.0бу (4 points), 0.420s)
2026-03-18 20:01:54,376 [INFO] core.cycle_fsm: Cabin 20: IDLE -> COLLECTING (angle 101.1бу crossed 100.0бу)
2026-03-18 20:01:54,377 [INFO] core.cycle_fsm: Cabin 19: IDLE -> COLLECTING (angle 102.0бу crossed 100.0бу)
2026-03-18 20:01:54,377 [INFO] core.cycle_fsm: Cabin 6: COLLECTING -> PROCESSING (angle 279.3бу reached end 276.0бу (4 points), 0.391s)
2026-03-18 20:01:54,379 [INFO] core.cycle_fsm: Cabin 18: IDLE -> COLLECTING (angle 103.8бу crossed 100.0бу)
2026-03-18 20:01:54,382 [INFO] pipeline.processing_loop: Cabin 6: LEAK (prob=0.0023, conf=0.9977, points=4, 1.2ms)
2026-03-18 20:01:54,384 [INFO] pipeline.processing_loop: Cabin 7: OK (prob=0.9975, conf=0.9975, points=4, 1.0ms)
2026-03-18 20:01:54,435 [INFO] core.cycle_fsm: Cabin 5: COLLECTING -> PROCESSING (angle 277.3бу reached end 276.0бу (4 points), 0.406s)
2026-03-18 20:01:54,436 [INFO] core.cycle_fsm: Cabin 17: IDLE -> COLLECTING (angle 100.5бу crossed 100.0бу)
2026-03-18 20:01:54,436 [INFO] core.cycle_fsm: Cabin 4: COLLECTING -> PROCESSING (angle 280.8бу reached end 276.0бу (4 points), 0.386s)
2026-03-18 20:01:54,438 [INFO] core.cycle_fsm: Cabin 16: IDLE -> COLLECTING (angle 100.1бу crossed 100.0бу)
2026-03-18 20:01:54,441 [INFO] pipeline.processing_loop: Cabin 4: LEAK (prob=0.0015, conf=0.9985, points=4, 1.5ms)
2026-03-18 20:01:54,441 [INFO] pipeline.processing_loop: Cabin 5: NO_BOTTLE (max=2.3 < 50.0, points=4)
2026-03-18 20:01:54,494 [INFO] core.cycle_fsm: Cabin 3: COLLECTING -> PROCESSING (angle 280.3бу reached end 276.0бу (4 points), 0.411s)
2026-03-18 20:01:54,494 [INFO] core.cycle_fsm: Cabin 2: COLLECTING -> PROCESSING (angle 280.1бу reached end 276.0бу (4 points), 0.380s)
2026-03-18 20:01:54,496 [INFO] core.cycle_fsm: Cabin 15: IDLE -> COLLECTING (angle 104.4бу crossed 100.0бу)
2026-03-18 20:01:54,496 [INFO] core.cycle_fsm: Cabin 1: COLLECTING -> PROCESSING (angle 276.2бу reached end 276.0бу (4 points), 0.361s)
2026-03-18 20:01:54,497 [INFO] core.cycle_fsm: Cabin 14: IDLE -> COLLECTING (angle 103.9бу crossed 100.0бу)
2026-03-18 20:01:54,499 [INFO] pipeline.processing_loop: Cabin 1: OK (prob=0.9999, conf=0.9999, points=4, 1.2ms)
2026-03-18 20:01:54,502 [INFO] pipeline.processing_loop: Cabin 2: LEAK (prob=0.0057, conf=0.9943, points=4, 1.0ms)
2026-03-18 20:01:54,503 [INFO] pipeline.processing_loop: Cabin 3: OK (prob=1.0000, conf=1.0000, points=4, 1.2ms)
2026-03-18 20:01:54,556 [INFO] core.cycle_fsm: Cabin 13: IDLE -> COLLECTING (angle 103.6бу crossed 100.0бу)
2026-03-18 20:01:54,557 [INFO] core.cycle_fsm: Cabin 25: COLLECTING -> PROCESSING (angle 281.3бу reached end 276.0бу (4 points), 0.380s)
2026-03-18 20:01:54,558 [INFO] pipeline.processing_loop: Cabin 25: NO_BOTTLE (max=2.5 < 50.0, points=4)
2026-03-18 20:01:54,610 [INFO] core.cycle_fsm: Cabin 12: IDLE -> COLLECTING (angle 104.3бу crossed 100.0бу)
2026-03-18 20:01:54,611 [INFO] core.cycle_fsm: Cabin 24: COLLECTING -> PROCESSING (angle 280.3бу reached end 276.0бу (4 points), 0.402s)
2026-03-18 20:01:54,611 [INFO] core.cycle_fsm: Cabin 11: IDLE -> COLLECTING (angle 103.1бу crossed 100.0бу)
2026-03-18 20:01:54,612 [INFO] core.cycle_fsm: Cabin 23: COLLECTING -> PROCESSING (angle 276.2бу reached end 276.0бу (4 points), 0.372s)
2026-03-18 20:01:54,613 [INFO] core.cycle_fsm: Cabin 10: IDLE -> COLLECTING (angle 103.3бу crossed 100.0бу)
2026-03-18 20:01:54,613 [INFO] core.cycle_fsm: Cabin 22: COLLECTING -> PROCESSING (angle 277.9бу reached end 276.0бу (4 points), 0.361s)
2026-03-18 20:01:54,615 [INFO] pipeline.processing_loop: Cabin 22: LEAK (prob=0.0004, conf=0.9996, points=4, 1.2ms)
2026-03-18 20:01:54,617 [INFO] pipeline.processing_loop: Cabin 23: OK (prob=0.7930, conf=0.7930, points=4, 1.3ms)
2026-03-18 20:01:54,620 [INFO] pipeline.processing_loop: Cabin 24: LEAK (prob=0.0031, conf=0.9969, points=4, 1.1ms)
2026-03-18 20:01:54,672 [INFO] core.cycle_fsm: Cabin 9: IDLE -> COLLECTING (angle 100.6бу crossed 100.0бу)
2026-03-18 20:01:54,672 [INFO] core.cycle_fsm: Cabin 8: IDLE -> COLLECTING (angle 101.0бу crossed 100.0бу)
2026-03-18 20:01:54,674 [INFO] core.cycle_fsm: Cabin 21: COLLECTING -> PROCESSING (angle 278.8бу reached end 276.0бу (4 points), 0.380s)
2026-03-18 20:01:54,676 [INFO] pipeline.processing_loop: Cabin 21: OK (prob=0.8052, conf=0.8052, points=4, 1.4ms)
2026-03-18 20:01:54,725 [INFO] pipeline.processing_loop: ProcessingLoop paused
2026-03-18 20:02:30,645 [INFO] pipeline.processing_loop: ProcessingLoop paused
2026-03-18 20:02:40,436 [INFO] storage.data_exporter: Exported 206 records to D:\projects\ldporj_bsys_test\export_2026-03-18_200240.csv
2026-03-18 20:02:40,438 [INFO] pipeline.processing_loop: ProcessingLoop resumed
2026-03-18 20:02:40,443 [INFO] core.cycle_fsm: Cabin 20: COLLECTING -> PROCESSING (angle 278.6бу reached end 276.0бу (4 points), 46.129s)
2026-03-18 20:02:40,445 [INFO] core.cycle_fsm: Cabin 7: IDLE -> COLLECTING (angle 102.4бу crossed 100.0бу)
2026-03-18 20:02:40,445 [INFO] core.cycle_fsm: Cabin 19: COLLECTING -> PROCESSING (angle 278.8бу reached end 276.0бу (4 points), 46.109s)
2026-03-18 20:02:40,446 [INFO] core.cycle_fsm: Cabin 6: IDLE -> COLLECTING (angle 102.6бу crossed 100.0бу)
2026-03-18 20:02:40,446 [INFO] core.cycle_fsm: Cabin 18: COLLECTING -> PROCESSING (angle 280.8бу reached end 276.0бу (4 points), 46.079s)
2026-03-18 20:02:40,448 [INFO] core.cycle_fsm: Cabin 5: IDLE -> COLLECTING (angle 104.4бу crossed 100.0бу)
2026-03-18 20:02:40,448 [INFO] core.cycle_fsm: Cabin 17: COLLECTING -> PROCESSING (angle 277.4бу reached end 276.0бу (4 points), 46.039s)
2026-03-18 20:02:40,450 [INFO] core.cycle_fsm: Cabin 16: COLLECTING -> PROCESSING (angle 277.9бу reached end 276.0бу (4 points), 46.030s)
2026-03-18 20:02:40,451 [INFO] core.cycle_fsm: Cabin 4: IDLE -> COLLECTING (angle 105.0бу crossed 100.0бу)
2026-03-18 20:02:40,451 [INFO] core.cycle_fsm: Cabin 3: IDLE -> COLLECTING (angle 100.7бу crossed 100.0бу)
2026-03-18 20:02:40,453 [INFO] core.cycle_fsm: Cabin 15: COLLECTING -> PROCESSING (angle 280.8бу reached end 276.0бу (4 points), 45.981s)
2026-03-18 20:02:40,454 [INFO] core.cycle_fsm: Cabin 2: IDLE -> COLLECTING (angle 102.1бу crossed 100.0бу)
2026-03-18 20:02:40,454 [INFO] core.cycle_fsm: Cabin 14: COLLECTING -> PROCESSING (angle 280.1бу reached end 276.0бу (4 points), 45.962s)
2026-03-18 20:02:40,456 [INFO] core.cycle_fsm: Cabin 1: IDLE -> COLLECTING (angle 105.1бу crossed 100.0бу)
2026-03-18 20:02:40,456 [INFO] core.cycle_fsm: Cabin 13: COLLECTING -> PROCESSING (angle 279.2бу reached end 276.0бу (4 points), 45.942s)
2026-03-18 20:02:40,457 [INFO] core.cycle_fsm: Cabin 25: IDLE -> COLLECTING (angle 102.9бу crossed 100.0бу)
2026-03-18 20:02:40,457 [INFO] core.cycle_fsm: Cabin 12: COLLECTING -> PROCESSING (angle 277.1бу reached end 276.0бу (4 points), 45.890s)
2026-03-18 20:02:40,457 [INFO] core.cycle_fsm: Cabin 11: COLLECTING -> PROCESSING (angle 279.3бу reached end 276.0бу (4 points), 45.880s)
2026-03-18 20:02:40,459 [INFO] core.cycle_fsm: Cabin 24: IDLE -> COLLECTING (angle 101.8бу crossed 100.0бу)
2026-03-18 20:02:40,459 [INFO] core.cycle_fsm: Cabin 10: COLLECTING -> PROCESSING (angle 280.2бу reached end 276.0бу (4 points), 45.849s)
2026-03-18 20:02:40,461 [INFO] core.cycle_fsm: Cabin 23: IDLE -> COLLECTING (angle 102.9бу crossed 100.0бу)
2026-03-18 20:02:40,462 [INFO] core.cycle_fsm: Cabin 22: IDLE -> COLLECTING (angle 100.9бу crossed 100.0бу)
2026-03-18 20:02:40,462 [INFO] core.cycle_fsm: Cabin 9: COLLECTING -> PROCESSING (angle 281.1бу reached end 276.0бу (4 points), 45.831s)
2026-03-18 20:02:40,462 [INFO] core.cycle_fsm: Cabin 8: COLLECTING -> PROCESSING (angle 277.2бу reached end 276.0бу (4 points), 45.811s)
2026-03-18 20:02:40,464 [INFO] core.cycle_fsm: Cabin 21: IDLE -> COLLECTING (angle 101.5бу crossed 100.0бу)
2026-03-18 20:02:40,464 [INFO] core.cycle_fsm: Cabin 7: COLLECTING -> PROCESSING (angle 278.5бу reached end 276.0бу (4 points), 45.781s)
2026-03-18 20:02:40,465 [INFO] core.cycle_fsm: Cabin 6: COLLECTING -> PROCESSING (angle 279.2бу reached end 276.0бу (4 points), 45.749s)
2026-03-18 20:02:40,465 [INFO] core.cycle_fsm: Cabin 5: COLLECTING -> PROCESSING (angle 280.8бу reached end 276.0бу (4 points), 45.709s)
2026-03-18 20:02:40,465 [INFO] core.cycle_fsm: Cabin 4: COLLECTING -> PROCESSING (angle 276.4бу reached end 276.0бу (4 points), 45.676s)
2026-03-18 20:02:40,467 [INFO] core.cycle_fsm: Cabin 3: COLLECTING -> PROCESSING (angle 278.3бу reached end 276.0бу (4 points), 45.656s)
2026-03-18 20:02:40,468 [INFO] core.cycle_fsm: Cabin 2: COLLECTING -> PROCESSING (angle 278.9бу reached end 276.0бу (4 points), 45.626s)
2026-03-18 20:02:40,468 [INFO] core.cycle_fsm: Cabin 1: COLLECTING -> PROCESSING (angle 277.3бу reached end 276.0бу (4 points), 45.605s)
2026-03-18 20:02:40,470 [INFO] core.cycle_fsm: Cabin 25: COLLECTING -> PROCESSING (angle 280.7бу reached end 276.0бу (4 points), 45.564s)
2026-03-18 20:02:40,471 [INFO] core.cycle_fsm: Cabin 24: COLLECTING -> PROCESSING (angle 279.3бу reached end 276.0бу (4 points), 45.532s)
2026-03-18 20:02:40,471 [INFO] core.cycle_fsm: Cabin 23: COLLECTING -> PROCESSING (angle 278.6бу reached end 276.0бу (4 points), 45.500s)
2026-03-18 20:02:40,472 [INFO] core.cycle_fsm: Cabin 22: COLLECTING -> PROCESSING (angle 278.7бу reached end 276.0бу (4 points), 45.491s)
2026-03-18 20:02:40,473 [INFO] core.cycle_fsm: Cabin 21: COLLECTING -> PROCESSING (angle 276.8бу reached end 276.0бу (4 points), 45.449s)
2026-03-18 20:02:40,526 [INFO] pipeline.processing_loop: Cabin 1: OK (prob=0.9630, conf=0.9630, points=4, 2.2ms)
2026-03-18 20:02:40,530 [INFO] pipeline.processing_loop: Cabin 2: LEAK (prob=0.0465, conf=0.9535, points=4, 1.0ms)
2026-03-18 20:02:40,531 [INFO] pipeline.processing_loop: Cabin 3: OK (prob=1.0000, conf=1.0000, points=4, 1.0ms)
2026-03-18 20:02:40,535 [INFO] pipeline.processing_loop: Cabin 4: LEAK (prob=0.0021, conf=0.9979, points=4, 1.2ms)
2026-03-18 20:02:40,536 [INFO] pipeline.processing_loop: Cabin 5: NO_BOTTLE (max=2.9 < 50.0, points=4)
2026-03-18 20:02:40,539 [INFO] pipeline.processing_loop: Cabin 6: LEAK (prob=0.0093, conf=0.9907, points=4, 1.0ms)
2026-03-18 20:02:40,542 [INFO] pipeline.processing_loop: Cabin 7: OK (prob=0.9821, conf=0.9821, points=4, 2.5ms)
2026-03-18 20:02:40,545 [INFO] pipeline.processing_loop: Cabin 8: LEAK (prob=0.0035, conf=0.9965, points=4, 1.0ms)
2026-03-18 20:02:40,546 [INFO] pipeline.processing_loop: Cabin 9: OK (prob=0.9757, conf=0.9757, points=4, 1.1ms)
2026-03-18 20:02:40,550 [INFO] pipeline.processing_loop: Cabin 10: NO_BOTTLE (max=3.0 < 50.0, points=4)
2026-03-18 20:02:40,553 [INFO] pipeline.processing_loop: Cabin 11: OK (prob=1.0000, conf=1.0000, points=4, 1.2ms)
2026-03-18 20:02:40,555 [INFO] pipeline.processing_loop: Cabin 12: LEAK (prob=0.0468, conf=0.9532, points=4, 1.0ms)
2026-03-18 20:02:40,559 [INFO] pipeline.processing_loop: Cabin 13: OK (prob=0.9485, conf=0.9485, points=4, 1.0ms)
2026-03-18 20:02:40,560 [INFO] pipeline.processing_loop: Cabin 14: LEAK (prob=0.0015, conf=0.9985, points=4, 1.0ms)
2026-03-18 20:02:40,562 [INFO] pipeline.processing_loop: Cabin 15: NO_BOTTLE (max=3.9 < 50.0, points=4)
2026-03-18 20:02:40,567 [INFO] pipeline.processing_loop: Cabin 16: LEAK (prob=0.0020, conf=0.9980, points=4, 1.9ms)
2026-03-18 20:02:40,572 [INFO] pipeline.processing_loop: Cabin 17: OK (prob=0.8792, conf=0.8792, points=4, 2.5ms)
2026-03-18 20:02:40,573 [INFO] pipeline.processing_loop: Cabin 18: LEAK (prob=0.0045, conf=0.9955, points=4, 1.1ms)
2026-03-18 20:02:40,576 [INFO] pipeline.processing_loop: Cabin 19: OK (prob=0.9998, conf=0.9998, points=4, 0.9ms)
2026-03-18 20:02:40,578 [INFO] pipeline.processing_loop: Cabin 20: NO_BOTTLE (max=4.0 < 50.0, points=4)
2026-03-18 20:02:40,581 [INFO] pipeline.processing_loop: Cabin 21: OK (prob=1.0000, conf=1.0000, points=4, 0.9ms)
2026-03-18 20:02:40,584 [INFO] pipeline.processing_loop: Cabin 22: LEAK (prob=0.0019, conf=0.9981, points=4, 1.6ms)
2026-03-18 20:02:40,586 [INFO] pipeline.processing_loop: Cabin 23: OK (prob=0.9998, conf=0.9998, points=4, 1.2ms)
2026-03-18 20:02:40,590 [INFO] pipeline.processing_loop: Cabin 24: LEAK (prob=0.0008, conf=0.9992, points=4, 1.2ms)
2026-03-18 20:02:40,592 [INFO] pipeline.processing_loop: Cabin 25: NO_BOTTLE (max=4.4 < 50.0, points=4)
2026-03-18 20:02:40,645 [INFO] core.cycle_fsm: Cabin 2: IDLE -> COLLECTING (angle 103.4бу crossed 100.0бу)
2026-03-18 20:02:40,646 [INFO] core.cycle_fsm: Cabin 25: IDLE -> COLLECTING (angle 100.4бу crossed 100.0бу)
2026-03-18 20:02:40,648 [INFO] core.cycle_fsm: Cabin 1: IDLE -> COLLECTING (angle 101.1бу crossed 100.0бу)
2026-03-18 20:02:40,649 [INFO] core.cycle_fsm: Cabin 24: IDLE -> COLLECTING (angle 105.0бу crossed 100.0бу)
2026-03-18 20:02:40,650 [INFO] core.cycle_fsm: Cabin 22: IDLE -> COLLECTING (angle 103.8бу crossed 100.0бу)
2026-03-18 20:02:40,702 [INFO] core.cycle_fsm: Cabin 23: IDLE -> COLLECTING (angle 101.4бу crossed 100.0бу)
2026-03-18 20:02:40,702 [INFO] core.cycle_fsm: Cabin 20: IDLE -> COLLECTING (angle 100.7бу crossed 100.0бу)
2026-03-18 20:02:40,704 [INFO] core.cycle_fsm: Cabin 21: IDLE -> COLLECTING (angle 103.1бу crossed 100.0бу)
2026-03-18 20:02:40,756 [INFO] core.cycle_fsm: Cabin 19: IDLE -> COLLECTING (angle 102.5бу crossed 100.0бу)
2026-03-18 20:02:40,809 [INFO] core.cycle_fsm: Cabin 18: IDLE -> COLLECTING (angle 102.3бу crossed 100.0бу)
2026-03-18 20:02:40,810 [INFO] core.cycle_fsm: Cabin 16: IDLE -> COLLECTING (angle 101.0бу crossed 100.0бу)
2026-03-18 20:02:40,862 [INFO] core.cycle_fsm: Cabin 17: IDLE -> COLLECTING (angle 101.6бу crossed 100.0бу)
2026-03-18 20:02:40,863 [INFO] core.cycle_fsm: Cabin 2: COLLECTING -> PROCESSING (angle 276.6бу reached end 276.0бу (4 points), 0.391s)
2026-03-18 20:02:40,864 [INFO] core.cycle_fsm: Cabin 15: IDLE -> COLLECTING (angle 105.0бу crossed 100.0бу)
2026-03-18 20:02:40,866 [INFO] pipeline.processing_loop: Cabin 2: LEAK (prob=0.0008, conf=0.9992, points=4, 1.2ms)
2026-03-18 20:02:40,919 [INFO] core.cycle_fsm: Cabin 14: IDLE -> COLLECTING (angle 102.8бу crossed 100.0бу)
2026-03-18 20:02:40,920 [INFO] core.cycle_fsm: Cabin 13: IDLE -> COLLECTING (angle 101.7бу crossed 100.0бу)
2026-03-18 20:02:40,920 [INFO] core.cycle_fsm: Cabin 25: COLLECTING -> PROCESSING (angle 278.4бу reached end 276.0бу (4 points), 0.384s)
2026-03-18 20:02:40,922 [INFO] core.cycle_fsm: Cabin 1: COLLECTING -> PROCESSING (angle 278.6бу reached end 276.0бу (4 points), 0.375s)
2026-03-18 20:02:40,925 [INFO] pipeline.processing_loop: Cabin 1: OK (prob=0.9974, conf=0.9974, points=4, 1.2ms)
2026-03-18 20:02:40,925 [INFO] pipeline.processing_loop: Cabin 25: NO_BOTTLE (max=4.6 < 50.0, points=4)
2026-03-18 20:02:40,979 [INFO] core.cycle_fsm: Cabin 24: COLLECTING -> PROCESSING (angle 280.4бу reached end 276.0бу (4 points), 0.411s)
2026-03-18 20:02:40,982 [INFO] pipeline.processing_loop: Cabin 24: LEAK (prob=0.0008, conf=0.9992, points=4, 1.3ms)
2026-03-18 20:02:41,034 [INFO] core.cycle_fsm: Cabin 10: IDLE -> COLLECTING (angle 104.8бу crossed 100.0бу)
2026-03-18 20:02:41,035 [INFO] core.cycle_fsm: Cabin 11: IDLE -> COLLECTING (angle 104.3бу crossed 100.0бу)
2026-03-18 20:02:41,036 [INFO] core.cycle_fsm: Cabin 12: IDLE -> COLLECTING (angle 103.0бу crossed 100.0бу)
2026-03-18 20:02:41,036 [INFO] core.cycle_fsm: Cabin 22: COLLECTING -> PROCESSING (angle 280.8бу reached end 276.0бу (4 points), 0.405s)
2026-03-18 20:02:41,036 [INFO] core.cycle_fsm: Cabin 9: IDLE -> COLLECTING (angle 100.1бу crossed 100.0бу)
2026-03-18 20:02:41,038 [INFO] core.cycle_fsm: Cabin 23: COLLECTING -> PROCESSING (angle 278.5бу reached end 276.0бу (4 points), 0.386s)
2026-03-18 20:02:41,038 [INFO] core.cycle_fsm: Cabin 7: IDLE -> COLLECTING (angle 102.2бу crossed 100.0бу)
2026-03-18 20:02:41,039 [INFO] core.cycle_fsm: Cabin 20: COLLECTING -> PROCESSING (angle 278.4бу reached end 276.0бу (4 points), 0.377s)
2026-03-18 20:02:41,039 [INFO] pipeline.processing_loop: Cabin 20: NO_BOTTLE (max=5.5 < 50.0, points=4)
2026-03-18 20:02:41,043 [INFO] pipeline.processing_loop: Cabin 22: LEAK (prob=0.0217, conf=0.9783, points=4, 1.1ms)
2026-03-18 20:02:41,046 [INFO] pipeline.processing_loop: Cabin 23: OK (prob=0.6960, conf=0.6960, points=4, 1.1ms)
2026-03-18 20:02:41,098 [INFO] core.cycle_fsm: Cabin 8: IDLE -> COLLECTING (angle 103.0бу crossed 100.0бу)
2026-03-18 20:02:41,099 [INFO] core.cycle_fsm: Cabin 21: COLLECTING -> PROCESSING (angle 278.5бу reached end 276.0бу (4 points), 0.425s)
2026-03-18 20:02:41,100 [INFO] core.cycle_fsm: Cabin 19: COLLECTING -> PROCESSING (angle 278.2бу reached end 276.0бу (4 points), 0.384s)
2026-03-18 20:02:41,103 [INFO] pipeline.processing_loop: Cabin 19: OK (prob=0.7307, conf=0.7307, points=4, 1.4ms)
2026-03-18 20:02:41,105 [INFO] pipeline.processing_loop: Cabin 21: OK (prob=0.6309, conf=0.6309, points=4, 1.1ms)
2026-03-18 20:02:41,158 [INFO] core.cycle_fsm: Cabin 6: IDLE -> COLLECTING (angle 101.0бу crossed 100.0бу)
2026-03-18 20:02:41,158 [INFO] core.cycle_fsm: Cabin 5: IDLE -> COLLECTING (angle 101.1бу crossed 100.0бу)
2026-03-18 20:02:41,159 [INFO] core.cycle_fsm: Cabin 18: COLLECTING -> PROCESSING (angle 278.5бу reached end 276.0бу (4 points), 0.391s)
2026-03-18 20:02:41,162 [INFO] pipeline.processing_loop: Cabin 18: LEAK (prob=0.0013, conf=0.9987, points=4, 1.3ms)
2026-03-18 20:02:41,214 [INFO] core.cycle_fsm: Cabin 16: COLLECTING -> PROCESSING (angle 277.4бу reached end 276.0бу (4 points), 0.413s)
2026-03-18 20:02:41,215 [INFO] core.cycle_fsm: Cabin 4: IDLE -> COLLECTING (angle 103.4бу crossed 100.0бу)
2026-03-18 20:02:41,215 [INFO] core.cycle_fsm: Cabin 17: COLLECTING -> PROCESSING (angle 277.9бу reached end 276.0бу (4 points), 0.404s)
2026-03-18 20:02:41,217 [INFO] core.cycle_fsm: Cabin 3: IDLE -> COLLECTING (angle 101.5бу crossed 100.0бу)
2026-03-18 20:02:41,217 [INFO] core.cycle_fsm: Cabin 15: COLLECTING -> PROCESSING (angle 277.7бу reached end 276.0бу (4 points), 0.363s)
2026-03-18 20:02:41,219 [INFO] pipeline.processing_loop: Cabin 15: NO_BOTTLE (max=3.1 < 50.0, points=4)
2026-03-18 20:02:41,222 [INFO] pipeline.processing_loop: Cabin 16: LEAK (prob=0.0022, conf=0.9978, points=4, 1.1ms)
2026-03-18 20:02:41,223 [INFO] pipeline.processing_loop: Cabin 17: OK (prob=0.3381, conf=0.3381, points=4, 1.2ms)
2026-03-18 20:02:41,276 [INFO] core.cycle_fsm: Cabin 14: COLLECTING -> PROCESSING (angle 279.8бу reached end 276.0бу (4 points), 0.411s)
2026-03-18 20:02:41,278 [INFO] core.cycle_fsm: Cabin 2: IDLE -> COLLECTING (angle 103.3бу crossed 100.0бу)
2026-03-18 20:02:41,279 [INFO] core.cycle_fsm: Cabin 13: COLLECTING -> PROCESSING (angle 280.5бу reached end 276.0бу (4 points), 0.403s)
2026-03-18 20:02:41,280 [INFO] pipeline.processing_loop: Cabin 13: OK (prob=0.8810, conf=0.8810, points=4, 1.3ms)
2026-03-18 20:02:41,282 [INFO] pipeline.processing_loop: Cabin 14: LEAK (prob=0.0150, conf=0.9850, points=4, 0.8ms)
2026-03-18 20:02:41,334 [INFO] core.cycle_fsm: Cabin 1: IDLE -> COLLECTING (angle 101.1бу crossed 100.0бу)
2026-03-18 20:02:41,336 [INFO] core.cycle_fsm: Cabin 25: IDLE -> COLLECTING (angle 104.8бу crossed 100.0бу)
2026-03-18 20:02:41,336 [INFO] core.cycle_fsm: Cabin 24: IDLE -> COLLECTING (angle 102.2бу crossed 100.0бу)
2026-03-18 20:02:41,390 [INFO] core.cycle_fsm: Cabin 10: COLLECTING -> PROCESSING (angle 276.1бу reached end 276.0бу (4 points), 0.398s)
2026-03-18 20:02:41,391 [INFO] core.cycle_fsm: Cabin 11: COLLECTING -> PROCESSING (angle 277.0бу reached end 276.0бу (4 points), 0.399s)
2026-03-18 20:02:41,391 [INFO] core.cycle_fsm: Cabin 12: COLLECTING -> PROCESSING (angle 279.2бу reached end 276.0бу (4 points), 0.399s)
2026-03-18 20:02:41,391 [INFO] core.cycle_fsm: Cabin 22: IDLE -> COLLECTING (angle 101.8бу crossed 100.0бу)
2026-03-18 20:02:41,393 [INFO] core.cycle_fsm: Cabin 9: COLLECTING -> PROCESSING (angle 278.1бу reached end 276.0бу (4 points), 0.380s)
2026-03-18 20:02:41,393 [INFO] core.cycle_fsm: Cabin 7: COLLECTING -> PROCESSING (angle 279.6бу reached end 276.0бу (4 points), 0.369s)
2026-03-18 20:02:41,394 [INFO] core.cycle_fsm: Cabin 23: IDLE -> COLLECTING (angle 101.2бу crossed 100.0бу)
2026-03-18 20:02:41,397 [INFO] pipeline.processing_loop: Cabin 7: OK (prob=1.0000, conf=1.0000, points=4, 1.5ms)
2026-03-18 20:02:41,399 [INFO] pipeline.processing_loop: Cabin 9: OK (prob=0.9674, conf=0.9674, points=4, 1.1ms)
2026-03-18 20:02:41,401 [INFO] pipeline.processing_loop: Cabin 10: NO_BOTTLE (max=3.5 < 50.0, points=4)
2026-03-18 20:02:41,404 [INFO] pipeline.processing_loop: Cabin 11: OK (prob=0.9480, conf=0.9480, points=4, 1.4ms)
2026-03-18 20:02:41,407 [INFO] pipeline.processing_loop: Cabin 12: LEAK (prob=0.0044, conf=0.9956, points=4, 1.4ms)
2026-03-18 20:02:41,460 [INFO] core.cycle_fsm: Cabin 8: COLLECTING -> PROCESSING (angle 279.1бу reached end 276.0бу (4 points), 0.425s)
2026-03-18 20:02:41,461 [INFO] core.cycle_fsm: Cabin 20: IDLE -> COLLECTING (angle 101.6бу crossed 100.0бу)
2026-03-18 20:02:41,461 [INFO] core.cycle_fsm: Cabin 21: IDLE -> COLLECTING (angle 100.7бу crossed 100.0бу)
2026-03-18 20:02:41,463 [INFO] core.cycle_fsm: Cabin 6: COLLECTING -> PROCESSING (angle 277.4бу reached end 276.0бу (4 points), 0.365s)
2026-03-18 20:02:41,463 [INFO] core.cycle_fsm: Cabin 19: IDLE -> COLLECTING (angle 104.7бу crossed 100.0бу)
2026-03-18 20:02:41,467 [INFO] pipeline.processing_loop: Cabin 6: LEAK (prob=0.0404, conf=0.9596, points=4, 1.3ms)
2026-03-18 20:02:41,470 [INFO] pipeline.processing_loop: Cabin 8: LEAK (prob=0.0182, conf=0.9818, points=4, 1.4ms)
2026-03-18 20:02:41,523 [INFO] core.cycle_fsm: Cabin 5: COLLECTING -> PROCESSING (angle 278.0бу reached end 276.0бу (4 points), 0.414s)
2026-03-18 20:02:41,524 [INFO] core.cycle_fsm: Cabin 18: IDLE -> COLLECTING (angle 101.6бу crossed 100.0бу)
2026-03-18 20:02:41,526 [INFO] pipeline.processing_loop: Cabin 5: NO_BOTTLE (max=3.5 < 50.0, points=4)
2026-03-18 20:02:41,578 [INFO] core.cycle_fsm: Cabin 4: COLLECTING -> PROCESSING (angle 279.0бу reached end 276.0бу (4 points), 0.406s)
2026-03-18 20:02:41,580 [INFO] core.cycle_fsm: Cabin 3: COLLECTING -> PROCESSING (angle 277.6бу reached end 276.0бу (4 points), 0.397s)
2026-03-18 20:02:41,580 [INFO] core.cycle_fsm: Cabin 16: IDLE -> COLLECTING (angle 104.7бу crossed 100.0бу)
2026-03-18 20:02:41,580 [INFO] core.cycle_fsm: Cabin 17: IDLE -> COLLECTING (angle 101.1бу crossed 100.0бу)
2026-03-18 20:02:41,581 [INFO] core.cycle_fsm: Cabin 15: IDLE -> COLLECTING (angle 101.3бу crossed 100.0бу)
2026-03-18 20:02:41,584 [INFO] pipeline.processing_loop: Cabin 3: OK (prob=0.9949, conf=0.9949, points=4, 1.5ms)
2026-03-18 20:02:41,586 [INFO] pipeline.processing_loop: Cabin 4: LEAK (prob=0.0761, conf=0.9239, points=4, 1.2ms)
2026-03-18 20:02:41,639 [INFO] core.cycle_fsm: Cabin 2: COLLECTING -> PROCESSING (angle 279.9бу reached end 276.0бу (4 points), 0.403s)
2026-03-18 20:02:41,640 [INFO] core.cycle_fsm: Cabin 14: IDLE -> COLLECTING (angle 100.6бу crossed 100.0бу)
2026-03-18 20:02:41,641 [INFO] core.cycle_fsm: Cabin 13: IDLE -> COLLECTING (angle 103.3бу crossed 100.0бу)
2026-03-18 20:02:41,641 [INFO] core.cycle_fsm: Cabin 25: COLLECTING -> PROCESSING (angle 277.5бу reached end 276.0бу (4 points), 0.363s)
2026-03-18 20:02:41,643 [INFO] core.cycle_fsm: Cabin 1: COLLECTING -> PROCESSING (angle 276.8бу reached end 276.0бу (4 points), 0.364s)
2026-03-18 20:02:41,645 [INFO] pipeline.processing_loop: Cabin 1: OK (prob=1.0000, conf=1.0000, points=4, 1.5ms)
2026-03-18 20:02:41,647 [INFO] pipeline.processing_loop: Cabin 2: LEAK (prob=0.0036, conf=0.9964, points=4, 1.1ms)
2026-03-18 20:02:41,649 [INFO] pipeline.processing_loop: Cabin 25: NO_BOTTLE (max=4.1 < 50.0, points=4)
2026-03-18 20:02:41,700 [INFO] core.cycle_fsm: Cabin 24: COLLECTING -> PROCESSING (angle 281.3бу reached end 276.0бу (4 points), 0.401s)
2026-03-18 20:02:41,703 [INFO] pipeline.processing_loop: Cabin 24: LEAK (prob=0.0021, conf=0.9979, points=4, 1.2ms)
2026-03-18 20:02:41,756 [INFO] core.cycle_fsm: Cabin 10: IDLE -> COLLECTING (angle 103.3бу crossed 100.0бу)
2026-03-18 20:02:41,757 [INFO] core.cycle_fsm: Cabin 11: IDLE -> COLLECTING (angle 102.3бу crossed 100.0бу)
2026-03-18 20:02:41,758 [INFO] core.cycle_fsm: Cabin 12: IDLE -> COLLECTING (angle 101.1бу crossed 100.0бу)
2026-03-18 20:02:41,758 [INFO] core.cycle_fsm: Cabin 22: COLLECTING -> PROCESSING (angle 279.0бу reached end 276.0бу (4 points), 0.396s)
2026-03-18 20:02:41,759 [INFO] core.cycle_fsm: Cabin 23: COLLECTING -> PROCESSING (angle 278.0бу reached end 276.0бу (4 points), 0.376s)
2026-03-18 20:02:41,760 [INFO] core.cycle_fsm: Cabin 7: IDLE -> COLLECTING (angle 104.1бу crossed 100.0бу)
2026-03-18 20:02:41,761 [INFO] core.cycle_fsm: Cabin 9: IDLE -> COLLECTING (angle 104.5бу crossed 100.0бу)
2026-03-18 20:02:41,761 [INFO] core.cycle_fsm: Cabin 20: COLLECTING -> PROCESSING (angle 278.6бу reached end 276.0бу (4 points), 0.367s)
2026-03-18 20:02:41,762 [INFO] pipeline.processing_loop: Cabin 20: NO_BOTTLE (max=3.8 < 50.0, points=4)
2026-03-18 20:02:41,766 [INFO] pipeline.processing_loop: Cabin 22: LEAK (prob=0.0020, conf=0.9980, points=4, 1.4ms)
2026-03-18 20:02:41,768 [INFO] pipeline.processing_loop: Cabin 23: OK (prob=0.7388, conf=0.7388, points=4, 1.1ms)
2026-03-18 20:02:41,820 [INFO] core.cycle_fsm: Cabin 8: IDLE -> COLLECTING (angle 101.1бу crossed 100.0бу)
2026-03-18 20:02:41,821 [INFO] core.cycle_fsm: Cabin 21: COLLECTING -> PROCESSING (angle 278.2бу reached end 276.0бу (4 points), 0.417s)
2026-03-18 20:02:41,823 [INFO] core.cycle_fsm: Cabin 19: COLLECTING -> PROCESSING (angle 278.2бу reached end 276.0бу (4 points), 0.365s)
2026-03-18 20:02:41,826 [INFO] pipeline.processing_loop: Cabin 19: OK (prob=0.7675, conf=0.7675, points=4, 1.4ms)
2026-03-18 20:02:41,830 [INFO] pipeline.processing_loop: Cabin 21: OK (prob=0.7388, conf=0.7388, points=4, 2.0ms)
2026-03-18 20:02:41,886 [INFO] core.cycle_fsm: Cabin 5: IDLE -> COLLECTING (angle 102.0бу crossed 100.0бу)
2026-03-18 20:02:41,888 [INFO] core.cycle_fsm: Cabin 6: IDLE -> COLLECTING (angle 105.3бу crossed 100.0бу)
2026-03-18 20:02:41,890 [INFO] core.cycle_fsm: Cabin 18: COLLECTING -> PROCESSING (angle 277.9бу reached end 276.0бу (4 points), 0.390s)
2026-03-18 20:02:41,908 [INFO] pipeline.processing_loop: Cabin 18: LEAK (prob=0.0024, conf=0.9976, points=4, 14.8ms)
2026-03-18 20:02:41,964 [INFO] core.cycle_fsm: Cabin 16: COLLECTING -> PROCESSING (angle 277.7бу reached end 276.0бу (4 points), 0.422s)
2026-03-18 20:02:41,965 [INFO] core.cycle_fsm: Cabin 4: IDLE -> COLLECTING (angle 101.2бу crossed 100.0бу)
2026-03-18 20:02:41,966 [INFO] core.cycle_fsm: Cabin 17: COLLECTING -> PROCESSING (angle 276.2бу reached end 276.0бу (4 points), 0.423s)
2026-03-18 20:02:41,966 [INFO] core.cycle_fsm: Cabin 3: IDLE -> COLLECTING (angle 105.0бу crossed 100.0бу)
2026-03-18 20:02:41,968 [INFO] core.cycle_fsm: Cabin 15: COLLECTING -> PROCESSING (angle 277.3бу reached end 276.0бу (4 points), 0.394s)
2026-03-18 20:02:41,968 [INFO] core.cycle_fsm: Cabin 14: COLLECTING -> PROCESSING (angle 278.2бу reached end 276.0бу (4 points), 0.373s)
2026-03-18 20:02:41,971 [INFO] pipeline.processing_loop: Cabin 14: LEAK (prob=0.0393, conf=0.9607, points=4, 1.5ms)
2026-03-18 20:02:41,972 [INFO] pipeline.processing_loop: Cabin 15: NO_BOTTLE (max=2.5 < 50.0, points=4)
2026-03-18 20:02:41,974 [INFO] pipeline.processing_loop: Cabin 16: LEAK (prob=0.0002, conf=0.9998, points=4, 0.9ms)
2026-03-18 20:02:41,976 [INFO] pipeline.processing_loop: Cabin 17: OK (prob=1.0000, conf=1.0000, points=4, 0.9ms)
2026-03-18 20:02:42,028 [INFO] core.cycle_fsm: Cabin 2: IDLE -> COLLECTING (angle 102.2бу crossed 100.0бу)
2026-03-18 20:02:42,030 [INFO] core.cycle_fsm: Cabin 13: COLLECTING -> PROCESSING (angle 280.7бу reached end 276.0бу (4 points), 0.425s)
2026-03-18 20:02:42,030 [INFO] core.cycle_fsm: Cabin 1: IDLE -> COLLECTING (angle 100.6бу crossed 100.0бу)
2026-03-18 20:02:42,031 [INFO] core.cycle_fsm: Cabin 25: IDLE -> COLLECTING (angle 104.7бу crossed 100.0бу)
2026-03-18 20:02:42,033 [INFO] pipeline.processing_loop: Cabin 13: OK (prob=1.0000, conf=1.0000, points=4, 1.2ms)
2026-03-18 20:02:42,086 [INFO] core.cycle_fsm: Cabin 24: IDLE -> COLLECTING (angle 104.4бу crossed 100.0бу)
2026-03-18 20:02:42,087 [INFO] core.cycle_fsm: Cabin 10: COLLECTING -> PROCESSING (angle 279.3бу reached end 276.0бу (4 points), 0.364s)
2026-03-18 20:02:42,088 [INFO] core.cycle_fsm: Cabin 11: COLLECTING -> PROCESSING (angle 279.9бу reached end 276.0бу (4 points), 0.365s)
2026-03-18 20:02:42,088 [INFO] core.cycle_fsm: Cabin 12: COLLECTING -> PROCESSING (angle 276.5бу reached end 276.0бу (4 points), 0.365s)
2026-03-18 20:02:42,089 [INFO] pipeline.processing_loop: Cabin 10: NO_BOTTLE (max=5.0 < 50.0, points=4)
2026-03-18 20:02:42,093 [INFO] pipeline.processing_loop: Cabin 11: OK (prob=0.9468, conf=0.9468, points=4, 1.6ms)
2026-03-18 20:02:42,096 [INFO] pipeline.processing_loop: Cabin 12: LEAK (prob=0.0038, conf=0.9962, points=4, 1.2ms)
2026-03-18 20:02:42,147 [INFO] core.cycle_fsm: Cabin 22: IDLE -> COLLECTING (angle 101.5бу crossed 100.0бу)
2026-03-18 20:02:42,148 [INFO] core.cycle_fsm: Cabin 9: COLLECTING -> PROCESSING (angle 276.3бу reached end 276.0бу (4 points), 0.394s)
2026-03-18 20:02:42,148 [INFO] core.cycle_fsm: Cabin 7: COLLECTING -> PROCESSING (angle 281.0бу reached end 276.0бу (4 points), 0.394s)
2026-03-18 20:02:42,150 [INFO] core.cycle_fsm: Cabin 23: IDLE -> COLLECTING (angle 100.8бу crossed 100.0бу)
2026-03-18 20:02:42,150 [INFO] core.cycle_fsm: Cabin 8: COLLECTING -> PROCESSING (angle 278.5бу reached end 276.0бу (4 points), 0.385s)
2026-03-18 20:02:42,152 [INFO] core.cycle_fsm: Cabin 20: IDLE -> COLLECTING (angle 102.7бу crossed 100.0бу)
2026-03-18 20:02:42,155 [INFO] pipeline.processing_loop: Cabin 7: OK (prob=1.0000, conf=1.0000, points=4, 1.3ms)
2026-03-18 20:02:42,156 [INFO] pipeline.processing_loop: Cabin 8: LEAK (prob=0.0009, conf=0.9991, points=4, 1.1ms)
2026-03-18 20:02:42,159 [INFO] pipeline.processing_loop: Cabin 9: OK (prob=0.9067, conf=0.9067, points=4, 1.3ms)
2026-03-18 20:02:42,212 [INFO] core.cycle_fsm: Cabin 21: IDLE -> COLLECTING (angle 104.9бу crossed 100.0бу)
2026-03-18 20:02:42,213 [INFO] core.cycle_fsm: Cabin 6: COLLECTING -> PROCESSING (angle 278.0бу reached end 276.0бу (4 points), 0.374s)
2026-03-18 20:02:42,213 [INFO] core.cycle_fsm: Cabin 19: IDLE -> COLLECTING (angle 104.4бу crossed 100.0бу)
2026-03-18 20:02:42,213 [INFO] core.cycle_fsm: Cabin 5: COLLECTING -> PROCESSING (angle 279.8бу reached end 276.0бу (4 points), 0.375s)
2026-03-18 20:02:42,215 [INFO] pipeline.processing_loop: Cabin 5: NO_BOTTLE (max=3.1 < 50.0, points=4)
2026-03-18 20:02:42,218 [INFO] pipeline.processing_loop: Cabin 6: LEAK (prob=0.0009, conf=0.9991, points=4, 1.1ms)
2026-03-18 20:02:42,270 [INFO] core.cycle_fsm: Cabin 18: IDLE -> COLLECTING (angle 104.6бу crossed 100.0бу)
2026-03-18 20:02:42,272 [INFO] core.cycle_fsm: Cabin 4: COLLECTING -> PROCESSING (angle 277.5бу reached end 276.0бу (4 points), 0.368s)
2026-03-18 20:02:42,272 [INFO] core.cycle_fsm: Cabin 16: IDLE -> COLLECTING (angle 100.7бу crossed 100.0бу)
2026-03-18 20:02:42,275 [INFO] pipeline.processing_loop: Cabin 4: LEAK (prob=0.0016, conf=0.9984, points=4, 1.4ms)
2026-03-18 20:02:42,327 [INFO] core.cycle_fsm: Cabin 3: COLLECTING -> PROCESSING (angle 280.9бу reached end 276.0бу (4 points), 0.402s)
2026-03-18 20:02:42,329 [INFO] core.cycle_fsm: Cabin 17: IDLE -> COLLECTING (angle 103.0бу crossed 100.0бу)
2026-03-18 20:02:42,330 [INFO] core.cycle_fsm: Cabin 15: IDLE -> COLLECTING (angle 105.4бу crossed 100.0бу)
2026-03-18 20:02:42,332 [INFO] pipeline.processing_loop: Cabin 3: OK (prob=0.9434, conf=0.9434, points=4, 1.3ms)
2026-03-18 20:02:42,385 [INFO] core.cycle_fsm: Cabin 2: COLLECTING -> PROCESSING (angle 278.9бу reached end 276.0бу (4 points), 0.418s)
2026-03-18 20:02:42,386 [INFO] core.cycle_fsm: Cabin 14: IDLE -> COLLECTING (angle 101.5бу crossed 100.0бу)
2026-03-18 20:02:42,387 [INFO] core.cycle_fsm: Cabin 13: IDLE -> COLLECTING (angle 104.1бу crossed 100.0бу)
2026-03-18 20:02:42,388 [INFO] core.cycle_fsm: Cabin 1: COLLECTING -> PROCESSING (angle 278.0бу reached end 276.0бу (4 points), 0.379s)
2026-03-18 20:02:42,390 [INFO] core.cycle_fsm: Cabin 25: COLLECTING -> PROCESSING (angle 281.3бу reached end 276.0бу (4 points), 0.379s)
2026-03-18 20:02:42,393 [INFO] pipeline.processing_loop: Cabin 1: OK (prob=1.0000, conf=1.0000, points=4, 1.5ms)
2026-03-18 20:02:42,395 [INFO] pipeline.processing_loop: Cabin 2: LEAK (prob=0.0014, conf=0.9986, points=4, 1.1ms)
2026-03-18 20:02:42,396 [INFO] pipeline.processing_loop: Cabin 25: NO_BOTTLE (max=4.3 < 50.0, points=4)
2026-03-18 20:02:42,447 [INFO] core.cycle_fsm: Cabin 24: COLLECTING -> PROCESSING (angle 280.9бу reached end 276.0бу (4 points), 0.416s)
2026-03-18 20:02:42,451 [INFO] pipeline.processing_loop: Cabin 24: LEAK (prob=0.0003, conf=0.9997, points=4, 1.3ms)
2026-03-18 20:02:42,504 [INFO] core.cycle_fsm: Cabin 10: IDLE -> COLLECTING (angle 101.4бу crossed 100.0бу)
2026-03-18 20:02:42,505 [INFO] core.cycle_fsm: Cabin 22: COLLECTING -> PROCESSING (angle 279.8бу reached end 276.0бу (4 points), 0.410s)
2026-03-18 20:02:42,505 [INFO] core.cycle_fsm: Cabin 11: IDLE -> COLLECTING (angle 104.8бу crossed 100.0бу)
2026-03-18 20:02:42,506 [INFO] core.cycle_fsm: Cabin 12: IDLE -> COLLECTING (angle 101.4бу crossed 100.0бу)
2026-03-18 20:02:42,506 [INFO] core.cycle_fsm: Cabin 23: COLLECTING -> PROCESSING (angle 277.4бу reached end 276.0бу (4 points), 0.390s)
2026-03-18 20:02:42,508 [INFO] core.cycle_fsm: Cabin 7: IDLE -> COLLECTING (angle 104.9бу crossed 100.0бу)
2026-03-18 20:02:42,508 [INFO] core.cycle_fsm: Cabin 9: IDLE -> COLLECTING (angle 103.9бу crossed 100.0бу)
2026-03-18 20:02:42,509 [INFO] core.cycle_fsm: Cabin 20: COLLECTING -> PROCESSING (angle 279.0бу reached end 276.0бу (4 points), 0.383s)
2026-03-18 20:02:42,509 [INFO] core.cycle_fsm: Cabin 8: IDLE -> COLLECTING (angle 100.8бу crossed 100.0бу)
2026-03-18 20:02:42,511 [INFO] core.cycle_fsm: Cabin 21: COLLECTING -> PROCESSING (angle 276.8бу reached end 276.0бу (4 points), 0.364s)
2026-03-18 20:02:42,511 [INFO] pipeline.processing_loop: Cabin 20: NO_BOTTLE (max=3.7 < 50.0, points=4)
2026-03-18 20:02:42,514 [INFO] pipeline.processing_loop: Cabin 21: OK (prob=0.8836, conf=0.8836, points=4, 1.1ms)
2026-03-18 20:02:42,515 [INFO] pipeline.processing_loop: Cabin 22: LEAK (prob=0.0002, conf=0.9998, points=4, 0.9ms)
2026-03-18 20:02:42,518 [INFO] pipeline.processing_loop: Cabin 23: OK (prob=0.5688, conf=0.5688, points=4, 1.3ms)
2026-03-18 20:02:42,571 [INFO] core.cycle_fsm: Cabin 19: COLLECTING -> PROCESSING (angle 276.2бу reached end 276.0бу (4 points), 0.381s)
2026-03-18 20:02:42,574 [INFO] pipeline.processing_loop: Cabin 19: OK (prob=0.9999, conf=0.9999, points=4, 1.3ms)
2026-03-18 20:02:42,626 [INFO] core.cycle_fsm: Cabin 5: IDLE -> COLLECTING (angle 102.1бу crossed 100.0бу)
2026-03-18 20:02:42,628 [INFO] core.cycle_fsm: Cabin 6: IDLE -> COLLECTING (angle 103.6бу crossed 100.0бу)
2026-03-18 20:02:42,628 [INFO] core.cycle_fsm: Cabin 18: COLLECTING -> PROCESSING (angle 279.1бу reached end 276.0бу (4 points), 0.384s)
2026-03-18 20:02:42,629 [INFO] core.cycle_fsm: Cabin 16: COLLECTING -> PROCESSING (angle 276.9бу reached end 276.0бу (4 points), 0.364s)
2026-03-18 20:02:42,631 [INFO] pipeline.processing_loop: Cabin 16: LEAK (prob=0.0072, conf=0.9928, points=4, 1.2ms)
2026-03-18 20:02:42,634 [INFO] pipeline.processing_loop: Cabin 18: LEAK (prob=0.0017, conf=0.9983, points=4, 1.2ms)
2026-03-18 20:02:42,687 [INFO] core.cycle_fsm: Cabin 4: IDLE -> COLLECTING (angle 104.2бу crossed 100.0бу)
2026-03-18 20:02:42,687 [INFO] core.cycle_fsm: Cabin 17: COLLECTING -> PROCESSING (angle 280.6бу reached end 276.0бу (4 points), 0.401s)
2026-03-18 20:02:42,687 [INFO] core.cycle_fsm: Cabin 3: IDLE -> COLLECTING (angle 102.9бу crossed 100.0бу)
2026-03-18 20:02:42,689 [INFO] core.cycle_fsm: Cabin 15: COLLECTING -> PROCESSING (angle 276.8бу reached end 276.0бу (4 points), 0.371s)
2026-03-18 20:02:42,690 [INFO] pipeline.processing_loop: Cabin 15: NO_BOTTLE (max=5.8 < 50.0, points=4)
2026-03-18 20:02:42,692 [INFO] pipeline.processing_loop: Cabin 17: OK (prob=0.7361, conf=0.7361, points=4, 1.1ms)
2026-03-18 20:02:42,745 [INFO] core.cycle_fsm: Cabin 14: COLLECTING -> PROCESSING (angle 278.9бу reached end 276.0бу (4 points), 0.417s)
2026-03-18 20:02:42,746 [INFO] core.cycle_fsm: Cabin 2: IDLE -> COLLECTING (angle 100.6бу crossed 100.0бу)
2026-03-18 20:02:42,747 [INFO] core.cycle_fsm: Cabin 13: COLLECTING -> PROCESSING (angle 280.8бу reached end 276.0бу (4 points), 0.407s)
2026-03-18 20:02:42,747 [INFO] core.cycle_fsm: Cabin 1: IDLE -> COLLECTING (angle 101.7бу crossed 100.0бу)
2026-03-18 20:02:42,748 [INFO] core.cycle_fsm: Cabin 25: IDLE -> COLLECTING (angle 101.9бу crossed 100.0бу)
2026-03-18 20:02:42,751 [INFO] pipeline.processing_loop: Cabin 13: OK (prob=0.9797, conf=0.9797, points=4, 1.5ms)
2026-03-18 20:02:42,753 [INFO] pipeline.processing_loop: Cabin 14: LEAK (prob=0.0012, conf=0.9988, points=4, 1.0ms)
2026-03-18 20:02:42,805 [INFO] core.cycle_fsm: Cabin 24: IDLE -> COLLECTING (angle 103.8бу crossed 100.0бу)
2026-03-18 20:02:42,857 [INFO] core.cycle_fsm: Cabin 10: COLLECTING -> PROCESSING (angle 277.8бу reached end 276.0бу (4 points), 0.402s)
2026-03-18 20:02:42,859 [INFO] core.cycle_fsm: Cabin 11: COLLECTING -> PROCESSING (angle 280.6бу reached end 276.0бу (4 points), 0.393s)
2026-03-18 20:02:42,859 [INFO] core.cycle_fsm: Cabin 12: COLLECTING -> PROCESSING (angle 276.8бу reached end 276.0бу (4 points), 0.393s)
2026-03-18 20:02:42,860 [INFO] core.cycle_fsm: Cabin 22: IDLE -> COLLECTING (angle 101.7бу crossed 100.0бу)
2026-03-18 20:02:42,860 [INFO] core.cycle_fsm: Cabin 7: COLLECTING -> PROCESSING (angle 276.6бу reached end 276.0бу (4 points), 0.373s)
2026-03-18 20:02:42,862 [INFO] core.cycle_fsm: Cabin 9: COLLECTING -> PROCESSING (angle 278.6бу reached end 276.0бу (4 points), 0.373s)
2026-03-18 20:02:42,862 [INFO] core.cycle_fsm: Cabin 8: COLLECTING -> PROCESSING (angle 278.1бу reached end 276.0бу (4 points), 0.365s)
2026-03-18 20:02:42,862 [INFO] core.cycle_fsm: Cabin 20: IDLE -> COLLECTING (angle 102.4бу crossed 100.0бу)
2026-03-18 20:02:42,863 [INFO] core.cycle_fsm: Cabin 23: IDLE -> COLLECTING (angle 102.6бу crossed 100.0бу)
2026-03-18 20:02:42,865 [INFO] pipeline.processing_loop: Cabin 7: OK (prob=0.9998, conf=0.9998, points=4, 1.2ms)
2026-03-18 20:02:42,868 [INFO] pipeline.processing_loop: Cabin 8: LEAK (prob=0.0026, conf=0.9974, points=4, 1.3ms)
2026-03-18 20:02:42,869 [INFO] pipeline.processing_loop: Cabin 9: OK (prob=0.9355, conf=0.9355, points=4, 1.2ms)
2026-03-18 20:02:42,871 [INFO] pipeline.processing_loop: Cabin 10: NO_BOTTLE (max=2.5 < 50.0, points=4)
2026-03-18 20:02:42,872 [INFO] pipeline.processing_loop: Cabin 11: OK (prob=0.9945, conf=0.9945, points=4, 0.8ms)
2026-03-18 20:02:42,876 [INFO] pipeline.processing_loop: Cabin 12: LEAK (prob=0.0025, conf=0.9975, points=4, 0.8ms)
2026-03-18 20:02:42,927 [INFO] core.cycle_fsm: Cabin 21: IDLE -> COLLECTING (angle 103.2бу crossed 100.0бу)
2026-03-18 20:02:42,928 [INFO] core.cycle_fsm: Cabin 19: IDLE -> COLLECTING (angle 103.3бу crossed 100.0бу)
2026-03-18 20:02:42,981 [INFO] core.cycle_fsm: Cabin 5: COLLECTING -> PROCESSING (angle 279.7бу reached end 276.0бу (4 points), 0.410s)
2026-03-18 20:02:42,981 [INFO] core.cycle_fsm: Cabin 6: COLLECTING -> PROCESSING (angle 280.3бу reached end 276.0бу (4 points), 0.410s)
2026-03-18 20:02:42,983 [INFO] core.cycle_fsm: Cabin 18: IDLE -> COLLECTING (angle 100.5бу crossed 100.0бу)
2026-03-18 20:02:42,984 [INFO] pipeline.processing_loop: Cabin 5: NO_BOTTLE (max=4.5 < 50.0, points=4)
2026-03-18 20:02:42,987 [INFO] pipeline.processing_loop: Cabin 6: LEAK (prob=0.0012, conf=0.9988, points=4, 1.0ms)
2026-03-18 20:02:43,039 [INFO] core.cycle_fsm: Cabin 4: COLLECTING -> PROCESSING (angle 279.4бу reached end 276.0бу (4 points), 0.394s)
2026-03-18 20:02:43,040 [INFO] core.cycle_fsm: Cabin 16: IDLE -> COLLECTING (angle 102.8бу crossed 100.0бу)
2026-03-18 20:02:43,040 [INFO] core.cycle_fsm: Cabin 3: COLLECTING -> PROCESSING (angle 280.2бу reached end 276.0бу (4 points), 0.385s)
2026-03-18 20:02:43,042 [INFO] core.cycle_fsm: Cabin 17: IDLE -> COLLECTING (angle 100.9бу crossed 100.0бу)
2026-03-18 20:02:43,043 [INFO] pipeline.processing_loop: Cabin 3: OK (prob=0.9866, conf=0.9866, points=4, 1.5ms)
2026-03-18 20:02:43,047 [INFO] pipeline.processing_loop: Cabin 4: LEAK (prob=0.0363, conf=0.9637, points=4, 1.3ms)
2026-03-18 20:02:43,099 [INFO] core.cycle_fsm: Cabin 15: IDLE -> COLLECTING (angle 103.6бу crossed 100.0бу)
2026-03-18 20:02:43,100 [INFO] core.cycle_fsm: Cabin 2: COLLECTING -> PROCESSING (angle 277.8бу reached end 276.0бу (4 points), 0.403s)
2026-03-18 20:02:43,100 [INFO] core.cycle_fsm: Cabin 14: IDLE -> COLLECTING (angle 102.0бу crossed 100.0бу)
2026-03-18 20:02:43,102 [INFO] core.cycle_fsm: Cabin 13: IDLE -> COLLECTING (angle 102.8бу crossed 100.0бу)
2026-03-18 20:02:43,103 [INFO] pipeline.processing_loop: Cabin 2: LEAK (prob=0.0035, conf=0.9965, points=4, 1.2ms)
2026-03-18 20:02:43,156 [INFO] core.cycle_fsm: Cabin 1: COLLECTING -> PROCESSING (angle 279.1бу reached end 276.0бу (4 points), 0.416s)
2026-03-18 20:02:43,158 [INFO] core.cycle_fsm: Cabin 25: COLLECTING -> PROCESSING (angle 276.5бу reached end 276.0бу (4 points), 0.418s)
2026-03-18 20:02:43,158 [INFO] core.cycle_fsm: Cabin 24: COLLECTING -> PROCESSING (angle 279.7бу reached end 276.0бу (4 points), 0.397s)
2026-03-18 20:02:43,161 [INFO] pipeline.processing_loop: Cabin 1: OK (prob=0.9767, conf=0.9767, points=4, 1.2ms)
2026-03-18 20:02:43,163 [INFO] pipeline.processing_loop: Cabin 24: LEAK (prob=0.0021, conf=0.9979, points=4, 1.3ms)
2026-03-18 20:02:43,165 [INFO] pipeline.processing_loop: Cabin 25: NO_BOTTLE (max=4.9 < 50.0, points=4)
2026-03-18 20:02:43,217 [INFO] core.cycle_fsm: Cabin 22: COLLECTING -> PROCESSING (angle 278.4бу reached end 276.0бу (4 points), 0.393s)
2026-03-18 20:02:43,218 [INFO] core.cycle_fsm: Cabin 10: IDLE -> COLLECTING (angle 103.7бу crossed 100.0бу)
2026-03-18 20:02:43,219 [INFO] core.cycle_fsm: Cabin 11: IDLE -> COLLECTING (angle 101.7бу crossed 100.0бу)
2026-03-18 20:02:43,219 [INFO] core.cycle_fsm: Cabin 12: IDLE -> COLLECTING (angle 101.2бу crossed 100.0бу)
2026-03-18 20:02:43,219 [INFO] core.cycle_fsm: Cabin 7: IDLE -> COLLECTING (angle 100.4бу crossed 100.0бу)
2026-03-18 20:02:43,221 [INFO] core.cycle_fsm: Cabin 20: COLLECTING -> PROCESSING (angle 280.4бу reached end 276.0бу (4 points), 0.365s)
2026-03-18 20:02:43,221 [INFO] core.cycle_fsm: Cabin 23: COLLECTING -> PROCESSING (angle 279.3бу reached end 276.0бу (4 points), 0.365s)
2026-03-18 20:02:43,223 [INFO] pipeline.processing_loop: Cabin 20: NO_BOTTLE (max=2.6 < 50.0, points=4)
2026-03-18 20:02:43,226 [INFO] pipeline.processing_loop: Cabin 22: LEAK (prob=0.0019, conf=0.9981, points=4, 1.6ms)
2026-03-18 20:02:43,229 [INFO] pipeline.processing_loop: Cabin 23: OK (prob=0.9998, conf=0.9998, points=4, 1.0ms)
2026-03-18 20:02:43,281 [INFO] core.cycle_fsm: Cabin 9: IDLE -> COLLECTING (angle 103.9бу crossed 100.0бу)
2026-03-18 20:02:43,282 [INFO] core.cycle_fsm: Cabin 8: IDLE -> COLLECTING (angle 104.6бу crossed 100.0бу)
2026-03-18 20:02:43,282 [INFO] core.cycle_fsm: Cabin 21: COLLECTING -> PROCESSING (angle 281.1бу reached end 276.0бу (4 points), 0.405s)
2026-03-18 20:02:43,284 [INFO] core.cycle_fsm: Cabin 19: COLLECTING -> PROCESSING (angle 276.8бу reached end 276.0бу (4 points), 0.364s)
2026-03-18 20:02:43,286 [INFO] pipeline.processing_loop: Cabin 19: OK (prob=0.7745, conf=0.7745, points=4, 1.2ms)
2026-03-18 20:02:43,289 [INFO] pipeline.processing_loop: Cabin 21: OK (prob=0.7816, conf=0.7816, points=4, 1.3ms)
2026-03-18 20:02:43,341 [INFO] core.cycle_fsm: Cabin 5: IDLE -> COLLECTING (angle 102.6бу crossed 100.0бу)
2026-03-18 20:02:43,342 [INFO] core.cycle_fsm: Cabin 6: IDLE -> COLLECTING (angle 101.9бу crossed 100.0бу)
2026-03-18 20:02:43,343 [INFO] core.cycle_fsm: Cabin 18: COLLECTING -> PROCESSING (angle 277.1бу reached end 276.0бу (4 points), 0.370s)
2026-03-18 20:02:43,346 [INFO] pipeline.processing_loop: Cabin 18: OK (prob=0.5424, conf=0.5424, points=4, 1.2ms)
2026-03-18 20:02:43,397 [INFO] core.cycle_fsm: Cabin 16: COLLECTING -> PROCESSING (angle 278.6бу reached end 276.0бу (4 points), 0.392s)
2026-03-18 20:02:43,398 [INFO] core.cycle_fsm: Cabin 4: IDLE -> COLLECTING (angle 101.1бу crossed 100.0бу)
2026-03-18 20:02:43,399 [INFO] core.cycle_fsm: Cabin 17: COLLECTING -> PROCESSING (angle 277.5бу reached end 276.0бу (4 points), 0.383s)
2026-03-18 20:02:43,399 [INFO] core.cycle_fsm: Cabin 3: IDLE -> COLLECTING (angle 101.6бу crossed 100.0бу)
2026-03-18 20:02:43,402 [INFO] pipeline.processing_loop: Cabin 16: LEAK (prob=0.0002, conf=0.9998, points=4, 1.2ms)
2026-03-18 20:02:43,404 [INFO] pipeline.processing_loop: Cabin 17: OK (prob=1.0000, conf=1.0000, points=4, 1.0ms)
2026-03-18 20:02:43,456 [INFO] core.cycle_fsm: Cabin 15: COLLECTING -> PROCESSING (angle 276.3бу reached end 276.0бу (4 points), 0.410s)
2026-03-18 20:02:43,458 [INFO] core.cycle_fsm: Cabin 14: COLLECTING -> PROCESSING (angle 277.6бу reached end 276.0бу (4 points), 0.401s)
2026-03-18 20:02:43,458 [INFO] core.cycle_fsm: Cabin 2: IDLE -> COLLECTING (angle 100.7бу crossed 100.0бу)
2026-03-18 20:02:43,460 [INFO] core.cycle_fsm: Cabin 13: COLLECTING -> PROCESSING (angle 279.9бу reached end 276.0бу (4 points), 0.392s)
2026-03-18 20:02:43,463 [INFO] pipeline.processing_loop: Cabin 13: OK (prob=1.0000, conf=1.0000, points=4, 1.3ms)
2026-03-18 20:02:43,464 [INFO] pipeline.processing_loop: Cabin 14: LEAK (prob=0.0381, conf=0.9619, points=4, 1.1ms)
2026-03-18 20:02:43,466 [INFO] pipeline.processing_loop: Cabin 15: NO_BOTTLE (max=5.6 < 50.0, points=4)
2026-03-18 20:02:43,518 [INFO] core.cycle_fsm: Cabin 1: IDLE -> COLLECTING (angle 104.4бу crossed 100.0бу)
2026-03-18 20:02:43,519 [INFO] core.cycle_fsm: Cabin 25: IDLE -> COLLECTING (angle 102.8бу crossed 100.0бу)
2026-03-18 20:02:43,519 [INFO] core.cycle_fsm: Cabin 24: IDLE -> COLLECTING (angle 102.5бу crossed 100.0бу)
2026-03-18 20:02:43,572 [INFO] core.cycle_fsm: Cabin 10: COLLECTING -> PROCESSING (angle 279.2бу reached end 276.0бу (4 points), 0.377s)
2026-03-18 20:02:43,573 [INFO] core.cycle_fsm: Cabin 11: COLLECTING -> PROCESSING (angle 278.0бу reached end 276.0бу (4 points), 0.379s)
2026-03-18 20:02:43,573 [INFO] core.cycle_fsm: Cabin 12: COLLECTING -> PROCESSING (angle 278.3бу reached end 276.0бу (4 points), 0.379s)
2026-03-18 20:02:43,575 [INFO] core.cycle_fsm: Cabin 22: IDLE -> COLLECTING (angle 101.7бу crossed 100.0бу)
2026-03-18 20:02:43,575 [INFO] core.cycle_fsm: Cabin 7: COLLECTING -> PROCESSING (angle 276.1бу reached end 276.0бу (4 points), 0.370s)
2026-03-18 20:02:43,576 [INFO] pipeline.processing_loop: Cabin 7: OK (prob=0.9630, conf=0.9630, points=4, 1.3ms)
2026-03-18 20:02:43,578 [INFO] pipeline.processing_loop: Cabin 10: NO_BOTTLE (max=2.8 < 50.0, points=4)
2026-03-18 20:02:43,581 [INFO] pipeline.processing_loop: Cabin 11: OK (prob=0.9964, conf=0.9964, points=4, 1.1ms)
2026-03-18 20:02:43,584 [INFO] pipeline.processing_loop: Cabin 12: LEAK (prob=0.1962, conf=0.8038, points=4, 1.9ms)
2026-03-18 20:02:43,636 [INFO] core.cycle_fsm: Cabin 9: COLLECTING -> PROCESSING (angle 279.5бу reached end 276.0бу (4 points), 0.410s)
2026-03-18 20:02:43,638 [INFO] core.cycle_fsm: Cabin 20: IDLE -> COLLECTING (angle 104.6бу crossed 100.0бу)
2026-03-18 20:02:43,638 [INFO] core.cycle_fsm: Cabin 23: IDLE -> COLLECTING (angle 101.4бу crossed 100.0бу)
2026-03-18 20:02:43,640 [INFO] core.cycle_fsm: Cabin 8: COLLECTING -> PROCESSING (angle 280.0бу reached end 276.0бу (4 points), 0.403s)
2026-03-18 20:02:43,640 [INFO] core.cycle_fsm: Cabin 21: IDLE -> COLLECTING (angle 102.6бу crossed 100.0бу)
2026-03-18 20:02:43,643 [INFO] pipeline.processing_loop: Cabin 8: LEAK (prob=0.1434, conf=0.8566, points=4, 1.4ms)
2026-03-18 20:02:43,646 [INFO] pipeline.processing_loop: Cabin 9: OK (prob=0.9674, conf=0.9674, points=4, 1.5ms)
2026-03-18 20:02:43,697 [INFO] core.cycle_fsm: Cabin 19: IDLE -> COLLECTING (angle 103.3бу crossed 100.0бу)
2026-03-18 20:02:43,699 [INFO] core.cycle_fsm: Cabin 5: COLLECTING -> PROCESSING (angle 277.9бу reached end 276.0бу (4 points), 0.398s)
2026-03-18 20:02:43,699 [INFO] core.cycle_fsm: Cabin 6: COLLECTING -> PROCESSING (angle 277.5бу reached end 276.0бу (4 points), 0.398s)
2026-03-18 20:02:43,700 [INFO] pipeline.processing_loop: Cabin 5: NO_BOTTLE (max=2.8 < 50.0, points=4)
2026-03-18 20:02:43,703 [INFO] pipeline.processing_loop: Cabin 6: LEAK (prob=0.0231, conf=0.9769, points=4, 1.3ms)
2026-03-18 20:02:43,756 [INFO] core.cycle_fsm: Cabin 18: IDLE -> COLLECTING (angle 102.8бу crossed 100.0бу)
2026-03-18 20:02:43,758 [INFO] core.cycle_fsm: Cabin 4: COLLECTING -> PROCESSING (angle 277.8бу reached end 276.0бу (4 points), 0.382s)
2026-03-18 20:02:43,759 [INFO] core.cycle_fsm: Cabin 3: COLLECTING -> PROCESSING (angle 279.9бу reached end 276.0бу (4 points), 0.373s)
2026-03-18 20:02:43,759 [INFO] core.cycle_fsm: Cabin 16: IDLE -> COLLECTING (angle 103.8бу crossed 100.0бу)
2026-03-18 20:02:43,762 [INFO] pipeline.processing_loop: Cabin 3: OK (prob=0.9947, conf=0.9947, points=4, 1.4ms)
2026-03-18 20:02:43,764 [INFO] pipeline.processing_loop: Cabin 4: LEAK (prob=0.0004, conf=0.9996, points=4, 1.1ms)
2026-03-18 20:02:43,817 [INFO] core.cycle_fsm: Cabin 17: IDLE -> COLLECTING (angle 103.4бу crossed 100.0бу)
2026-03-18 20:02:43,817 [INFO] core.cycle_fsm: Cabin 15: IDLE -> COLLECTING (angle 100.3бу crossed 100.0бу)
2026-03-18 20:02:43,818 [INFO] core.cycle_fsm: Cabin 2: COLLECTING -> PROCESSING (angle 276.2бу reached end 276.0бу (4 points), 0.389s)
2026-03-18 20:02:43,818 [INFO] core.cycle_fsm: Cabin 14: IDLE -> COLLECTING (angle 101.2бу crossed 100.0бу)
2026-03-18 20:02:43,820 [INFO] core.cycle_fsm: Cabin 13: IDLE -> COLLECTING (angle 100.7бу crossed 100.0бу)
2026-03-18 20:02:43,822 [INFO] pipeline.processing_loop: Cabin 2: LEAK (prob=0.0019, conf=0.9981, points=4, 1.5ms)
2026-03-18 20:02:43,875 [INFO] core.cycle_fsm: Cabin 1: COLLECTING -> PROCESSING (angle 276.1бу reached end 276.0бу (4 points), 0.393s)
2026-03-18 20:02:43,876 [INFO] core.cycle_fsm: Cabin 25: COLLECTING -> PROCESSING (angle 280.5бу reached end 276.0бу (4 points), 0.394s)
2026-03-18 20:02:43,876 [INFO] core.cycle_fsm: Cabin 24: COLLECTING -> PROCESSING (angle 277.9бу reached end 276.0бу (4 points), 0.384s)
2026-03-18 20:02:43,879 [INFO] pipeline.processing_loop: Cabin 1: OK (prob=1.0000, conf=1.0000, points=4, 1.5ms)
2026-03-18 20:02:43,882 [INFO] pipeline.processing_loop: Cabin 24: LEAK (prob=0.0019, conf=0.9981, points=4, 1.1ms)
2026-03-18 20:02:43,883 [INFO] pipeline.processing_loop: Cabin 25: NO_BOTTLE (max=3.2 < 50.0, points=4)
2026-03-18 20:02:43,935 [INFO] core.cycle_fsm: Cabin 22: COLLECTING -> PROCESSING (angle 277.0бу reached end 276.0бу (4 points), 0.379s)
2026-03-18 20:02:43,936 [INFO] core.cycle_fsm: Cabin 10: IDLE -> COLLECTING (angle 101.0бу crossed 100.0бу)
2026-03-18 20:02:43,936 [INFO] core.cycle_fsm: Cabin 11: IDLE -> COLLECTING (angle 100.0бу crossed 100.0бу)
2026-03-18 20:02:43,941 [INFO] pipeline.processing_loop: Cabin 22: LEAK (prob=0.0019, conf=0.9981, points=4, 1.2ms)
2026-03-18 20:02:43,992 [INFO] core.cycle_fsm: Cabin 12: IDLE -> COLLECTING (angle 104.6бу crossed 100.0бу)
2026-03-18 20:02:43,994 [INFO] core.cycle_fsm: Cabin 20: COLLECTING -> PROCESSING (angle 277.1бу reached end 276.0бу (4 points), 0.405s)
2026-03-18 20:02:43,994 [INFO] core.cycle_fsm: Cabin 7: IDLE -> COLLECTING (angle 103.0бу crossed 100.0бу)
2026-03-18 20:02:43,995 [INFO] core.cycle_fsm: Cabin 23: COLLECTING -> PROCESSING (angle 279.1бу reached end 276.0бу (4 points), 0.407s)
2026-03-18 20:02:43,995 [INFO] core.cycle_fsm: Cabin 9: IDLE -> COLLECTING (angle 102.8бу crossed 100.0бу)
2026-03-18 20:02:43,997 [INFO] core.cycle_fsm: Cabin 8: IDLE -> COLLECTING (angle 102.4бу crossed 100.0бу)
2026-03-18 20:02:43,997 [INFO] core.cycle_fsm: Cabin 21: COLLECTING -> PROCESSING (angle 279.5бу reached end 276.0бу (4 points), 0.386s)
2026-03-18 20:02:43,998 [INFO] pipeline.processing_loop: Cabin 20: NO_BOTTLE (max=2.0 < 50.0, points=4)
2026-03-18 20:02:44,001 [INFO] pipeline.processing_loop: Cabin 21: OK (prob=0.9998, conf=0.9998, points=4, 1.2ms)
2026-03-18 20:02:44,003 [INFO] pipeline.processing_loop: Cabin 23: OK (prob=0.7816, conf=0.7816, points=4, 1.2ms)
2026-03-18 20:02:44,055 [INFO] core.cycle_fsm: Cabin 19: COLLECTING -> PROCESSING (angle 279.6бу reached end 276.0бу (4 points), 0.402s)
2026-03-18 20:02:44,057 [INFO] core.cycle_fsm: Cabin 5: IDLE -> COLLECTING (angle 105.4бу crossed 100.0бу)
2026-03-18 20:02:44,058 [INFO] core.cycle_fsm: Cabin 6: IDLE -> COLLECTING (angle 104.2бу crossed 100.0бу)
2026-03-18 20:02:44,060 [INFO] pipeline.processing_loop: Cabin 19: OK (prob=0.7592, conf=0.7592, points=4, 1.2ms)
2026-03-18 20:02:44,111 [INFO] core.cycle_fsm: Cabin 18: COLLECTING -> PROCESSING (angle 276.2бу reached end 276.0бу (4 points), 0.395s)
2026-03-18 20:02:44,112 [INFO] core.cycle_fsm: Cabin 16: COLLECTING -> PROCESSING (angle 276.5бу reached end 276.0бу (4 points), 0.364s)
2026-03-18 20:02:44,115 [INFO] pipeline.processing_loop: Cabin 16: LEAK (prob=0.0004, conf=0.9996, points=4, 1.2ms)
2026-03-18 20:02:44,117 [INFO] pipeline.processing_loop: Cabin 18: LEAK (prob=0.0005, conf=0.9995, points=4, 0.9ms)
2026-03-18 20:02:44,169 [INFO] core.cycle_fsm: Cabin 3: IDLE -> COLLECTING (angle 102.0бу crossed 100.0бу)
2026-03-18 20:02:44,170 [INFO] core.cycle_fsm: Cabin 4: IDLE -> COLLECTING (angle 103.9бу crossed 100.0бу)
2026-03-18 20:02:44,170 [INFO] core.cycle_fsm: Cabin 17: COLLECTING -> PROCESSING (angle 280.0бу reached end 276.0бу (4 points), 0.412s)
2026-03-18 20:02:44,172 [INFO] core.cycle_fsm: Cabin 15: COLLECTING -> PROCESSING (angle 280.8бу reached end 276.0бу (4 points), 0.403s)
2026-03-18 20:02:44,172 [INFO] core.cycle_fsm: Cabin 14: COLLECTING -> PROCESSING (angle 277.1бу reached end 276.0бу (4 points), 0.382s)
2026-03-18 20:02:44,174 [INFO] core.cycle_fsm: Cabin 13: COLLECTING -> PROCESSING (angle 278.0бу reached end 276.0бу (4 points), 0.373s)
2026-03-18 20:02:44,176 [INFO] pipeline.processing_loop: Cabin 13: OK (prob=0.9797, conf=0.9797, points=4, 1.3ms)
2026-03-18 20:02:44,178 [INFO] pipeline.processing_loop: Cabin 14: LEAK (prob=0.0007, conf=0.9993, points=4, 1.1ms)
2026-03-18 20:02:44,180 [INFO] pipeline.processing_loop: Cabin 15: NO_BOTTLE (max=2.3 < 50.0, points=4)
2026-03-18 20:02:44,183 [INFO] pipeline.processing_loop: Cabin 17: OK (prob=0.9545, conf=0.9545, points=4, 0.9ms)
2026-03-18 20:02:44,235 [INFO] core.cycle_fsm: Cabin 2: IDLE -> COLLECTING (angle 103.7бу crossed 100.0бу)
2026-03-18 20:02:44,236 [INFO] core.cycle_fsm: Cabin 1: IDLE -> COLLECTING (angle 103.7бу crossed 100.0бу)
2026-03-18 20:02:44,236 [INFO] core.cycle_fsm: Cabin 25: IDLE -> COLLECTING (angle 102.3бу crossed 100.0бу)
2026-03-18 20:02:44,238 [INFO] core.cycle_fsm: Cabin 24: IDLE -> COLLECTING (angle 100.3бу crossed 100.0бу)
2026-03-18 20:02:44,290 [INFO] core.cycle_fsm: Cabin 10: COLLECTING -> PROCESSING (angle 276.8бу reached end 276.0бу (4 points), 0.363s)
2026-03-18 20:02:44,292 [INFO] core.cycle_fsm: Cabin 11: COLLECTING -> PROCESSING (angle 277.9бу reached end 276.0бу (4 points), 0.364s)
2026-03-18 20:02:44,294 [INFO] pipeline.processing_loop: Cabin 10: NO_BOTTLE (max=2.1 < 50.0, points=4)
2026-03-18 20:02:44,297 [INFO] pipeline.processing_loop: Cabin 11: OK (prob=0.9610, conf=0.9610, points=4, 1.4ms)
2026-03-18 20:02:44,351 [INFO] core.cycle_fsm: Cabin 12: COLLECTING -> PROCESSING (angle 279.9бу reached end 276.0бу (4 points), 0.412s)
2026-03-18 20:02:44,351 [INFO] core.cycle_fsm: Cabin 22: IDLE -> COLLECTING (angle 104.1бу crossed 100.0бу)
2026-03-18 20:02:44,352 [INFO] core.cycle_fsm: Cabin 7: COLLECTING -> PROCESSING (angle 279.5бу reached end 276.0бу (4 points), 0.403s)
2026-03-18 20:02:44,352 [INFO] core.cycle_fsm: Cabin 9: COLLECTING -> PROCESSING (angle 279.3бу reached end 276.0бу (4 points), 0.392s)
2026-03-18 20:02:44,354 [INFO] core.cycle_fsm: Cabin 20: IDLE -> COLLECTING (angle 104.4бу crossed 100.0бу)
2026-03-18 20:02:44,354 [INFO] core.cycle_fsm: Cabin 23: IDLE -> COLLECTING (angle 101.3бу crossed 100.0бу)
2026-03-18 20:02:44,355 [INFO] core.cycle_fsm: Cabin 8: COLLECTING -> PROCESSING (angle 280.3бу reached end 276.0бу (4 points), 0.384s)
2026-03-18 20:02:44,355 [INFO] core.cycle_fsm: Cabin 21: IDLE -> COLLECTING (angle 100.6бу crossed 100.0бу)
2026-03-18 20:02:44,358 [INFO] pipeline.processing_loop: Cabin 7: OK (prob=1.0000, conf=1.0000, points=4, 2.4ms)
2026-03-18 20:02:44,361 [INFO] pipeline.processing_loop: Cabin 8: LEAK (prob=0.0017, conf=0.9983, points=4, 1.2ms)
2026-03-18 20:02:44,363 [INFO] pipeline.processing_loop: Cabin 9: OK (prob=0.9740, conf=0.9740, points=4, 1.0ms)
2026-03-18 20:02:44,366 [INFO] pipeline.processing_loop: Cabin 12: LEAK (prob=0.0023, conf=0.9977, points=4, 1.0ms)
2026-03-18 20:02:44,418 [INFO] core.cycle_fsm: Cabin 19: IDLE -> COLLECTING (angle 103.4бу crossed 100.0бу)
2026-03-18 20:02:44,419 [INFO] core.cycle_fsm: Cabin 5: COLLECTING -> PROCESSING (angle 277.7бу reached end 276.0бу (4 points), 0.374s)
2026-03-18 20:02:44,421 [INFO] core.cycle_fsm: Cabin 6: COLLECTING -> PROCESSING (angle 277.6бу reached end 276.0бу (4 points), 0.375s)
2026-03-18 20:02:44,421 [INFO] pipeline.processing_loop: Cabin 5: NO_BOTTLE (max=2.6 < 50.0, points=4)
2026-03-18 20:02:44,424 [INFO] pipeline.processing_loop: Cabin 6: LEAK (prob=0.0004, conf=0.9996, points=4, 1.2ms)
2026-03-18 20:02:44,476 [INFO] core.cycle_fsm: Cabin 18: IDLE -> COLLECTING (angle 103.1бу crossed 100.0бу)
2026-03-18 20:02:44,530 [INFO] core.cycle_fsm: Cabin 3: COLLECTING -> PROCESSING (angle 277.7бу reached end 276.0бу (4 points), 0.410s)
2026-03-18 20:02:44,530 [INFO] core.cycle_fsm: Cabin 4: COLLECTING -> PROCESSING (angle 279.3бу reached end 276.0бу (4 points), 0.411s)
2026-03-18 20:02:44,531 [INFO] core.cycle_fsm: Cabin 16: IDLE -> COLLECTING (angle 102.5бу crossed 100.0бу)
2026-03-18 20:02:44,532 [INFO] core.cycle_fsm: Cabin 17: IDLE -> COLLECTING (angle 100.7бу crossed 100.0бу)
2026-03-18 20:02:44,533 [INFO] core.cycle_fsm: Cabin 15: IDLE -> COLLECTING (angle 102.8бу crossed 100.0бу)
2026-03-18 20:02:44,534 [INFO] pipeline.processing_loop: Cabin 3: OK (prob=0.9803, conf=0.9803, points=4, 1.1ms)
2026-03-18 20:02:44,537 [INFO] pipeline.processing_loop: Cabin 4: LEAK (prob=0.0026, conf=0.9974, points=4, 1.0ms)
2026-03-18 20:02:44,589 [INFO] core.cycle_fsm: Cabin 2: COLLECTING -> PROCESSING (angle 280.6бу reached end 276.0бу (4 points), 0.417s)
2026-03-18 20:02:44,590 [INFO] core.cycle_fsm: Cabin 13: IDLE -> COLLECTING (angle 101.1бу crossed 100.0бу)
2026-03-18 20:02:44,590 [INFO] core.cycle_fsm: Cabin 14: IDLE -> COLLECTING (angle 104.0бу crossed 100.0бу)
2026-03-18 20:02:44,592 [INFO] core.cycle_fsm: Cabin 1: COLLECTING -> PROCESSING (angle 280.2бу reached end 276.0бу (4 points), 0.378s)
2026-03-18 20:02:44,592 [INFO] core.cycle_fsm: Cabin 25: COLLECTING -> PROCESSING (angle 279.0бу reached end 276.0бу (4 points), 0.378s)
2026-03-18 20:02:44,595 [INFO] pipeline.processing_loop: Cabin 1: OK (prob=1.0000, conf=1.0000, points=4, 1.5ms)
2026-03-18 20:02:44,598 [INFO] pipeline.processing_loop: Cabin 2: LEAK (prob=0.0015, conf=0.9985, points=4, 1.1ms)
2026-03-18 20:02:44,598 [INFO] pipeline.processing_loop: Cabin 25: NO_BOTTLE (max=3.0 < 50.0, points=4)
2026-03-18 20:02:44,652 [INFO] core.cycle_fsm: Cabin 24: COLLECTING -> PROCESSING (angle 281.1бу reached end 276.0бу (4 points), 0.427s)
2026-03-18 20:02:44,655 [INFO] pipeline.processing_loop: Cabin 24: LEAK (prob=0.0025, conf=0.9975, points=4, 1.3ms)
2026-03-18 20:02:44,707 [INFO] core.cycle_fsm: Cabin 22: COLLECTING -> PROCESSING (angle 279.7бу reached end 276.0бу (4 points), 0.409s)
2026-03-18 20:02:44,708 [INFO] core.cycle_fsm: Cabin 10: IDLE -> COLLECTING (angle 103.2бу crossed 100.0бу)
2026-03-18 20:02:44,709 [INFO] core.cycle_fsm: Cabin 11: IDLE -> COLLECTING (angle 104.5бу crossed 100.0бу)
2026-03-18 20:02:44,709 [INFO] core.cycle_fsm: Cabin 12: IDLE -> COLLECTING (angle 101.2бу crossed 100.0бу)
2026-03-18 20:02:44,710 [INFO] core.cycle_fsm: Cabin 7: IDLE -> COLLECTING (angle 102.0бу crossed 100.0бу)
2026-03-18 20:02:44,711 [INFO] core.cycle_fsm: Cabin 20: COLLECTING -> PROCESSING (angle 280.6бу reached end 276.0бу (4 points), 0.391s)
2026-03-18 20:02:44,712 [INFO] core.cycle_fsm: Cabin 23: COLLECTING -> PROCESSING (angle 279.2бу reached end 276.0бу (4 points), 0.392s)
2026-03-18 20:02:44,712 [INFO] core.cycle_fsm: Cabin 9: IDLE -> COLLECTING (angle 100.4бу crossed 100.0бу)
2026-03-18 20:02:44,713 [INFO] core.cycle_fsm: Cabin 8: IDLE -> COLLECTING (angle 102.1бу crossed 100.0бу)
2026-03-18 20:02:44,713 [INFO] pipeline.processing_loop: Cabin 20: NO_BOTTLE (max=3.4 < 50.0, points=4)
2026-03-18 20:02:44,716 [INFO] pipeline.processing_loop: Cabin 22: LEAK (prob=0.0002, conf=0.9998, points=4, 1.1ms)
2026-03-18 20:02:44,720 [INFO] pipeline.processing_loop: Cabin 23: OK (prob=0.3830, conf=0.3830, points=4, 1.3ms)
2026-03-18 20:02:44,772 [INFO] core.cycle_fsm: Cabin 21: COLLECTING -> PROCESSING (angle 279.9бу reached end 276.0бу (4 points), 0.431s)
2026-03-18 20:02:44,774 [INFO] core.cycle_fsm: Cabin 19: COLLECTING -> PROCESSING (angle 276.3бу reached end 276.0бу (4 points), 0.390s)
2026-03-18 20:02:44,774 [INFO] core.cycle_fsm: Cabin 5: IDLE -> COLLECTING (angle 101.0бу crossed 100.0бу)
2026-03-18 20:02:44,777 [INFO] pipeline.processing_loop: Cabin 19: OK (prob=1.0000, conf=1.0000, points=4, 1.2ms)
2026-03-18 20:02:44,778 [INFO] pipeline.processing_loop: Cabin 21: OK (prob=1.0000, conf=1.0000, points=4, 0.9ms)
2026-03-18 20:02:44,831 [INFO] core.cycle_fsm: Cabin 6: IDLE -> COLLECTING (angle 103.1бу crossed 100.0бу)
2026-03-18 20:02:44,832 [INFO] core.cycle_fsm: Cabin 18: COLLECTING -> PROCESSING (angle 279.8бу reached end 276.0бу (4 points), 0.385s)
2026-03-18 20:02:44,834 [INFO] pipeline.processing_loop: Cabin 18: LEAK (prob=0.0700, conf=0.9300, points=4, 1.4ms)
2026-03-18 20:02:44,886 [INFO] core.cycle_fsm: Cabin 16: COLLECTING -> PROCESSING (angle 277.8бу reached end 276.0бу (4 points), 0.407s)
2026-03-18 20:02:44,888 [INFO] core.cycle_fsm: Cabin 3: IDLE -> COLLECTING (angle 100.2бу crossed 100.0бу)
2026-03-18 20:02:44,890 [INFO] core.cycle_fsm: Cabin 17: COLLECTING -> PROCESSING (angle 276.1бу reached end 276.0бу (4 points), 0.399s)
2026-03-18 20:02:44,890 [INFO] core.cycle_fsm: Cabin 4: IDLE -> COLLECTING (angle 104.9бу crossed 100.0бу)
2026-03-18 20:02:44,891 [INFO] core.cycle_fsm: Cabin 15: COLLECTING -> PROCESSING (angle 279.8бу reached end 276.0бу (4 points), 0.380s)
2026-03-18 20:02:44,893 [INFO] pipeline.processing_loop: Cabin 15: NO_BOTTLE (max=5.4 < 50.0, points=4)
2026-03-18 20:02:44,896 [INFO] pipeline.processing_loop: Cabin 16: LEAK (prob=0.0005, conf=0.9995, points=4, 2.0ms)
2026-03-18 20:02:44,899 [INFO] pipeline.processing_loop: Cabin 17: OK (prob=0.7307, conf=0.7307, points=4, 1.9ms)
2026-03-18 20:02:44,956 [INFO] core.cycle_fsm: Cabin 13: COLLECTING -> PROCESSING (angle 277.5бу reached end 276.0бу (4 points), 0.424s)
2026-03-18 20:02:44,958 [INFO] core.cycle_fsm: Cabin 14: COLLECTING -> PROCESSING (angle 280.4бу reached end 276.0бу (4 points), 0.425s)
2026-03-18 20:02:44,959 [INFO] core.cycle_fsm: Cabin 2: IDLE -> COLLECTING (angle 104.5бу crossed 100.0бу)
2026-03-18 20:02:44,959 [INFO] core.cycle_fsm: Cabin 1: IDLE -> COLLECTING (angle 102.4бу crossed 100.0бу)
2026-03-18 20:02:44,961 [INFO] core.cycle_fsm: Cabin 25: IDLE -> COLLECTING (angle 101.0бу crossed 100.0бу)
2026-03-18 20:02:44,968 [INFO] pipeline.processing_loop: Cabin 13: OK (prob=0.9498, conf=0.9498, points=4, 5.9ms)
2026-03-18 20:02:44,978 [INFO] pipeline.processing_loop: Cabin 14: LEAK (prob=0.0041, conf=0.9959, points=4, 9.1ms)
2026-03-18 20:02:45,031 [INFO] core.cycle_fsm: Cabin 24: IDLE -> COLLECTING (angle 104.3бу crossed 100.0бу)
2026-03-18 20:02:45,032 [INFO] core.cycle_fsm: Cabin 10: COLLECTING -> PROCESSING (angle 276.2бу reached end 276.0бу (4 points), 0.363s)
2026-03-18 20:02:45,033 [INFO] core.cycle_fsm: Cabin 11: COLLECTING -> PROCESSING (angle 276.3бу reached end 276.0бу (4 points), 0.364s)
2026-03-18 20:02:45,034 [INFO] core.cycle_fsm: Cabin 12: COLLECTING -> PROCESSING (angle 277.4бу reached end 276.0бу (4 points), 0.365s)
2026-03-18 20:02:45,034 [INFO] core.cycle_fsm: Cabin 22: IDLE -> COLLECTING (angle 102.2бу crossed 100.0бу)
2026-03-18 20:02:45,035 [INFO] pipeline.processing_loop: Cabin 10: NO_BOTTLE (max=4.5 < 50.0, points=4)
2026-03-18 20:02:45,038 [INFO] pipeline.processing_loop: Cabin 11: OK (prob=0.8756, conf=0.8756, points=4, 1.1ms)
2026-03-18 20:02:45,040 [INFO] pipeline.processing_loop: Cabin 12: LEAK (prob=0.1727, conf=0.8273, points=4, 1.0ms)
2026-03-18 20:02:45,093 [INFO] core.cycle_fsm: Cabin 7: COLLECTING -> PROCESSING (angle 278.7бу reached end 276.0бу (4 points), 0.413s)
2026-03-18 20:02:45,094 [INFO] core.cycle_fsm: Cabin 9: COLLECTING -> PROCESSING (angle 277.2бу reached end 276.0бу (4 points), 0.404s)
2026-03-18 20:02:45,094 [INFO] core.cycle_fsm: Cabin 20: IDLE -> COLLECTING (angle 102.2бу crossed 100.0бу)
2026-03-18 20:02:45,094 [INFO] core.cycle_fsm: Cabin 23: IDLE -> COLLECTING (angle 101.8бу crossed 100.0бу)
2026-03-18 20:02:45,096 [INFO] core.cycle_fsm: Cabin 8: COLLECTING -> PROCESSING (angle 280.1бу reached end 276.0бу (4 points), 0.395s)
2026-03-18 20:02:45,097 [INFO] core.cycle_fsm: Cabin 21: IDLE -> COLLECTING (angle 101.1бу crossed 100.0бу)
2026-03-18 20:02:45,099 [INFO] pipeline.processing_loop: Cabin 7: OK (prob=0.9479, conf=0.9479, points=4, 1.2ms)
2026-03-18 20:02:45,100 [INFO] pipeline.processing_loop: Cabin 8: LEAK (prob=0.0458, conf=0.9542, points=4, 1.0ms)
2026-03-18 20:02:45,103 [INFO] pipeline.processing_loop: Cabin 9: OK (prob=0.8426, conf=0.8426, points=4, 0.9ms)
2026-03-18 20:02:45,155 [INFO] core.cycle_fsm: Cabin 19: IDLE -> COLLECTING (angle 101.1бу crossed 100.0бу)
2026-03-18 20:02:45,157 [INFO] core.cycle_fsm: Cabin 5: COLLECTING -> PROCESSING (angle 276.3бу reached end 276.0бу (4 points), 0.393s)
2026-03-18 20:02:45,158 [INFO] core.cycle_fsm: Cabin 6: COLLECTING -> PROCESSING (angle 279.1бу reached end 276.0бу (4 points), 0.384s)
2026-03-18 20:02:45,158 [INFO] pipeline.processing_loop: Cabin 5: NO_BOTTLE (max=2.8 < 50.0, points=4)
2026-03-18 20:02:45,187 [INFO] pipeline.processing_loop: Cabin 6: LEAK (prob=0.0027, conf=0.9973, points=4, 1.5ms)
2026-03-18 20:02:45,241 [INFO] core.cycle_fsm: Cabin 18: IDLE -> COLLECTING (angle 102.2бу crossed 100.0бу)
2026-03-18 20:02:45,242 [INFO] core.cycle_fsm: Cabin 4: COLLECTING -> PROCESSING (angle 277.3бу reached end 276.0бу (4 points), 0.383s)
2026-03-18 20:02:45,242 [INFO] core.cycle_fsm: Cabin 3: COLLECTING -> PROCESSING (angle 279.8бу reached end 276.0бу (4 points), 0.394s)
2026-03-18 20:02:45,244 [INFO] core.cycle_fsm: Cabin 16: IDLE -> COLLECTING (angle 104.8бу crossed 100.0бу)
2026-03-18 20:02:45,244 [INFO] core.cycle_fsm: Cabin 17: IDLE -> COLLECTING (angle 102.5бу crossed 100.0бу)
2026-03-18 20:02:45,247 [INFO] pipeline.processing_loop: Cabin 3: OK (prob=0.9999, conf=0.9999, points=4, 1.3ms)
2026-03-18 20:02:45,250 [INFO] pipeline.processing_loop: Cabin 4: LEAK (prob=0.0024, conf=0.9976, points=4, 1.2ms)
2026-03-18 20:02:45,302 [INFO] core.cycle_fsm: Cabin 15: IDLE -> COLLECTING (angle 103.7бу crossed 100.0бу)
2026-03-18 20:02:45,304 [INFO] core.cycle_fsm: Cabin 2: COLLECTING -> PROCESSING (angle 277.0бу reached end 276.0бу (4 points), 0.402s)
2026-03-18 20:02:45,305 [INFO] core.cycle_fsm: Cabin 14: IDLE -> COLLECTING (angle 103.3бу crossed 100.0бу)
2026-03-18 20:02:45,306 [INFO] core.cycle_fsm: Cabin 13: IDLE -> COLLECTING (angle 104.0бу crossed 100.0бу)
2026-03-18 20:02:45,307 [INFO] pipeline.processing_loop: Cabin 2: LEAK (prob=0.0015, conf=0.9985, points=4, 1.2ms)
2026-03-18 20:02:45,360 [INFO] core.cycle_fsm: Cabin 1: COLLECTING -> PROCESSING (angle 279.7бу reached end 276.0бу (4 points), 0.415s)
2026-03-18 20:02:45,361 [INFO] core.cycle_fsm: Cabin 25: COLLECTING -> PROCESSING (angle 277.0бу reached end 276.0бу (4 points), 0.417s)
2026-03-18 20:02:45,361 [INFO] core.cycle_fsm: Cabin 24: COLLECTING -> PROCESSING (angle 280.2бу reached end 276.0бу (4 points), 0.394s)
2026-03-18 20:02:45,364 [INFO] pipeline.processing_loop: Cabin 1: OK (prob=1.0000, conf=1.0000, points=4, 1.3ms)
2026-03-18 20:02:45,366 [INFO] pipeline.processing_loop: Cabin 24: LEAK (prob=0.0095, conf=0.9905, points=4, 1.2ms)
2026-03-18 20:02:45,368 [INFO] pipeline.processing_loop: Cabin 25: NO_BOTTLE (max=2.4 < 50.0, points=4)
2026-03-18 20:02:45,421 [INFO] core.cycle_fsm: Cabin 22: COLLECTING -> PROCESSING (angle 279.9бу reached end 276.0бу (4 points), 0.391s)
2026-03-18 20:02:45,421 [INFO] core.cycle_fsm: Cabin 10: IDLE -> COLLECTING (angle 102.5бу crossed 100.0бу)
2026-03-18 20:02:45,422 [INFO] core.cycle_fsm: Cabin 11: IDLE -> COLLECTING (angle 102.5бу crossed 100.0бу)
2026-03-18 20:02:45,422 [INFO] core.cycle_fsm: Cabin 7: IDLE -> COLLECTING (angle 100.7бу crossed 100.0бу)
2026-03-18 20:02:45,424 [INFO] core.cycle_fsm: Cabin 12: IDLE -> COLLECTING (angle 103.9бу crossed 100.0бу)
2026-03-18 20:02:45,425 [INFO] core.cycle_fsm: Cabin 20: COLLECTING -> PROCESSING (angle 279.1бу reached end 276.0бу (4 points), 0.374s)
2026-03-18 20:02:45,425 [INFO] core.cycle_fsm: Cabin 23: COLLECTING -> PROCESSING (angle 279.4бу reached end 276.0бу (4 points), 0.374s)
2026-03-18 20:02:45,427 [INFO] pipeline.processing_loop: Cabin 20: NO_BOTTLE (max=1.2 < 50.0, points=4)
2026-03-18 20:02:45,430 [INFO] pipeline.processing_loop: Cabin 22: LEAK (prob=0.0002, conf=0.9998, points=4, 1.4ms)
2026-03-18 20:02:45,432 [INFO] pipeline.processing_loop: Cabin 23: OK (prob=0.7388, conf=0.7388, points=4, 1.1ms)
2026-03-18 20:02:45,484 [INFO] core.cycle_fsm: Cabin 8: IDLE -> COLLECTING (angle 100.9бу crossed 100.0бу)
2026-03-18 20:02:45,486 [INFO] core.cycle_fsm: Cabin 9: IDLE -> COLLECTING (angle 103.8бу crossed 100.0бу)
2026-03-18 20:02:45,486 [INFO] core.cycle_fsm: Cabin 21: COLLECTING -> PROCESSING (angle 279.4бу reached end 276.0бу (4 points), 0.403s)
2026-03-18 20:02:45,487 [INFO] core.cycle_fsm: Cabin 19: COLLECTING -> PROCESSING (angle 277.9бу reached end 276.0бу (4 points), 0.373s)
2026-03-18 20:02:45,489 [INFO] pipeline.processing_loop: Cabin 19: OK (prob=1.0000, conf=1.0000, points=4, 1.2ms)
2026-03-18 20:02:45,492 [INFO] pipeline.processing_loop: Cabin 21: OK (prob=0.9170, conf=0.9170, points=4, 1.5ms)
2026-03-18 20:02:45,544 [INFO] core.cycle_fsm: Cabin 5: IDLE -> COLLECTING (angle 101.6бу crossed 100.0бу)
2026-03-18 20:02:45,546 [INFO] core.cycle_fsm: Cabin 6: IDLE -> COLLECTING (angle 101.0бу crossed 100.0бу)
2026-03-18 20:02:45,547 [INFO] core.cycle_fsm: Cabin 18: COLLECTING -> PROCESSING (angle 278.5бу reached end 276.0бу (4 points), 0.369s)
2026-03-18 20:02:45,549 [INFO] pipeline.processing_loop: Cabin 18: LEAK (prob=0.0046, conf=0.9954, points=4, 1.5ms)
2026-03-18 20:02:45,601 [INFO] core.cycle_fsm: Cabin 16: COLLECTING -> PROCESSING (angle 276.8бу reached end 276.0бу (4 points), 0.381s)
2026-03-18 20:02:45,603 [INFO] core.cycle_fsm: Cabin 3: IDLE -> COLLECTING (angle 103.0бу crossed 100.0бу)
2026-03-18 20:02:45,603 [INFO] core.cycle_fsm: Cabin 4: IDLE -> COLLECTING (angle 105.1бу crossed 100.0бу)
2026-03-18 20:02:45,605 [INFO] core.cycle_fsm: Cabin 15: COLLECTING -> PROCESSING (angle 276.2бу reached end 276.0бу (4 points), 0.363s)
2026-03-18 20:02:45,605 [INFO] core.cycle_fsm: Cabin 17: COLLECTING -> PROCESSING (angle 279.4бу reached end 276.0бу (4 points), 0.374s)
2026-03-18 20:02:45,606 [INFO] pipeline.processing_loop: Cabin 15: NO_BOTTLE (max=3.7 < 50.0, points=4)
2026-03-18 20:02:45,610 [INFO] pipeline.processing_loop: Cabin 16: LEAK (prob=0.0004, conf=0.9996, points=4, 1.3ms)
2026-03-18 20:02:45,612 [INFO] pipeline.processing_loop: Cabin 17: OK (prob=0.7592, conf=0.7592, points=4, 1.2ms)
2026-03-18 20:02:45,664 [INFO] core.cycle_fsm: Cabin 14: COLLECTING -> PROCESSING (angle 278.2бу reached end 276.0бу (4 points), 0.402s)
2026-03-18 20:02:45,665 [INFO] core.cycle_fsm: Cabin 2: IDLE -> COLLECTING (angle 101.7бу crossed 100.0бу)
2026-03-18 20:02:45,666 [INFO] core.cycle_fsm: Cabin 13: COLLECTING -> PROCESSING (angle 278.8бу reached end 276.0бу (4 points), 0.393s)
2026-03-18 20:02:45,669 [INFO] pipeline.processing_loop: Cabin 13: OK (prob=1.0000, conf=1.0000, points=4, 1.2ms)
2026-03-18 20:02:45,671 [INFO] pipeline.processing_loop: Cabin 14: LEAK (prob=0.0056, conf=0.9944, points=4, 1.6ms)
2026-03-18 20:02:45,724 [INFO] core.cycle_fsm: Cabin 1: IDLE -> COLLECTING (angle 101.3бу crossed 100.0бу)
2026-03-18 20:02:45,725 [INFO] core.cycle_fsm: Cabin 25: IDLE -> COLLECTING (angle 103.3бу crossed 100.0бу)
2026-03-18 20:02:45,726 [INFO] core.cycle_fsm: Cabin 24: IDLE -> COLLECTING (angle 101.9бу crossed 100.0бу)
2026-03-18 20:02:45,778 [INFO] core.cycle_fsm: Cabin 10: COLLECTING -> PROCESSING (angle 279.6бу reached end 276.0бу (4 points), 0.379s)
2026-03-18 20:02:45,778 [INFO] core.cycle_fsm: Cabin 11: COLLECTING -> PROCESSING (angle 278.0бу reached end 276.0бу (4 points), 0.379s)
2026-03-18 20:02:45,779 [INFO] core.cycle_fsm: Cabin 22: IDLE -> COLLECTING (angle 102.2бу crossed 100.0бу)
2026-03-18 20:02:45,779 [INFO] core.cycle_fsm: Cabin 7: COLLECTING -> PROCESSING (angle 276.3бу reached end 276.0бу (4 points), 0.369s)
2026-03-18 20:02:45,781 [INFO] core.cycle_fsm: Cabin 12: COLLECTING -> PROCESSING (angle 281.3бу reached end 276.0бу (4 points), 0.371s)
2026-03-18 20:02:45,783 [INFO] pipeline.processing_loop: Cabin 7: OK (prob=1.0000, conf=1.0000, points=4, 1.3ms)
2026-03-18 20:02:45,784 [INFO] pipeline.processing_loop: Cabin 10: NO_BOTTLE (max=4.8 < 50.0, points=4)
2026-03-18 20:02:45,788 [INFO] pipeline.processing_loop: Cabin 11: OK (prob=0.6533, conf=0.6533, points=4, 1.3ms)
2026-03-18 20:02:45,791 [INFO] pipeline.processing_loop: Cabin 12: LEAK (prob=0.0011, conf=0.9989, points=4, 1.1ms)
2026-03-18 20:02:45,843 [INFO] core.cycle_fsm: Cabin 9: COLLECTING -> PROCESSING (angle 276.2бу reached end 276.0бу (4 points), 0.412s)
2026-03-18 20:02:45,844 [INFO] core.cycle_fsm: Cabin 20: IDLE -> COLLECTING (angle 101.3бу crossed 100.0бу)
2026-03-18 20:02:45,845 [INFO] core.cycle_fsm: Cabin 23: IDLE -> COLLECTING (angle 100.7бу crossed 100.0бу)
2026-03-18 20:02:45,845 [INFO] core.cycle_fsm: Cabin 8: COLLECTING -> PROCESSING (angle 276.1бу reached end 276.0бу (4 points), 0.414s)
2026-03-18 20:02:45,847 [INFO] core.cycle_fsm: Cabin 21: IDLE -> COLLECTING (angle 101.0бу crossed 100.0бу)
2026-03-18 20:02:45,849 [INFO] pipeline.processing_loop: Cabin 8: LEAK (prob=0.0022, conf=0.9978, points=4, 1.3ms)
2026-03-18 20:02:45,851 [INFO] pipeline.processing_loop: Cabin 9: OK (prob=0.9211, conf=0.9211, points=4, 1.3ms)
2026-03-18 20:02:45,904 [INFO] core.cycle_fsm: Cabin 19: IDLE -> COLLECTING (angle 100.4бу crossed 100.0бу)
2026-03-18 20:02:45,905 [INFO] core.cycle_fsm: Cabin 5: COLLECTING -> PROCESSING (angle 277.0бу reached end 276.0бу (4 points), 0.399s)
2026-03-18 20:02:45,906 [INFO] core.cycle_fsm: Cabin 6: COLLECTING -> PROCESSING (angle 278.1бу reached end 276.0бу (4 points), 0.400s)
2026-03-18 20:02:45,908 [INFO] pipeline.processing_loop: Cabin 5: NO_BOTTLE (max=2.8 < 50.0, points=4)
2026-03-18 20:02:45,911 [INFO] pipeline.processing_loop: Cabin 6: LEAK (prob=0.0009, conf=0.9991, points=4, 1.3ms)
2026-03-18 20:02:45,963 [INFO] core.cycle_fsm: Cabin 18: IDLE -> COLLECTING (angle 103.5бу crossed 100.0бу)
2026-03-18 20:02:45,964 [INFO] core.cycle_fsm: Cabin 3: COLLECTING -> PROCESSING (angle 276.6бу reached end 276.0бу (4 points), 0.372s)
2026-03-18 20:02:45,965 [INFO] core.cycle_fsm: Cabin 4: COLLECTING -> PROCESSING (angle 277.3бу reached end 276.0бу (4 points), 0.374s)
2026-03-18 20:02:45,966 [INFO] core.cycle_fsm: Cabin 16: IDLE -> COLLECTING (angle 100.6бу crossed 100.0бу)
2026-03-18 20:02:45,970 [INFO] pipeline.processing_loop: Cabin 3: OK (prob=0.9748, conf=0.9748, points=4, 1.9ms)
2026-03-18 20:02:45,972 [INFO] pipeline.processing_loop: Cabin 4: LEAK (prob=0.0012, conf=0.9988, points=4, 1.1ms)
2026-03-18 20:02:46,023 [INFO] core.cycle_fsm: Cabin 17: IDLE -> COLLECTING (angle 101.7бу crossed 100.0бу)
2026-03-18 20:02:46,025 [INFO] core.cycle_fsm: Cabin 15: IDLE -> COLLECTING (angle 103.3бу crossed 100.0бу)
2026-03-18 20:02:46,025 [INFO] core.cycle_fsm: Cabin 2: COLLECTING -> PROCESSING (angle 277.2бу reached end 276.0бу (4 points), 0.390s)
2026-03-18 20:02:46,026 [INFO] core.cycle_fsm: Cabin 14: IDLE -> COLLECTING (angle 100.1бу crossed 100.0бу)
2026-03-18 20:02:46,028 [INFO] core.cycle_fsm: Cabin 13: IDLE -> COLLECTING (angle 102.3бу crossed 100.0бу)
2026-03-18 20:02:46,029 [INFO] pipeline.processing_loop: Cabin 2: LEAK (prob=0.0066, conf=0.9934, points=4, 1.4ms)
2026-03-18 20:02:46,083 [INFO] core.cycle_fsm: Cabin 1: COLLECTING -> PROCESSING (angle 277.8бу reached end 276.0бу (4 points), 0.405s)
2026-03-18 20:02:46,083 [INFO] core.cycle_fsm: Cabin 25: COLLECTING -> PROCESSING (angle 281.3бу reached end 276.0бу (4 points), 0.395s)
2026-03-18 20:02:46,084 [INFO] core.cycle_fsm: Cabin 24: COLLECTING -> PROCESSING (angle 280.7бу reached end 276.0бу (4 points), 0.385s)
2026-03-18 20:02:46,086 [INFO] pipeline.processing_loop: Cabin 1: OK (prob=0.9649, conf=0.9649, points=4, 1.2ms)
2026-03-18 20:02:46,089 [INFO] pipeline.processing_loop: Cabin 24: LEAK (prob=0.0031, conf=0.9969, points=4, 0.9ms)
2026-03-18 20:02:46,089 [INFO] pipeline.processing_loop: Cabin 25: NO_BOTTLE (max=5.7 < 50.0, points=4)
2026-03-18 20:02:46,142 [INFO] core.cycle_fsm: Cabin 22: COLLECTING -> PROCESSING (angle 278.6бу reached end 276.0бу (4 points), 0.380s)
2026-03-18 20:02:46,143 [INFO] core.cycle_fsm: Cabin 10: IDLE -> COLLECTING (angle 101.4бу crossed 100.0бу)
2026-03-18 20:02:46,144 [INFO] core.cycle_fsm: Cabin 11: IDLE -> COLLECTING (angle 101.3бу crossed 100.0бу)
2026-03-18 20:02:46,146 [INFO] pipeline.processing_loop: Cabin 22: LEAK (prob=0.0008, conf=0.9992, points=4, 1.5ms)
2026-03-18 20:02:46,199 [INFO] core.cycle_fsm: Cabin 12: IDLE -> COLLECTING (angle 103.4бу crossed 100.0бу)
2026-03-18 20:02:46,199 [INFO] core.cycle_fsm: Cabin 20: COLLECTING -> PROCESSING (angle 277.1бу reached end 276.0бу (4 points), 0.417s)
2026-03-18 20:02:46,200 [INFO] core.cycle_fsm: Cabin 23: COLLECTING -> PROCESSING (angle 278.3бу reached end 276.0бу (4 points), 0.418s)
2026-03-18 20:02:46,200 [INFO] core.cycle_fsm: Cabin 7: IDLE -> COLLECTING (angle 102.8бу crossed 100.0бу)
2026-03-18 20:02:46,202 [INFO] core.cycle_fsm: Cabin 9: IDLE -> COLLECTING (angle 104.6бу crossed 100.0бу)
2026-03-18 20:02:46,202 [INFO] core.cycle_fsm: Cabin 8: IDLE -> COLLECTING (angle 105.3бу crossed 100.0бу)
2026-03-18 20:02:46,204 [INFO] core.cycle_fsm: Cabin 21: COLLECTING -> PROCESSING (angle 279.7бу reached end 276.0бу (4 points), 0.389s)
2026-03-18 20:02:46,204 [INFO] pipeline.processing_loop: Cabin 20: NO_BOTTLE (max=3.0 < 50.0, points=4)
2026-03-18 20:02:46,207 [INFO] pipeline.processing_loop: Cabin 21: OK (prob=0.8512, conf=0.8512, points=4, 1.4ms)
2026-03-18 20:02:46,210 [INFO] pipeline.processing_loop: Cabin 23: OK (prob=0.7388, conf=0.7388, points=4, 0.9ms)
2026-03-18 20:02:46,262 [INFO] core.cycle_fsm: Cabin 19: COLLECTING -> PROCESSING (angle 280.7бу reached end 276.0бу (4 points), 0.416s)
2026-03-18 20:02:46,263 [INFO] core.cycle_fsm: Cabin 6: IDLE -> COLLECTING (angle 100.6бу crossed 100.0бу)
2026-03-18 20:02:46,264 [INFO] core.cycle_fsm: Cabin 5: IDLE -> COLLECTING (angle 104.6бу crossed 100.0бу)
2026-03-18 20:02:46,267 [INFO] pipeline.processing_loop: Cabin 19: OK (prob=0.7307, conf=0.7307, points=4, 1.2ms)
2026-03-18 20:02:46,318 [INFO] core.cycle_fsm: Cabin 18: COLLECTING -> PROCESSING (angle 280.5бу reached end 276.0бу (4 points), 0.397s)
2026-03-18 20:02:46,320 [INFO] core.cycle_fsm: Cabin 16: COLLECTING -> PROCESSING (angle 276.3бу reached end 276.0бу (4 points), 0.377s)
2026-03-18 20:02:46,323 [INFO] pipeline.processing_loop: Cabin 16: LEAK (prob=0.0004, conf=0.9996, points=4, 1.5ms)
2026-03-18 20:02:46,325 [INFO] pipeline.processing_loop: Cabin 18: LEAK (prob=0.0006, conf=0.9994, points=4, 0.9ms)
2026-03-18 20:02:46,377 [INFO] core.cycle_fsm: Cabin 3: IDLE -> COLLECTING (angle 104.7бу crossed 100.0бу)
2026-03-18 20:02:46,379 [INFO] core.cycle_fsm: Cabin 4: IDLE -> COLLECTING (angle 104.9бу crossed 100.0бу)
2026-03-18 20:02:46,379 [INFO] core.cycle_fsm: Cabin 17: COLLECTING -> PROCESSING (angle 277.7бу reached end 276.0бу (4 points), 0.415s)
2026-03-18 20:02:46,380 [INFO] core.cycle_fsm: Cabin 15: COLLECTING -> PROCESSING (angle 278.6бу reached end 276.0бу (4 points), 0.406s)
2026-03-18 20:02:46,380 [INFO] core.cycle_fsm: Cabin 14: COLLECTING -> PROCESSING (angle 277.0бу reached end 276.0бу (4 points), 0.385s)
2026-03-18 20:02:46,382 [INFO] core.cycle_fsm: Cabin 13: COLLECTING -> PROCESSING (angle 279.2бу reached end 276.0бу (4 points), 0.376s)
2026-03-18 20:02:46,385 [INFO] pipeline.processing_loop: Cabin 13: OK (prob=0.9387, conf=0.9387, points=4, 1.5ms)
2026-03-18 20:02:46,386 [INFO] pipeline.processing_loop: Cabin 14: LEAK (prob=0.0023, conf=0.9977, points=4, 1.1ms)
2026-03-18 20:02:46,388 [INFO] pipeline.processing_loop: Cabin 15: NO_BOTTLE (max=4.5 < 50.0, points=4)
2026-03-18 20:02:46,391 [INFO] pipeline.processing_loop: Cabin 17: OK (prob=0.9237, conf=0.9237, points=4, 1.0ms)
2026-03-18 20:02:46,443 [INFO] core.cycle_fsm: Cabin 2: IDLE -> COLLECTING (angle 103.8бу crossed 100.0бу)
2026-03-18 20:02:46,443 [INFO] core.cycle_fsm: Cabin 1: IDLE -> COLLECTING (angle 104.9бу crossed 100.0бу)
2026-03-18 20:02:46,445 [INFO] core.cycle_fsm: Cabin 25: IDLE -> COLLECTING (angle 102.8бу crossed 100.0бу)
2026-03-18 20:02:46,445 [INFO] core.cycle_fsm: Cabin 24: IDLE -> COLLECTING (angle 103.6бу crossed 100.0бу)
2026-03-18 20:02:46,497 [INFO] core.cycle_fsm: Cabin 10: COLLECTING -> PROCESSING (angle 279.6бу reached end 276.0бу (4 points), 0.364s)
2026-03-18 20:02:46,498 [INFO] core.cycle_fsm: Cabin 11: COLLECTING -> PROCESSING (angle 278.7бу reached end 276.0бу (4 points), 0.365s)
2026-03-18 20:02:46,498 [INFO] core.cycle_fsm: Cabin 22: IDLE -> COLLECTING (angle 101.6бу crossed 100.0бу)
2026-03-18 20:02:46,500 [INFO] pipeline.processing_loop: Cabin 10: NO_BOTTLE (max=3.5 < 50.0, points=4)
2026-03-18 20:02:46,501 [INFO] pipeline.processing_loop: Cabin 11: OK (prob=0.8665, conf=0.8665, points=4, 1.0ms)
2026-03-18 20:02:46,554 [INFO] core.cycle_fsm: Cabin 12: COLLECTING -> PROCESSING (angle 281.0бу reached end 276.0бу (4 points), 0.410s)
2026-03-18 20:02:46,556 [INFO] core.cycle_fsm: Cabin 7: COLLECTING -> PROCESSING (angle 279.6бу reached end 276.0бу (4 points), 0.401s)
2026-03-18 20:02:46,556 [INFO] core.cycle_fsm: Cabin 9: COLLECTING -> PROCESSING (angle 281.0бу reached end 276.0бу (4 points), 0.390s)
2026-03-18 20:02:46,557 [INFO] core.cycle_fsm: Cabin 20: IDLE -> COLLECTING (angle 104.7бу crossed 100.0бу)
2026-03-18 20:02:46,559 [INFO] core.cycle_fsm: Cabin 23: IDLE -> COLLECTING (angle 104.9бу crossed 100.0бу)
2026-03-18 20:02:46,559 [INFO] core.cycle_fsm: Cabin 8: COLLECTING -> PROCESSING (angle 280.5бу reached end 276.0бу (4 points), 0.383s)
2026-03-18 20:02:46,560 [INFO] core.cycle_fsm: Cabin 21: IDLE -> COLLECTING (angle 100.5бу crossed 100.0бу)
2026-03-18 20:02:46,562 [INFO] pipeline.processing_loop: Cabin 7: OK (prob=0.9601, conf=0.9601, points=4, 1.4ms)
2026-03-18 20:02:46,565 [INFO] pipeline.processing_loop: Cabin 8: LEAK (prob=0.0017, conf=0.9983, points=4, 1.0ms)
2026-03-18 20:02:46,566 [INFO] pipeline.processing_loop: Cabin 9: OK (prob=1.0000, conf=1.0000, points=4, 1.0ms)
2026-03-18 20:02:46,569 [INFO] pipeline.processing_loop: Cabin 12: LEAK (prob=0.0060, conf=0.9940, points=4, 1.0ms)
2026-03-18 20:02:46,622 [INFO] core.cycle_fsm: Cabin 19: IDLE -> COLLECTING (angle 101.7бу crossed 100.0бу)
2026-03-18 20:02:46,623 [INFO] core.cycle_fsm: Cabin 5: COLLECTING -> PROCESSING (angle 276.6бу reached end 276.0бу (4 points), 0.374s)
2026-03-18 20:02:46,623 [INFO] core.cycle_fsm: Cabin 6: COLLECTING -> PROCESSING (angle 277.6бу reached end 276.0бу (4 points), 0.385s)
2026-03-18 20:02:46,625 [INFO] pipeline.processing_loop: Cabin 5: NO_BOTTLE (max=3.1 < 50.0, points=4)
2026-03-18 20:02:46,627 [INFO] pipeline.processing_loop: Cabin 6: LEAK (prob=0.0012, conf=0.9988, points=4, 1.1ms)
2026-03-18 20:02:46,679 [INFO] core.cycle_fsm: Cabin 18: IDLE -> COLLECTING (angle 102.0бу crossed 100.0бу)
2026-03-18 20:02:46,681 [INFO] core.cycle_fsm: Cabin 3: COLLECTING -> PROCESSING (angle 276.5бу reached end 276.0бу (4 points), 0.357s)
2026-03-18 20:02:46,682 [INFO] core.cycle_fsm: Cabin 4: COLLECTING -> PROCESSING (angle 277.5бу reached end 276.0бу (4 points), 0.358s)
2026-03-18 20:02:46,684 [INFO] pipeline.processing_loop: Cabin 3: OK (prob=0.9462, conf=0.9462, points=4, 1.2ms)
2026-03-18 20:02:46,686 [INFO] pipeline.processing_loop: Cabin 4: LEAK (prob=0.0004, conf=0.9996, points=4, 1.1ms)
2026-03-18 20:02:46,738 [INFO] core.cycle_fsm: Cabin 16: IDLE -> COLLECTING (angle 100.8бу crossed 100.0бу)
2026-03-18 20:02:46,740 [INFO] core.cycle_fsm: Cabin 17: IDLE -> COLLECTING (angle 105.1бу crossed 100.0бу)
2026-03-18 20:02:46,740 [INFO] core.cycle_fsm: Cabin 15: IDLE -> COLLECTING (angle 105.1бу crossed 100.0бу)
2026-03-18 20:02:46,793 [INFO] core.cycle_fsm: Cabin 2: COLLECTING -> PROCESSING (angle 279.8бу reached end 276.0бу (4 points), 0.416s)
2026-03-18 20:02:46,793 [INFO] core.cycle_fsm: Cabin 14: IDLE -> COLLECTING (angle 104.2бу crossed 100.0бу)
2026-03-18 20:02:46,794 [INFO] core.cycle_fsm: Cabin 13: IDLE -> COLLECTING (angle 104.8бу crossed 100.0бу)
2026-03-18 20:02:46,795 [INFO] core.cycle_fsm: Cabin 1: COLLECTING -> PROCESSING (angle 281.3бу reached end 276.0бу (4 points), 0.375s)
2026-03-18 20:02:46,796 [INFO] core.cycle_fsm: Cabin 24: COLLECTING -> PROCESSING (angle 276.1бу reached end 276.0бу (4 points), 0.365s)
2026-03-18 20:02:46,796 [INFO] core.cycle_fsm: Cabin 25: COLLECTING -> PROCESSING (angle 279.8бу reached end 276.0бу (4 points), 0.376s)
2026-03-18 20:02:46,798 [INFO] pipeline.processing_loop: Cabin 1: OK (prob=1.0000, conf=1.0000, points=4, 1.2ms)
2026-03-18 20:02:46,801 [INFO] pipeline.processing_loop: Cabin 2: LEAK (prob=0.0005, conf=0.9995, points=4, 1.1ms)
2026-03-18 20:02:46,804 [INFO] pipeline.processing_loop: Cabin 24: LEAK (prob=0.0048, conf=0.9952, points=4, 1.3ms)
2026-03-18 20:02:46,806 [INFO] pipeline.processing_loop: Cabin 25: NO_BOTTLE (max=3.7 < 50.0, points=4)
2026-03-18 20:02:46,910 [INFO] core.cycle_fsm: Cabin 10: IDLE -> COLLECTING (angle 101.3бу crossed 100.0бу)
2026-03-18 20:02:46,911 [INFO] core.cycle_fsm: Cabin 11: IDLE -> COLLECTING (angle 100.7бу crossed 100.0бу)
2026-03-18 20:02:46,911 [INFO] core.cycle_fsm: Cabin 22: COLLECTING -> PROCESSING (angle 281.0бу reached end 276.0бу (4 points), 0.417s)
2026-03-18 20:02:46,912 [INFO] core.cycle_fsm: Cabin 12: IDLE -> COLLECTING (angle 104.5бу crossed 100.0бу)
2026-03-18 20:02:46,912 [INFO] core.cycle_fsm: Cabin 20: COLLECTING -> PROCESSING (angle 276.0бу reached end 276.0бу (4 points), 0.386s)
2026-03-18 20:02:46,914 [INFO] core.cycle_fsm: Cabin 23: COLLECTING -> PROCESSING (angle 276.3бу reached end 276.0бу (4 points), 0.387s)
2026-03-18 20:02:46,914 [INFO] core.cycle_fsm: Cabin 7: IDLE -> COLLECTING (angle 101.5бу crossed 100.0бу)
2026-03-18 20:02:46,914 [INFO] core.cycle_fsm: Cabin 9: IDLE -> COLLECTING (angle 103.6бу crossed 100.0бу)
2026-03-18 20:02:46,915 [INFO] core.cycle_fsm: Cabin 8: IDLE -> COLLECTING (angle 104.5бу crossed 100.0бу)
2026-03-18 20:02:46,915 [INFO] core.cycle_fsm: Cabin 21: COLLECTING -> PROCESSING (angle 279.4бу reached end 276.0бу (4 points), 0.368s)
2026-03-18 20:02:46,915 [INFO] pipeline.processing_loop: Cabin 20: NO_BOTTLE (max=1.9 < 50.0, points=4)
2026-03-18 20:02:46,919 [INFO] pipeline.processing_loop: Cabin 21: OK (prob=0.9998, conf=0.9998, points=4, 1.3ms)
2026-03-18 20:02:46,922 [INFO] pipeline.processing_loop: Cabin 22: LEAK (prob=0.0005, conf=0.9995, points=4, 1.3ms)
2026-03-18 20:02:46,925 [INFO] pipeline.processing_loop: Cabin 23: OK (prob=0.7110, conf=0.7110, points=4, 1.2ms)
2026-03-18 20:02:46,976 [INFO] core.cycle_fsm: Cabin 19: COLLECTING -> PROCESSING (angle 278.8бу reached end 276.0бу (4 points), 0.386s)
2026-03-18 20:02:46,980 [INFO] pipeline.processing_loop: Cabin 19: OK (prob=0.3640, conf=0.3640, points=4, 1.7ms)
2026-03-18 20:02:47,032 [INFO] core.cycle_fsm: Cabin 5: IDLE -> COLLECTING (angle 104.3бу crossed 100.0бу)
2026-03-18 20:02:47,034 [INFO] core.cycle_fsm: Cabin 6: IDLE -> COLLECTING (angle 104.6бу crossed 100.0бу)
2026-03-18 20:02:47,035 [INFO] core.cycle_fsm: Cabin 18: COLLECTING -> PROCESSING (angle 280.0бу reached end 276.0бу (4 points), 0.380s)
2026-03-18 20:02:47,036 [INFO] pipeline.processing_loop: Cabin 18: LEAK (prob=0.0013, conf=0.9987, points=4, 1.6ms)
2026-03-18 20:02:47,089 [INFO] core.cycle_fsm: Cabin 16: COLLECTING -> PROCESSING (angle 278.8бу reached end 276.0бу (4 points), 0.403s)
2026-03-18 20:02:47,090 [INFO] core.cycle_fsm: Cabin 3: IDLE -> COLLECTING (angle 105.0бу crossed 100.0бу)
2026-03-18 20:02:47,092 [INFO] core.cycle_fsm: Cabin 4: IDLE -> COLLECTING (angle 104.4бу crossed 100.0бу)
2026-03-18 20:02:47,092 [INFO] core.cycle_fsm: Cabin 17: COLLECTING -> PROCESSING (angle 276.1бу reached end 276.0бу (4 points), 0.385s)
2026-03-18 20:02:47,093 [INFO] core.cycle_fsm: Cabin 15: COLLECTING -> PROCESSING (angle 279.4бу reached end 276.0бу (4 points), 0.375s)
2026-03-18 20:02:47,094 [INFO] pipeline.processing_loop: Cabin 15: NO_BOTTLE (max=3.2 < 50.0, points=4)
2026-03-18 20:02:47,097 [INFO] pipeline.processing_loop: Cabin 16: LEAK (prob=0.0007, conf=0.9993, points=4, 1.3ms)
2026-03-18 20:02:47,101 [INFO] pipeline.processing_loop: Cabin 17: OK (prob=0.9237, conf=0.9237, points=4, 1.2ms)
2026-03-18 20:02:47,153 [INFO] core.cycle_fsm: Cabin 14: COLLECTING -> PROCESSING (angle 278.8бу reached end 276.0бу (4 points), 0.413s)
2026-03-18 20:02:47,154 [INFO] core.cycle_fsm: Cabin 2: IDLE -> COLLECTING (angle 101.6бу crossed 100.0бу)
2026-03-18 20:02:47,154 [INFO] core.cycle_fsm: Cabin 13: COLLECTING -> PROCESSING (angle 280.4бу reached end 276.0бу (4 points), 0.405s)
2026-03-18 20:02:47,156 [INFO] core.cycle_fsm: Cabin 1: IDLE -> COLLECTING (angle 101.6бу crossed 100.0бу)
2026-03-18 20:02:47,156 [INFO] core.cycle_fsm: Cabin 25: IDLE -> COLLECTING (angle 101.9бу crossed 100.0бу)
2026-03-18 20:02:47,159 [INFO] pipeline.processing_loop: Cabin 13: OK (prob=0.9810, conf=0.9810, points=4, 1.3ms)
2026-03-18 20:02:47,161 [INFO] pipeline.processing_loop: Cabin 14: LEAK (prob=0.0158, conf=0.9842, points=4, 1.2ms)
2026-03-18 20:02:47,213 [INFO] core.cycle_fsm: Cabin 24: IDLE -> COLLECTING (angle 103.3бу crossed 100.0бу)
2026-03-18 20:02:47,266 [INFO] core.cycle_fsm: Cabin 10: COLLECTING -> PROCESSING (angle 278.0бу reached end 276.0бу (4 points), 0.399s)
2026-03-18 20:02:47,267 [INFO] core.cycle_fsm: Cabin 11: COLLECTING -> PROCESSING (angle 278.1бу reached end 276.0бу (4 points), 0.400s)
2026-03-18 20:02:47,268 [INFO] core.cycle_fsm: Cabin 12: COLLECTING -> PROCESSING (angle 280.7бу reached end 276.0бу (4 points), 0.391s)
2026-03-18 20:02:47,268 [INFO] core.cycle_fsm: Cabin 22: IDLE -> COLLECTING (angle 101.1бу crossed 100.0бу)
2026-03-18 20:02:47,269 [INFO] core.cycle_fsm: Cabin 7: COLLECTING -> PROCESSING (angle 280.1бу reached end 276.0бу (4 points), 0.381s)
2026-03-18 20:02:47,269 [INFO] core.cycle_fsm: Cabin 8: COLLECTING -> PROCESSING (angle 276.7бу reached end 276.0бу (4 points), 0.360s)
2026-03-18 20:02:47,270 [INFO] core.cycle_fsm: Cabin 9: COLLECTING -> PROCESSING (angle 280.0бу reached end 276.0бу (4 points), 0.372s)
2026-03-18 20:02:47,270 [INFO] core.cycle_fsm: Cabin 20: IDLE -> COLLECTING (angle 104.9бу crossed 100.0бу)
2026-03-18 20:02:47,272 [INFO] core.cycle_fsm: Cabin 23: IDLE -> COLLECTING (angle 104.8бу crossed 100.0бу)
2026-03-18 20:02:47,274 [INFO] pipeline.processing_loop: Cabin 7: OK (prob=0.9434, conf=0.9434, points=4, 1.2ms)
2026-03-18 20:02:47,276 [INFO] pipeline.processing_loop: Cabin 8: LEAK (prob=0.0011, conf=0.9989, points=4, 0.9ms)
2026-03-18 20:02:47,278 [INFO] pipeline.processing_loop: Cabin 9: OK (prob=1.0000, conf=1.0000, points=4, 0.9ms)
2026-03-18 20:02:47,280 [INFO] pipeline.processing_loop: Cabin 10: NO_BOTTLE (max=3.4 < 50.0, points=4)
2026-03-18 20:02:47,283 [INFO] pipeline.processing_loop: Cabin 11: OK (prob=0.8643, conf=0.8643, points=4, 1.0ms)
2026-03-18 20:02:47,284 [INFO] pipeline.processing_loop: Cabin 12: LEAK (prob=0.0053, conf=0.9947, points=4, 0.9ms)
2026-03-18 20:02:47,337 [INFO] core.cycle_fsm: Cabin 21: IDLE -> COLLECTING (angle 102.4бу crossed 100.0бу)
2026-03-18 20:02:47,356 [INFO] core.cycle_fsm: Cabin 19: IDLE -> COLLECTING (angle 101.3бу crossed 100.0бу)
2026-03-18 20:02:47,356 [INFO] core.cycle_fsm: Cabin 5: COLLECTING -> PROCESSING (angle 277.6бу reached end 276.0бу (4 points), 0.373s)
2026-03-18 20:02:47,357 [INFO] core.cycle_fsm: Cabin 6: COLLECTING -> PROCESSING (angle 276.3бу reached end 276.0бу (4 points), 0.374s)
2026-03-18 20:02:47,358 [INFO] pipeline.processing_loop: Cabin 5: NO_BOTTLE (max=4.5 < 50.0, points=4)
2026-03-18 20:02:47,362 [INFO] pipeline.processing_loop: Cabin 6: LEAK (prob=0.0035, conf=0.9965, points=4, 1.5ms)
2026-03-18 20:02:47,414 [INFO] core.cycle_fsm: Cabin 18: IDLE -> COLLECTING (angle 102.1бу crossed 100.0бу)
2026-03-18 20:02:47,415 [INFO] core.cycle_fsm: Cabin 3: COLLECTING -> PROCESSING (angle 276.5бу reached end 276.0бу (4 points), 0.358s)
2026-03-18 20:02:47,417 [INFO] pipeline.processing_loop: Cabin 3: OK (prob=0.9906, conf=0.9906, points=4, 1.2ms)
2026-03-18 20:02:47,469 [INFO] core.cycle_fsm: Cabin 4: COLLECTING -> PROCESSING (angle 280.6бу reached end 276.0бу (4 points), 0.412s)
2026-03-18 20:02:47,471 [INFO] core.cycle_fsm: Cabin 16: IDLE -> COLLECTING (angle 101.7бу crossed 100.0бу)
2026-03-18 20:02:47,471 [INFO] core.cycle_fsm: Cabin 17: IDLE -> COLLECTING (angle 100.2бу crossed 100.0бу)
2026-03-18 20:02:47,472 [INFO] core.cycle_fsm: Cabin 15: IDLE -> COLLECTING (angle 102.1бу crossed 100.0бу)
2026-03-18 20:02:47,472 [INFO] core.cycle_fsm: Cabin 2: COLLECTING -> PROCESSING (angle 279.2бу reached end 276.0бу (4 points), 0.363s)
2026-03-18 20:02:47,474 [INFO] core.cycle_fsm: Cabin 14: IDLE -> COLLECTING (angle 100.5бу crossed 100.0бу)
2026-03-18 20:02:47,477 [INFO] pipeline.processing_loop: Cabin 2: LEAK (prob=0.0005, conf=0.9995, points=4, 1.9ms)
2026-03-18 20:02:47,478 [INFO] pipeline.processing_loop: Cabin 4: LEAK (prob=0.0006, conf=0.9994, points=4, 1.1ms)
2026-03-18 20:02:47,532 [INFO] core.cycle_fsm: Cabin 13: IDLE -> COLLECTING (angle 100.4бу crossed 100.0бу)
2026-03-18 20:02:47,532 [INFO] core.cycle_fsm: Cabin 1: COLLECTING -> PROCESSING (angle 278.2бу reached end 276.0бу (4 points), 0.381s)
2026-03-18 20:02:47,534 [INFO] core.cycle_fsm: Cabin 25: COLLECTING -> PROCESSING (angle 279.7бу reached end 276.0бу (4 points), 0.383s)
2026-03-18 20:02:47,534 [INFO] core.cycle_fsm: Cabin 24: COLLECTING -> PROCESSING (angle 281.2бу reached end 276.0бу (4 points), 0.372s)
2026-03-18 20:02:47,537 [INFO] pipeline.processing_loop: Cabin 1: OK (prob=1.0000, conf=1.0000, points=4, 1.6ms)
2026-03-18 20:02:47,540 [INFO] pipeline.processing_loop: Cabin 24: LEAK (prob=0.0004, conf=0.9996, points=4, 1.0ms)
2026-03-18 20:02:47,540 [INFO] pipeline.processing_loop: Cabin 25: NO_BOTTLE (max=4.3 < 50.0, points=4)
2026-03-18 20:02:47,645 [INFO] core.cycle_fsm: Cabin 10: IDLE -> COLLECTING (angle 101.5бу crossed 100.0бу)
2026-03-18 20:02:47,647 [INFO] core.cycle_fsm: Cabin 11: IDLE -> COLLECTING (angle 100.7бу crossed 100.0бу)
2026-03-18 20:02:47,647 [INFO] core.cycle_fsm: Cabin 22: COLLECTING -> PROCESSING (angle 277.9бу reached end 276.0бу (4 points), 0.411s)
2026-03-18 20:02:47,648 [INFO] core.cycle_fsm: Cabin 12: IDLE -> COLLECTING (angle 103.4бу crossed 100.0бу)
2026-03-18 20:02:47,648 [INFO] core.cycle_fsm: Cabin 20: COLLECTING -> PROCESSING (angle 277.3бу reached end 276.0бу (4 points), 0.391s)
2026-03-18 20:02:47,648 [INFO] core.cycle_fsm: Cabin 23: COLLECTING -> PROCESSING (angle 276.0бу reached end 276.0бу (4 points), 0.391s)
2026-03-18 20:02:47,650 [INFO] core.cycle_fsm: Cabin 7: IDLE -> COLLECTING (angle 103.0бу crossed 100.0бу)
2026-03-18 20:02:47,650 [INFO] core.cycle_fsm: Cabin 9: IDLE -> COLLECTING (angle 100.9бу crossed 100.0бу)
2026-03-18 20:02:47,650 [INFO] core.cycle_fsm: Cabin 8: IDLE -> COLLECTING (angle 104.8бу crossed 100.0бу)
2026-03-18 20:02:47,652 [INFO] core.cycle_fsm: Cabin 21: COLLECTING -> PROCESSING (angle 278.2бу reached end 276.0бу (4 points), 0.374s)
2026-03-18 20:02:47,652 [INFO] pipeline.processing_loop: Cabin 20: NO_BOTTLE (max=4.2 < 50.0, points=4)
2026-03-18 20:02:47,655 [INFO] pipeline.processing_loop: Cabin 21: OK (prob=0.9998, conf=0.9998, points=4, 1.0ms)
2026-03-18 20:02:47,658 [INFO] pipeline.processing_loop: Cabin 22: LEAK (prob=0.0002, conf=0.9998, points=4, 1.4ms)
2026-03-18 20:02:47,659 [INFO] pipeline.processing_loop: Cabin 23: OK (prob=0.3342, conf=0.3342, points=4, 1.5ms)
2026-03-18 20:02:47,712 [INFO] core.cycle_fsm: Cabin 19: COLLECTING -> PROCESSING (angle 277.9бу reached end 276.0бу (4 points), 0.392s)
2026-03-18 20:02:47,714 [INFO] core.cycle_fsm: Cabin 5: IDLE -> COLLECTING (angle 100.4бу crossed 100.0бу)
2026-03-18 20:02:47,715 [INFO] core.cycle_fsm: Cabin 6: IDLE -> COLLECTING (angle 103.0бу crossed 100.0бу)
2026-03-18 20:02:47,718 [INFO] pipeline.processing_loop: Cabin 19: OK (prob=0.6212, conf=0.6212, points=4, 1.3ms)
2026-03-18 20:02:47,770 [INFO] core.cycle_fsm: Cabin 18: COLLECTING -> PROCESSING (angle 279.4бу reached end 276.0бу (4 points), 0.387s)
2026-03-18 20:02:47,774 [INFO] pipeline.processing_loop: Cabin 18: LEAK (prob=0.0017, conf=0.9983, points=4, 1.8ms)
2026-03-18 20:02:47,827 [INFO] core.cycle_fsm: Cabin 16: COLLECTING -> PROCESSING (angle 277.0бу reached end 276.0бу (4 points), 0.412s)
2026-03-18 20:02:47,827 [INFO] core.cycle_fsm: Cabin 3: IDLE -> COLLECTING (angle 101.7бу crossed 100.0бу)
2026-03-18 20:02:47,828 [INFO] core.cycle_fsm: Cabin 4: IDLE -> COLLECTING (angle 102.3бу crossed 100.0бу)
2026-03-18 20:02:47,828 [INFO] core.cycle_fsm: Cabin 17: COLLECTING -> PROCESSING (angle 276.4бу reached end 276.0бу (4 points), 0.403s)
2026-03-18 20:02:47,830 [INFO] core.cycle_fsm: Cabin 15: COLLECTING -> PROCESSING (angle 278.6бу reached end 276.0бу (4 points), 0.394s)
2026-03-18 20:02:47,831 [INFO] pipeline.processing_loop: Cabin 15: NO_BOTTLE (max=3.5 < 50.0, points=4)
2026-03-18 20:02:47,833 [INFO] pipeline.processing_loop: Cabin 16: LEAK (prob=0.0004, conf=0.9996, points=4, 1.3ms)
2026-03-18 20:02:47,836 [INFO] pipeline.processing_loop: Cabin 17: OK (prob=0.7307, conf=0.7307, points=4, 1.1ms)
2026-03-18 20:02:47,889 [INFO] core.cycle_fsm: Cabin 14: COLLECTING -> PROCESSING (angle 276.2бу reached end 276.0бу (4 points), 0.421s)
2026-03-18 20:02:47,889 [INFO] core.cycle_fsm: Cabin 2: IDLE -> COLLECTING (angle 102.9бу crossed 100.0бу)
2026-03-18 20:02:47,890 [INFO] core.cycle_fsm: Cabin 13: COLLECTING -> PROCESSING (angle 278.0бу reached end 276.0бу (4 points), 0.412s)
2026-03-18 20:02:47,892 [INFO] core.cycle_fsm: Cabin 25: IDLE -> COLLECTING (angle 104.1бу crossed 100.0бу)
2026-03-18 20:02:47,893 [INFO] pipeline.processing_loop: Cabin 13: OK (prob=1.0000, conf=1.0000, points=4, 1.3ms)
2026-03-18 20:02:47,897 [INFO] pipeline.processing_loop: Cabin 14: LEAK (prob=0.0009, conf=0.9991, points=4, 1.4ms)
2026-03-18 20:02:47,948 [INFO] core.cycle_fsm: Cabin 1: IDLE -> COLLECTING (angle 105.1бу crossed 100.0бу)
2026-03-18 20:02:47,950 [INFO] core.cycle_fsm: Cabin 24: IDLE -> COLLECTING (angle 103.6бу crossed 100.0бу)
2026-03-18 20:02:48,005 [INFO] core.cycle_fsm: Cabin 10: COLLECTING -> PROCESSING (angle 276.3бу reached end 276.0бу (4 points), 0.410s)
2026-03-18 20:02:48,009 [INFO] core.cycle_fsm: Cabin 11: COLLECTING -> PROCESSING (angle 278.4бу reached end 276.0бу (4 points), 0.415s)
2026-03-18 20:02:48,011 [INFO] core.cycle_fsm: Cabin 12: COLLECTING -> PROCESSING (angle 280.1бу reached end 276.0бу (4 points), 0.405s)
2026-03-18 20:02:48,013 [INFO] core.cycle_fsm: Cabin 22: IDLE -> COLLECTING (angle 101.1бу crossed 100.0бу)
2026-03-18 20:02:48,014 [INFO] core.cycle_fsm: Cabin 7: COLLECTING -> PROCESSING (angle 278.9бу reached end 276.0бу (4 points), 0.398s)
2026-03-18 20:02:48,014 [INFO] core.cycle_fsm: Cabin 8: COLLECTING -> PROCESSING (angle 276.4бу reached end 276.0бу (4 points), 0.377s)
2026-03-18 20:02:48,015 [INFO] core.cycle_fsm: Cabin 20: IDLE -> COLLECTING (angle 102.9бу crossed 100.0бу)
2026-03-18 20:02:48,015 [INFO] core.cycle_fsm: Cabin 23: IDLE -> COLLECTING (angle 103.6бу crossed 100.0бу)
2026-03-18 20:02:48,018 [INFO] core.cycle_fsm: Cabin 9: COLLECTING -> PROCESSING (angle 281.3бу reached end 276.0бу (4 points), 0.392s)
2026-03-18 20:02:48,026 [INFO] pipeline.processing_loop: Cabin 7: OK (prob=1.0000, conf=1.0000, points=4, 5.9ms)
2026-03-18 20:02:48,032 [INFO] pipeline.processing_loop: Cabin 8: LEAK (prob=0.0340, conf=0.9660, points=4, 3.5ms)
2026-03-18 20:02:48,037 [INFO] pipeline.processing_loop: Cabin 9: OK (prob=0.9461, conf=0.9461, points=4, 2.0ms)
2026-03-18 20:02:48,038 [INFO] pipeline.processing_loop: Cabin 10: NO_BOTTLE (max=2.6 < 50.0, points=4)
2026-03-18 20:02:48,042 [INFO] pipeline.processing_loop: Cabin 11: OK (prob=0.9201, conf=0.9201, points=4, 1.3ms)
2026-03-18 20:02:48,045 [INFO] pipeline.processing_loop: Cabin 12: LEAK (prob=0.0010, conf=0.9990, points=4, 1.2ms)
2026-03-18 20:02:48,097 [INFO] core.cycle_fsm: Cabin 21: IDLE -> COLLECTING (angle 102.0бу crossed 100.0бу)
2026-03-18 20:02:48,098 [INFO] core.cycle_fsm: Cabin 19: IDLE -> COLLECTING (angle 100.3бу crossed 100.0бу)
2026-03-18 20:02:48,099 [INFO] core.cycle_fsm: Cabin 5: COLLECTING -> PROCESSING (angle 277.6бу reached end 276.0бу (4 points), 0.399s)
2026-03-18 20:02:48,101 [INFO] core.cycle_fsm: Cabin 6: COLLECTING -> PROCESSING (angle 279.9бу reached end 276.0бу (4 points), 0.390s)
2026-03-18 20:02:48,102 [INFO] pipeline.processing_loop: Cabin 5: NO_BOTTLE (max=3.5 < 50.0, points=4)
2026-03-18 20:02:48,105 [INFO] pipeline.processing_loop: Cabin 6: LEAK (prob=0.0401, conf=0.9599, points=4, 1.4ms)
2026-03-18 20:02:48,158 [INFO] core.cycle_fsm: Cabin 18: IDLE -> COLLECTING (angle 100.1бу crossed 100.0бу)
2026-03-18 20:02:48,159 [INFO] core.cycle_fsm: Cabin 3: COLLECTING -> PROCESSING (angle 277.1бу reached end 276.0бу (4 points), 0.375s)
2026-03-18 20:02:48,159 [INFO] core.cycle_fsm: Cabin 4: COLLECTING -> PROCESSING (angle 278.5бу reached end 276.0бу (4 points), 0.375s)
2026-03-18 20:02:48,161 [INFO] core.cycle_fsm: Cabin 16: IDLE -> COLLECTING (angle 104.1бу crossed 100.0бу)
2026-03-18 20:02:48,162 [INFO] pipeline.processing_loop: Cabin 3: OK (prob=0.9978, conf=0.9978, points=4, 1.3ms)
2026-03-18 20:02:48,165 [INFO] pipeline.processing_loop: Cabin 4: LEAK (prob=0.0019, conf=0.9981, points=4, 1.0ms)
2026-03-18 20:02:48,216 [INFO] core.cycle_fsm: Cabin 15: IDLE -> COLLECTING (angle 101.2бу crossed 100.0бу)
2026-03-18 20:02:48,218 [INFO] core.cycle_fsm: Cabin 17: IDLE -> COLLECTING (angle 103.8бу crossed 100.0бу)
2026-03-18 20:02:48,220 [INFO] core.cycle_fsm: Cabin 2: COLLECTING -> PROCESSING (angle 277.9бу reached end 276.0бу (4 points), 0.382s)
2026-03-18 20:02:48,220 [INFO] core.cycle_fsm: Cabin 14: IDLE -> COLLECTING (angle 102.2бу crossed 100.0бу)
2026-03-18 20:02:48,223 [INFO] pipeline.processing_loop: Cabin 2: LEAK (prob=0.0015, conf=0.9985, points=4, 1.4ms)
2026-03-18 20:02:48,275 [INFO] core.cycle_fsm: Cabin 13: IDLE -> COLLECTING (angle 104.2бу crossed 100.0бу)
2026-03-18 20:02:48,276 [INFO] core.cycle_fsm: Cabin 1: COLLECTING -> PROCESSING (angle 278.2бу reached end 276.0бу (4 points), 0.386s)
2026-03-18 20:02:48,276 [INFO] core.cycle_fsm: Cabin 25: COLLECTING -> PROCESSING (angle 280.8бу reached end 276.0бу (4 points), 0.397s)
2026-03-18 20:02:48,278 [INFO] core.cycle_fsm: Cabin 24: COLLECTING -> PROCESSING (angle 279.5бу reached end 276.0бу (4 points), 0.388s)
2026-03-18 20:02:48,281 [INFO] pipeline.processing_loop: Cabin 1: OK (prob=0.9887, conf=0.9887, points=4, 1.5ms)
2026-03-18 20:02:48,285 [INFO] pipeline.processing_loop: Cabin 24: LEAK (prob=0.0083, conf=0.9917, points=4, 2.6ms)
2026-03-18 20:02:48,286 [INFO] pipeline.processing_loop: Cabin 25: NO_BOTTLE (max=2.3 < 50.0, points=4)
2026-03-18 20:02:48,339 [INFO] core.cycle_fsm: Cabin 11: IDLE -> COLLECTING (angle 100.1бу crossed 100.0бу)
2026-03-18 20:02:48,340 [INFO] core.cycle_fsm: Cabin 22: COLLECTING -> PROCESSING (angle 278.0бу reached end 276.0бу (4 points), 0.375s)
2026-03-18 20:02:48,341 [INFO] core.cycle_fsm: Cabin 10: IDLE -> COLLECTING (angle 101.8бу crossed 100.0бу)
2026-03-18 20:02:48,341 [INFO] core.cycle_fsm: Cabin 12: IDLE -> COLLECTING (angle 103.1бу crossed 100.0бу)
2026-03-18 20:02:48,344 [INFO] pipeline.processing_loop: Cabin 22: LEAK (prob=0.0003, conf=0.9997, points=4, 1.3ms)
2026-03-18 20:02:48,397 [INFO] core.cycle_fsm: Cabin 7: IDLE -> COLLECTING (angle 100.7бу crossed 100.0бу)
2026-03-18 20:02:48,397 [INFO] core.cycle_fsm: Cabin 20: COLLECTING -> PROCESSING (angle 278.3бу reached end 276.0бу (4 points), 0.411s)
2026-03-18 20:02:48,399 [INFO] core.cycle_fsm: Cabin 23: COLLECTING -> PROCESSING (angle 279.7бу reached end 276.0бу (4 points), 0.413s)
2026-03-18 20:02:48,400 [INFO] core.cycle_fsm: Cabin 8: IDLE -> COLLECTING (angle 101.0бу crossed 100.0бу)
2026-03-18 20:02:48,400 [INFO] core.cycle_fsm: Cabin 9: IDLE -> COLLECTING (angle 103.1бу crossed 100.0бу)
2026-03-18 20:02:48,400 [INFO] core.cycle_fsm: Cabin 21: COLLECTING -> PROCESSING (angle 279.2бу reached end 276.0бу (4 points), 0.393s)
2026-03-18 20:02:48,402 [INFO] pipeline.processing_loop: Cabin 20: NO_BOTTLE (max=3.4 < 50.0, points=4)
2026-03-18 20:02:48,405 [INFO] pipeline.processing_loop: Cabin 21: OK (prob=0.9998, conf=0.9998, points=4, 1.5ms)
2026-03-18 20:02:48,408 [INFO] pipeline.processing_loop: Cabin 23: OK (prob=0.9997, conf=0.9997, points=4, 0.9ms)
2026-03-18 20:02:48,459 [INFO] core.cycle_fsm: Cabin 19: COLLECTING -> PROCESSING (angle 276.1бу reached end 276.0бу (4 points), 0.408s)
2026-03-18 20:02:48,461 [INFO] core.cycle_fsm: Cabin 5: IDLE -> COLLECTING (angle 103.7бу crossed 100.0бу)
2026-03-18 20:02:48,462 [INFO] core.cycle_fsm: Cabin 6: IDLE -> COLLECTING (angle 103.0бу crossed 100.0бу)
2026-03-18 20:02:48,464 [INFO] pipeline.processing_loop: Cabin 19: OK (prob=1.0000, conf=1.0000, points=4, 1.2ms)
2026-03-18 20:02:48,517 [INFO] core.cycle_fsm: Cabin 18: COLLECTING -> PROCESSING (angle 276.6бу reached end 276.0бу (4 points), 0.402s)
2026-03-18 20:02:48,518 [INFO] core.cycle_fsm: Cabin 4: IDLE -> COLLECTING (angle 100.9бу crossed 100.0бу)
2026-03-18 20:02:48,519 [INFO] core.cycle_fsm: Cabin 16: COLLECTING -> PROCESSING (angle 280.1бу reached end 276.0бу (4 points), 0.363s)
2026-03-18 20:02:48,519 [INFO] core.cycle_fsm: Cabin 17: COLLECTING -> PROCESSING (angle 276.1бу reached end 276.0бу (4 points), 0.352s)
2026-03-18 20:02:48,522 [INFO] pipeline.processing_loop: Cabin 16: LEAK (prob=0.0005, conf=0.9995, points=4, 1.3ms)
2026-03-18 20:02:48,524 [INFO] pipeline.processing_loop: Cabin 17: OK (prob=0.9745, conf=0.9745, points=4, 1.1ms)
2026-03-18 20:02:48,527 [INFO] pipeline.processing_loop: Cabin 18: LEAK (prob=0.0005, conf=0.9995, points=4, 1.3ms)
2026-03-18 20:02:48,580 [INFO] core.cycle_fsm: Cabin 3: IDLE -> COLLECTING (angle 104.0бу crossed 100.0бу)
2026-03-18 20:02:48,581 [INFO] core.cycle_fsm: Cabin 15: COLLECTING -> PROCESSING (angle 277.9бу reached end 276.0бу (4 points), 0.413s)
2026-03-18 20:02:48,582 [INFO] core.cycle_fsm: Cabin 2: IDLE -> COLLECTING (angle 100.4бу crossed 100.0бу)
2026-03-18 20:02:48,582 [INFO] core.cycle_fsm: Cabin 14: COLLECTING -> PROCESSING (angle 279.5бу reached end 276.0бу (4 points), 0.372s)
2026-03-18 20:02:48,585 [INFO] pipeline.processing_loop: Cabin 14: OK (prob=0.8354, conf=0.8354, points=4, 1.2ms)
2026-03-18 20:02:48,586 [INFO] pipeline.processing_loop: Cabin 15: NO_BOTTLE (max=3.0 < 50.0, points=4)
2026-03-18 20:02:48,639 [INFO] core.cycle_fsm: Cabin 13: COLLECTING -> PROCESSING (angle 280.9бу reached end 276.0бу (4 points), 0.419s)
2026-03-18 20:02:48,659 [INFO] core.cycle_fsm: Cabin 1: IDLE -> COLLECTING (angle 100.0бу crossed 100.0бу)
2026-03-18 20:02:48,659 [INFO] core.cycle_fsm: Cabin 25: IDLE -> COLLECTING (angle 101.8бу crossed 100.0бу)
2026-03-18 20:02:48,660 [INFO] core.cycle_fsm: Cabin 24: IDLE -> COLLECTING (angle 101.2бу crossed 100.0бу)
2026-03-18 20:02:48,662 [INFO] pipeline.processing_loop: Cabin 13: OK (prob=0.9498, conf=0.9498, points=4, 1.2ms)
2026-03-18 20:02:48,716 [INFO] core.cycle_fsm: Cabin 11: COLLECTING -> PROCESSING (angle 277.5бу reached end 276.0бу (4 points), 0.389s)
2026-03-18 20:02:48,716 [INFO] core.cycle_fsm: Cabin 10: COLLECTING -> PROCESSING (angle 277.5бу reached end 276.0бу (4 points), 0.379s)
2026-03-18 20:02:48,718 [INFO] core.cycle_fsm: Cabin 12: COLLECTING -> PROCESSING (angle 280.2бу reached end 276.0бу (4 points), 0.381s)
2026-03-18 20:02:48,718 [INFO] core.cycle_fsm: Cabin 22: IDLE -> COLLECTING (angle 100.6бу crossed 100.0бу)
2026-03-18 20:02:48,719 [INFO] core.cycle_fsm: Cabin 7: COLLECTING -> PROCESSING (angle 278.2бу reached end 276.0бу (4 points), 0.372s)
2026-03-18 20:02:48,722 [INFO] pipeline.processing_loop: Cabin 7: OK (prob=0.9461, conf=0.9461, points=4, 1.5ms)
2026-03-18 20:02:48,722 [INFO] pipeline.processing_loop: Cabin 10: NO_BOTTLE (max=3.3 < 50.0, points=4)
2026-03-18 20:02:48,727 [INFO] pipeline.processing_loop: Cabin 11: OK (prob=0.6858, conf=0.6858, points=4, 1.3ms)
2026-03-18 20:02:48,730 [INFO] pipeline.processing_loop: Cabin 12: LEAK (prob=0.0007, conf=0.9993, points=4, 1.5ms)
2026-03-18 20:02:48,782 [INFO] core.cycle_fsm: Cabin 20: IDLE -> COLLECTING (angle 100.4бу crossed 100.0бу)
2026-03-18 20:02:48,783 [INFO] core.cycle_fsm: Cabin 23: IDLE -> COLLECTING (angle 101.7бу crossed 100.0бу)
2026-03-18 20:02:48,784 [INFO] core.cycle_fsm: Cabin 8: COLLECTING -> PROCESSING (angle 277.9бу reached end 276.0бу (4 points), 0.416s)
2026-03-18 20:02:48,784 [INFO] core.cycle_fsm: Cabin 9: COLLECTING -> PROCESSING (angle 280.9бу reached end 276.0бу (4 points), 0.416s)
2026-03-18 20:02:48,786 [INFO] core.cycle_fsm: Cabin 21: IDLE -> COLLECTING (angle 100.9бу crossed 100.0бу)
2026-03-18 20:02:48,788 [INFO] pipeline.processing_loop: Cabin 8: LEAK (prob=0.0287, conf=0.9713, points=4, 1.2ms)
2026-03-18 20:02:48,791 [INFO] pipeline.processing_loop: Cabin 9: OK (prob=0.9765, conf=0.9765, points=4, 1.6ms)
2026-03-18 20:02:48,843 [INFO] core.cycle_fsm: Cabin 5: COLLECTING -> PROCESSING (angle 276.5бу reached end 276.0бу (4 points), 0.401s)
2026-03-18 20:02:48,845 [INFO] core.cycle_fsm: Cabin 19: IDLE -> COLLECTING (angle 102.5бу crossed 100.0бу)
2026-03-18 20:02:48,845 [INFO] core.cycle_fsm: Cabin 6: COLLECTING -> PROCESSING (angle 278.2бу reached end 276.0бу (4 points), 0.402s)
2026-03-18 20:02:48,847 [INFO] pipeline.processing_loop: Cabin 5: NO_BOTTLE (max=2.8 < 50.0, points=4)
2026-03-18 20:02:48,849 [INFO] pipeline.processing_loop: Cabin 6: LEAK (prob=0.0006, conf=0.9994, points=4, 1.1ms)
2026-03-18 20:02:48,901 [INFO] core.cycle_fsm: Cabin 18: IDLE -> COLLECTING (angle 102.2бу crossed 100.0бу)
2026-03-18 20:02:48,902 [INFO] core.cycle_fsm: Cabin 4: COLLECTING -> PROCESSING (angle 278.6бу reached end 276.0бу (4 points), 0.387s)
2026-03-18 20:02:48,903 [INFO] core.cycle_fsm: Cabin 3: COLLECTING -> PROCESSING (angle 279.0бу reached end 276.0бу (4 points), 0.377s)
2026-03-18 20:02:48,903 [INFO] core.cycle_fsm: Cabin 16: IDLE -> COLLECTING (angle 101.9бу crossed 100.0бу)
2026-03-18 20:02:48,903 [INFO] core.cycle_fsm: Cabin 17: IDLE -> COLLECTING (angle 103.3бу crossed 100.0бу)
2026-03-18 20:02:48,906 [INFO] pipeline.processing_loop: Cabin 3: OK (prob=0.9883, conf=0.9883, points=4, 1.3ms)
2026-03-18 20:02:48,910 [INFO] pipeline.processing_loop: Cabin 4: LEAK (prob=0.0064, conf=0.9936, points=4, 1.5ms)
2026-03-18 20:02:48,962 [INFO] core.cycle_fsm: Cabin 15: IDLE -> COLLECTING (angle 105.0бу crossed 100.0бу)
2026-03-18 20:02:48,964 [INFO] core.cycle_fsm: Cabin 2: COLLECTING -> PROCESSING (angle 278.3бу reached end 276.0бу (4 points), 0.395s)
2026-03-18 20:02:48,964 [INFO] core.cycle_fsm: Cabin 14: IDLE -> COLLECTING (angle 101.3бу crossed 100.0бу)
2026-03-18 20:02:48,965 [INFO] core.cycle_fsm: Cabin 13: IDLE -> COLLECTING (angle 102.0бу crossed 100.0бу)
2026-03-18 20:02:48,967 [INFO] pipeline.processing_loop: Cabin 2: LEAK (prob=0.0029, conf=0.9971, points=4, 1.2ms)
2026-03-18 20:02:48,994 [INFO] pipeline.processing_loop: ProcessingLoop paused
2026-03-18 20:02:58,084 [INFO] pipeline.processing_loop: ProcessingLoop paused
2026-03-18 20:02:59,728 [INFO] pipeline.processing_loop: ProcessingLoop paused
2026-03-18 20:03:08,356 [INFO] pipeline.processing_loop: ProcessingLoop resumed
2026-03-18 20:03:08,378 [INFO] core.cycle_fsm: Cabin 1: COLLECTING -> PROCESSING (angle 277.8бу reached end 276.0бу (4 points), 19.766s)
2026-03-18 20:03:08,380 [INFO] core.cycle_fsm: Cabin 25: COLLECTING -> PROCESSING (angle 280.8бу reached end 276.0бу (4 points), 19.767s)
2026-03-18 20:03:08,380 [INFO] core.cycle_fsm: Cabin 24: COLLECTING -> PROCESSING (angle 277.2бу reached end 276.0бу (4 points), 19.757s)
2026-03-18 20:03:08,381 [INFO] core.cycle_fsm: Cabin 11: IDLE -> COLLECTING (angle 101.0бу crossed 100.0бу)
2026-03-18 20:03:08,381 [INFO] core.cycle_fsm: Cabin 22: COLLECTING -> PROCESSING (angle 276.2бу reached end 276.0бу (4 points), 19.684s)
2026-03-18 20:03:08,383 [INFO] core.cycle_fsm: Cabin 12: IDLE -> COLLECTING (angle 103.0бу crossed 100.0бу)
2026-03-18 20:03:08,384 [INFO] core.cycle_fsm: Cabin 10: IDLE -> COLLECTING (angle 104.6бу crossed 100.0бу)
2026-03-18 20:03:08,384 [INFO] core.cycle_fsm: Cabin 20: COLLECTING -> PROCESSING (angle 276.4бу reached end 276.0бу (4 points), 19.667s)
2026-03-18 20:03:08,384 [INFO] core.cycle_fsm: Cabin 23: COLLECTING -> PROCESSING (angle 276.7бу reached end 276.0бу (4 points), 19.667s)
2026-03-18 20:03:08,386 [INFO] core.cycle_fsm: Cabin 7: IDLE -> COLLECTING (angle 104.1бу crossed 100.0бу)
2026-03-18 20:03:08,386 [INFO] core.cycle_fsm: Cabin 9: IDLE -> COLLECTING (angle 103.0бу crossed 100.0бу)
2026-03-18 20:03:08,388 [INFO] core.cycle_fsm: Cabin 21: COLLECTING -> PROCESSING (angle 277.7бу reached end 276.0бу (4 points), 19.648s)
2026-03-18 20:03:08,388 [INFO] core.cycle_fsm: Cabin 8: IDLE -> COLLECTING (angle 104.5бу crossed 100.0бу)
2026-03-18 20:03:08,388 [INFO] core.cycle_fsm: Cabin 19: COLLECTING -> PROCESSING (angle 280.9бу reached end 276.0бу (4 points), 19.594s)
2026-03-18 20:03:08,389 [INFO] core.cycle_fsm: Cabin 5: IDLE -> COLLECTING (angle 104.3бу crossed 100.0бу)
2026-03-18 20:03:08,391 [INFO] core.cycle_fsm: Cabin 6: IDLE -> COLLECTING (angle 104.8бу crossed 100.0бу)
2026-03-18 20:03:08,391 [INFO] core.cycle_fsm: Cabin 18: COLLECTING -> PROCESSING (angle 277.3бу reached end 276.0бу (4 points), 19.533s)
2026-03-18 20:03:08,392 [INFO] core.cycle_fsm: Cabin 4: IDLE -> COLLECTING (angle 100.9бу crossed 100.0бу)
2026-03-18 20:03:08,393 [INFO] core.cycle_fsm: Cabin 16: COLLECTING -> PROCESSING (angle 279.3бу reached end 276.0бу (4 points), 19.504s)
2026-03-18 20:03:08,394 [INFO] core.cycle_fsm: Cabin 3: IDLE -> COLLECTING (angle 101.2бу crossed 100.0бу)
2026-03-18 20:03:08,394 [INFO] core.cycle_fsm: Cabin 17: COLLECTING -> PROCESSING (angle 280.8бу reached end 276.0бу (4 points), 19.495s)
2026-03-18 20:03:08,395 [INFO] core.cycle_fsm: Cabin 15: COLLECTING -> PROCESSING (angle 278.5бу reached end 276.0бу (4 points), 19.485s)
2026-03-18 20:03:08,395 [INFO] core.cycle_fsm: Cabin 14: COLLECTING -> PROCESSING (angle 279.6бу reached end 276.0бу (4 points), 19.454s)
2026-03-18 20:03:08,397 [INFO] core.cycle_fsm: Cabin 2: IDLE -> COLLECTING (angle 103.6бу crossed 100.0бу)
2026-03-18 20:03:08,398 [INFO] core.cycle_fsm: Cabin 13: COLLECTING -> PROCESSING (angle 278.6бу reached end 276.0бу (4 points), 19.446s)
2026-03-18 20:03:08,399 [INFO] core.cycle_fsm: Cabin 11: COLLECTING -> PROCESSING (angle 277.2бу reached end 276.0бу (4 points), 19.340s)
2026-03-18 20:03:08,399 [INFO] core.cycle_fsm: Cabin 12: COLLECTING -> PROCESSING (angle 280.4бу reached end 276.0бу (4 points), 19.329s)
2026-03-18 20:03:08,400 [INFO] core.cycle_fsm: Cabin 7: COLLECTING -> PROCESSING (angle 276.2бу reached end 276.0бу (4 points), 19.310s)
2026-03-18 20:03:08,400 [INFO] core.cycle_fsm: Cabin 10: COLLECTING -> PROCESSING (angle 280.7бу reached end 276.0бу (4 points), 19.321s)
2026-03-18 20:03:08,401 [INFO] core.cycle_fsm: Cabin 8: COLLECTING -> PROCESSING (angle 276.0бу reached end 276.0бу (4 points), 19.291s)
2026-03-18 20:03:08,402 [INFO] core.cycle_fsm: Cabin 9: COLLECTING -> PROCESSING (angle 279.8бу reached end 276.0бу (4 points), 19.301s)
2026-03-18 20:03:08,403 [INFO] core.cycle_fsm: Cabin 5: COLLECTING -> PROCESSING (angle 277.3бу reached end 276.0бу (4 points), 19.227s)
2026-03-18 20:03:08,404 [INFO] core.cycle_fsm: Cabin 6: COLLECTING -> PROCESSING (angle 281.4бу reached end 276.0бу (4 points), 19.217s)
2026-03-18 20:03:08,404 [INFO] core.cycle_fsm: Cabin 4: COLLECTING -> PROCESSING (angle 277.9бу reached end 276.0бу (4 points), 19.154s)
2026-03-18 20:03:08,404 [INFO] core.cycle_fsm: Cabin 3: COLLECTING -> PROCESSING (angle 279.1бу reached end 276.0бу (4 points), 19.143s)
2026-03-18 20:03:08,404 [INFO] core.cycle_fsm: Cabin 2: COLLECTING -> PROCESSING (angle 276.3бу reached end 276.0бу (4 points), 19.090s)
2026-03-18 20:03:08,431 [INFO] pipeline.processing_loop: Cabin 1: OK (prob=0.9473, conf=0.9473, points=4, 2.7ms)
2026-03-18 20:03:08,434 [INFO] pipeline.processing_loop: Cabin 2: LEAK (prob=0.0019, conf=0.9981, points=4, 1.1ms)
2026-03-18 20:03:08,435 [INFO] pipeline.processing_loop: Cabin 3: OK (prob=0.9253, conf=0.9253, points=4, 1.0ms)
2026-03-18 20:03:08,439 [INFO] pipeline.processing_loop: Cabin 4: LEAK (prob=0.0003, conf=0.9997, points=4, 1.2ms)
2026-03-18 20:03:08,441 [INFO] pipeline.processing_loop: Cabin 5: NO_BOTTLE (max=2.7 < 50.0, points=4)
2026-03-18 20:03:08,445 [INFO] pipeline.processing_loop: Cabin 6: LEAK (prob=0.0022, conf=0.9978, points=4, 1.4ms)
2026-03-18 20:03:08,448 [INFO] pipeline.processing_loop: Cabin 7: OK (prob=0.9642, conf=0.9642, points=4, 1.2ms)
2026-03-18 20:03:08,451 [INFO] pipeline.processing_loop: Cabin 8: LEAK (prob=0.0032, conf=0.9968, points=4, 1.0ms)
2026-03-18 20:03:08,453 [INFO] pipeline.processing_loop: Cabin 9: OK (prob=0.7810, conf=0.7810, points=4, 1.2ms)
2026-03-18 20:03:08,454 [INFO] pipeline.processing_loop: Cabin 10: NO_BOTTLE (max=4.0 < 50.0, points=4)
2026-03-18 20:03:08,462 [INFO] pipeline.processing_loop: Cabin 11: OK (prob=1.0000, conf=1.0000, points=4, 1.8ms)
2026-03-18 20:03:08,466 [INFO] pipeline.processing_loop: Cabin 12: LEAK (prob=0.0102, conf=0.9898, points=4, 1.5ms)
2026-03-18 20:03:08,469 [INFO] pipeline.processing_loop: Cabin 13: OK (prob=0.9974, conf=0.9974, points=4, 1.1ms)
2026-03-18 20:03:08,471 [INFO] pipeline.processing_loop: Cabin 14: LEAK (prob=0.0017, conf=0.9983, points=4, 1.0ms)
2026-03-18 20:03:08,472 [INFO] pipeline.processing_loop: Cabin 15: NO_BOTTLE (max=4.5 < 50.0, points=4)
2026-03-18 20:03:08,479 [INFO] pipeline.processing_loop: Cabin 16: LEAK (prob=0.0002, conf=0.9998, points=4, 2.9ms)
2026-03-18 20:03:08,480 [INFO] pipeline.processing_loop: Cabin 17: OK (prob=0.9950, conf=0.9950, points=4, 1.2ms)
2026-03-18 20:03:08,484 [INFO] pipeline.processing_loop: Cabin 18: LEAK (prob=0.0004, conf=0.9996, points=4, 1.4ms)
2026-03-18 20:03:08,486 [INFO] pipeline.processing_loop: Cabin 19: OK (prob=0.9999, conf=0.9999, points=4, 1.0ms)
2026-03-18 20:03:08,487 [INFO] pipeline.processing_loop: Cabin 20: NO_BOTTLE (max=4.2 < 50.0, points=4)
2026-03-18 20:03:08,494 [INFO] pipeline.processing_loop: Cabin 21: OK (prob=0.9732, conf=0.9732, points=4, 3.0ms)
2026-03-18 20:03:08,497 [INFO] pipeline.processing_loop: Cabin 22: LEAK (prob=0.0038, conf=0.9962, points=4, 1.3ms)
2026-03-18 20:03:08,499 [INFO] pipeline.processing_loop: Cabin 23: OK (prob=0.8836, conf=0.8836, points=4, 1.4ms)
2026-03-18 20:03:08,502 [INFO] pipeline.processing_loop: Cabin 24: LEAK (prob=0.0002, conf=0.9998, points=4, 1.0ms)
2026-03-18 20:03:08,503 [INFO] pipeline.processing_loop: Cabin 25: NO_BOTTLE (max=3.8 < 50.0, points=4)
2026-03-18 20:03:08,557 [INFO] core.cycle_fsm: Cabin 18: IDLE -> COLLECTING (angle 100.5бу crossed 100.0бу)
2026-03-18 20:03:08,559 [INFO] core.cycle_fsm: Cabin 16: IDLE -> COLLECTING (angle 104.2бу crossed 100.0бу)
2026-03-18 20:03:08,560 [INFO] core.cycle_fsm: Cabin 17: IDLE -> COLLECTING (angle 102.1бу crossed 100.0бу)
2026-03-18 20:03:08,560 [INFO] core.cycle_fsm: Cabin 15: IDLE -> COLLECTING (angle 101.9бу crossed 100.0бу)
2026-03-18 20:03:08,561 [INFO] core.cycle_fsm: Cabin 14: IDLE -> COLLECTING (angle 103.4бу crossed 100.0бу)
2026-03-18 20:03:08,562 [INFO] core.cycle_fsm: Cabin 13: IDLE -> COLLECTING (angle 104.0бу crossed 100.0бу)
2026-03-18 20:03:08,666 [INFO] core.cycle_fsm: Cabin 11: IDLE -> COLLECTING (angle 102.6бу crossed 100.0бу)
2026-03-18 20:03:08,668 [INFO] core.cycle_fsm: Cabin 10: IDLE -> COLLECTING (angle 100.7бу crossed 100.0бу)
2026-03-18 20:03:08,670 [INFO] core.cycle_fsm: Cabin 12: IDLE -> COLLECTING (angle 103.8бу crossed 100.0бу)
2026-03-18 20:03:08,671 [INFO] core.cycle_fsm: Cabin 9: IDLE -> COLLECTING (angle 103.9бу crossed 100.0бу)
2026-03-18 20:03:08,724 [INFO] core.cycle_fsm: Cabin 7: IDLE -> COLLECTING (angle 100.5бу crossed 100.0бу)
2026-03-18 20:03:08,725 [INFO] core.cycle_fsm: Cabin 8: IDLE -> COLLECTING (angle 103.4бу crossed 100.0бу)
2026-03-18 20:03:08,779 [INFO] core.cycle_fsm: Cabin 5: IDLE -> COLLECTING (angle 101.2бу crossed 100.0бу)
2026-03-18 20:03:08,779 [INFO] core.cycle_fsm: Cabin 6: IDLE -> COLLECTING (angle 100.3бу crossed 100.0бу)
2026-03-18 20:03:08,835 [INFO] core.cycle_fsm: Cabin 18: COLLECTING -> PROCESSING (angle 276.9бу reached end 276.0бу (4 points), 0.406s)
2026-03-18 20:03:08,837 [INFO] core.cycle_fsm: Cabin 3: IDLE -> COLLECTING (angle 100.9бу crossed 100.0бу)
2026-03-18 20:03:08,837 [INFO] core.cycle_fsm: Cabin 16: COLLECTING -> PROCESSING (angle 276.3бу reached end 276.0бу (4 points), 0.386s)
2026-03-18 20:03:08,838 [INFO] core.cycle_fsm: Cabin 17: COLLECTING -> PROCESSING (angle 278.7бу reached end 276.0бу (4 points), 0.387s)
2026-03-18 20:03:08,839 [INFO] core.cycle_fsm: Cabin 4: IDLE -> COLLECTING (angle 104.2бу crossed 100.0бу)
2026-03-18 20:03:08,842 [INFO] pipeline.processing_loop: Cabin 16: LEAK (prob=0.0076, conf=0.9924, points=4, 1.6ms)
2026-03-18 20:03:08,845 [INFO] pipeline.processing_loop: Cabin 17: OK (prob=0.7675, conf=0.7675, points=4, 1.2ms)
2026-03-18 20:03:08,851 [INFO] pipeline.processing_loop: Cabin 18: LEAK (prob=0.0014, conf=0.9986, points=4, 1.0ms)
2026-03-18 20:03:08,908 [INFO] core.cycle_fsm: Cabin 15: COLLECTING -> PROCESSING (angle 279.4бу reached end 276.0бу (4 points), 0.424s)
2026-03-18 20:03:08,909 [INFO] core.cycle_fsm: Cabin 14: COLLECTING -> PROCESSING (angle 280.4бу reached end 276.0бу (4 points), 0.405s)
2026-03-18 20:03:08,912 [INFO] core.cycle_fsm: Cabin 2: IDLE -> COLLECTING (angle 104.8бу crossed 100.0бу)
2026-03-18 20:03:08,917 [INFO] pipeline.processing_loop: Cabin 14: LEAK (prob=0.0025, conf=0.9975, points=4, 2.7ms)
2026-03-18 20:03:08,919 [INFO] pipeline.processing_loop: Cabin 15: NO_BOTTLE (max=3.5 < 50.0, points=4)
2026-03-18 20:03:08,974 [INFO] core.cycle_fsm: Cabin 13: COLLECTING -> PROCESSING (angle 280.9бу reached end 276.0бу (4 points), 0.427s)
2026-03-18 20:03:08,975 [INFO] core.cycle_fsm: Cabin 25: IDLE -> COLLECTING (angle 103.6бу crossed 100.0бу)
2026-03-18 20:03:08,976 [INFO] core.cycle_fsm: Cabin 1: IDLE -> COLLECTING (angle 101.8бу crossed 100.0бу)
2026-03-18 20:03:08,976 [INFO] core.cycle_fsm: Cabin 24: IDLE -> COLLECTING (angle 103.7бу crossed 100.0бу)
2026-03-18 20:03:08,979 [INFO] pipeline.processing_loop: Cabin 13: OK (prob=1.0000, conf=1.0000, points=4, 1.8ms)
2026-03-18 20:03:09,035 [INFO] core.cycle_fsm: Cabin 11: COLLECTING -> PROCESSING (angle 279.0бу reached end 276.0бу (4 points), 0.413s)
2026-03-18 20:03:09,036 [INFO] core.cycle_fsm: Cabin 10: COLLECTING -> PROCESSING (angle 276.6бу reached end 276.0бу (4 points), 0.394s)
2026-03-18 20:03:09,037 [INFO] core.cycle_fsm: Cabin 12: COLLECTING -> PROCESSING (angle 280.2бу reached end 276.0бу (4 points), 0.383s)
2026-03-18 20:03:09,038 [INFO] core.cycle_fsm: Cabin 22: IDLE -> COLLECTING (angle 101.3бу crossed 100.0бу)
2026-03-18 20:03:09,038 [INFO] core.cycle_fsm: Cabin 9: COLLECTING -> PROCESSING (angle 281.0бу reached end 276.0бу (4 points), 0.375s)
2026-03-18 20:03:09,039 [INFO] core.cycle_fsm: Cabin 20: IDLE -> COLLECTING (angle 102.3бу crossed 100.0бу)
2026-03-18 20:03:09,042 [INFO] pipeline.processing_loop: Cabin 9: OK (prob=0.9434, conf=0.9434, points=4, 1.7ms)
2026-03-18 20:03:09,043 [INFO] pipeline.processing_loop: Cabin 10: NO_BOTTLE (max=3.4 < 50.0, points=4)
2026-03-18 20:03:09,045 [INFO] pipeline.processing_loop: Cabin 11: OK (prob=0.9416, conf=0.9416, points=4, 1.1ms)
2026-03-18 20:03:09,050 [INFO] pipeline.processing_loop: Cabin 12: LEAK (prob=0.0010, conf=0.9990, points=4, 2.3ms)
2026-03-18 20:03:09,104 [INFO] core.cycle_fsm: Cabin 7: COLLECTING -> PROCESSING (angle 276.2бу reached end 276.0бу (4 points), 0.429s)
2026-03-18 20:03:09,105 [INFO] core.cycle_fsm: Cabin 8: COLLECTING -> PROCESSING (angle 280.5бу reached end 276.0бу (4 points), 0.430s)
2026-03-18 20:03:09,106 [INFO] core.cycle_fsm: Cabin 23: IDLE -> COLLECTING (angle 104.6бу crossed 100.0бу)
2026-03-18 20:03:09,107 [INFO] core.cycle_fsm: Cabin 21: IDLE -> COLLECTING (angle 101.1бу crossed 100.0бу)
2026-03-18 20:03:09,110 [INFO] pipeline.processing_loop: Cabin 7: OK (prob=1.0000, conf=1.0000, points=4, 1.8ms)
2026-03-18 20:03:09,113 [INFO] pipeline.processing_loop: Cabin 8: LEAK (prob=0.0024, conf=0.9976, points=4, 1.3ms)
2026-03-18 20:03:09,167 [INFO] core.cycle_fsm: Cabin 5: COLLECTING -> PROCESSING (angle 278.8бу reached end 276.0бу (4 points), 0.428s)
2026-03-18 20:03:09,169 [INFO] core.cycle_fsm: Cabin 6: COLLECTING -> PROCESSING (angle 278.1бу reached end 276.0бу (4 points), 0.429s)
2026-03-18 20:03:09,169 [INFO] core.cycle_fsm: Cabin 19: IDLE -> COLLECTING (angle 100.4бу crossed 100.0бу)
2026-03-18 20:03:09,170 [INFO] pipeline.processing_loop: Cabin 5: NO_BOTTLE (max=2.8 < 50.0, points=4)
2026-03-18 20:03:09,173 [INFO] pipeline.processing_loop: Cabin 6: LEAK (prob=0.0005, conf=0.9995, points=4, 1.4ms)
2026-03-18 20:03:09,228 [INFO] core.cycle_fsm: Cabin 3: COLLECTING -> PROCESSING (angle 277.9бу reached end 276.0бу (4 points), 0.424s)
2026-03-18 20:03:09,229 [INFO] core.cycle_fsm: Cabin 4: COLLECTING -> PROCESSING (angle 277.3бу reached end 276.0бу (4 points), 0.404s)
2026-03-18 20:03:09,231 [INFO] core.cycle_fsm: Cabin 18: IDLE -> COLLECTING (angle 103.7бу crossed 100.0бу)
2026-03-18 20:03:09,232 [INFO] core.cycle_fsm: Cabin 16: IDLE -> COLLECTING (angle 102.7бу crossed 100.0бу)
2026-03-18 20:03:09,233 [INFO] core.cycle_fsm: Cabin 17: IDLE -> COLLECTING (angle 103.1бу crossed 100.0бу)
2026-03-18 20:03:09,235 [INFO] pipeline.processing_loop: Cabin 3: OK (prob=0.9562, conf=0.9562, points=4, 2.1ms)
2026-03-18 20:03:09,239 [INFO] pipeline.processing_loop: Cabin 4: LEAK (prob=0.0021, conf=0.9979, points=4, 1.2ms)
2026-03-18 20:03:09,292 [INFO] core.cycle_fsm: Cabin 15: IDLE -> COLLECTING (angle 104.3бу crossed 100.0бу)
2026-03-18 20:03:09,294 [INFO] core.cycle_fsm: Cabin 14: IDLE -> COLLECTING (angle 102.0бу crossed 100.0бу)
2026-03-18 20:03:09,296 [INFO] core.cycle_fsm: Cabin 2: COLLECTING -> PROCESSING (angle 279.6бу reached end 276.0бу (4 points), 0.407s)
2026-03-18 20:03:09,296 [INFO] core.cycle_fsm: Cabin 13: IDLE -> COLLECTING (angle 102.3бу crossed 100.0бу)
2026-03-18 20:03:09,297 [INFO] core.cycle_fsm: Cabin 25: COLLECTING -> PROCESSING (angle 279.7бу reached end 276.0бу (4 points), 0.376s)
2026-03-18 20:03:09,300 [INFO] pipeline.processing_loop: Cabin 2: LEAK (prob=0.0014, conf=0.9986, points=4, 2.0ms)
2026-03-18 20:03:09,302 [INFO] pipeline.processing_loop: Cabin 25: NO_BOTTLE (max=3.4 < 50.0, points=4)
2026-03-18 20:03:09,357 [INFO] core.cycle_fsm: Cabin 1: COLLECTING -> PROCESSING (angle 277.9бу reached end 276.0бу (4 points), 0.415s)
2026-03-18 20:03:09,357 [INFO] core.cycle_fsm: Cabin 24: COLLECTING -> PROCESSING (angle 281.1бу reached end 276.0бу (4 points), 0.404s)
2026-03-18 20:03:09,362 [INFO] pipeline.processing_loop: Cabin 1: OK (prob=0.9822, conf=0.9822, points=4, 1.8ms)
2026-03-18 20:03:09,365 [INFO] pipeline.processing_loop: Cabin 24: LEAK (prob=0.0026, conf=0.9974, points=4, 1.7ms)
2026-03-18 20:03:09,420 [INFO] core.cycle_fsm: Cabin 11: IDLE -> COLLECTING (angle 102.8бу crossed 100.0бу)
2026-03-18 20:03:09,421 [INFO] core.cycle_fsm: Cabin 22: COLLECTING -> PROCESSING (angle 279.5бу reached end 276.0бу (4 points), 0.405s)
2026-03-18 20:03:09,422 [INFO] core.cycle_fsm: Cabin 10: IDLE -> COLLECTING (angle 103.9бу crossed 100.0бу)
2026-03-18 20:03:09,423 [INFO] core.cycle_fsm: Cabin 12: IDLE -> COLLECTING (angle 101.2бу crossed 100.0бу)
2026-03-18 20:03:09,423 [INFO] core.cycle_fsm: Cabin 20: COLLECTING -> PROCESSING (angle 280.8бу reached end 276.0бу (4 points), 0.396s)
2026-03-18 20:03:09,425 [INFO] core.cycle_fsm: Cabin 9: IDLE -> COLLECTING (angle 102.3бу crossed 100.0бу)
2026-03-18 20:03:09,426 [INFO] core.cycle_fsm: Cabin 8: IDLE -> COLLECTING (angle 102.8бу crossed 100.0бу)
2026-03-18 20:03:09,426 [INFO] core.cycle_fsm: Cabin 23: COLLECTING -> PROCESSING (angle 276.0бу reached end 276.0бу (4 points), 0.367s)
2026-03-18 20:03:09,428 [INFO] pipeline.processing_loop: Cabin 20: NO_BOTTLE (max=2.7 < 50.0, points=4)
2026-03-18 20:03:09,431 [INFO] pipeline.processing_loop: Cabin 22: LEAK (prob=0.0019, conf=0.9981, points=4, 1.8ms)
2026-03-18 20:03:09,434 [INFO] pipeline.processing_loop: Cabin 23: OK (prob=0.9998, conf=0.9998, points=4, 1.4ms)
2026-03-18 20:03:09,488 [INFO] core.cycle_fsm: Cabin 7: IDLE -> COLLECTING (angle 103.0бу crossed 100.0бу)
2026-03-18 20:03:09,489 [INFO] core.cycle_fsm: Cabin 21: COLLECTING -> PROCESSING (angle 278.6бу reached end 276.0бу (4 points), 0.408s)
2026-03-18 20:03:09,491 [INFO] core.cycle_fsm: Cabin 19: COLLECTING -> PROCESSING (angle 276.5бу reached end 276.0бу (4 points), 0.386s)
2026-03-18 20:03:09,491 [INFO] core.cycle_fsm: Cabin 5: IDLE -> COLLECTING (angle 100.9бу crossed 100.0бу)
2026-03-18 20:03:09,492 [INFO] core.cycle_fsm: Cabin 6: IDLE -> COLLECTING (angle 100.3бу crossed 100.0бу)
2026-03-18 20:03:09,494 [INFO] pipeline.processing_loop: Cabin 19: OK (prob=0.9999, conf=0.9999, points=4, 1.7ms)
2026-03-18 20:03:09,497 [INFO] pipeline.processing_loop: Cabin 21: OK (prob=0.3830, conf=0.3830, points=4, 1.8ms)
2026-03-18 20:03:09,552 [INFO] core.cycle_fsm: Cabin 16: COLLECTING -> PROCESSING (angle 276.1бу reached end 276.0бу (4 points), 0.364s)
2026-03-18 20:03:09,554 [INFO] core.cycle_fsm: Cabin 18: COLLECTING -> PROCESSING (angle 280.2бу reached end 276.0бу (4 points), 0.375s)
2026-03-18 20:03:09,558 [INFO] pipeline.processing_loop: Cabin 16: LEAK (prob=0.0015, conf=0.9985, points=4, 2.0ms)
2026-03-18 20:03:09,560 [INFO] pipeline.processing_loop: Cabin 18: LEAK (prob=0.0007, conf=0.9993, points=4, 1.6ms)
2026-03-18 20:03:09,628 [INFO] core.cycle_fsm: Cabin 3: IDLE -> COLLECTING (angle 104.0бу crossed 100.0бу)
2026-03-18 20:03:09,657 [INFO] core.cycle_fsm: Cabin 17: COLLECTING -> PROCESSING (angle 280.8бу reached end 276.0бу (4 points), 0.468s)
2026-03-18 20:03:09,661 [INFO] core.cycle_fsm: Cabin 4: IDLE -> COLLECTING (angle 102.9бу crossed 100.0бу)
2026-03-18 20:03:09,662 [INFO] core.cycle_fsm: Cabin 15: COLLECTING -> PROCESSING (angle 280.9бу reached end 276.0бу (4 points), 0.431s)
2026-03-18 20:03:09,664 [INFO] core.cycle_fsm: Cabin 14: COLLECTING -> PROCESSING (angle 278.0бу reached end 276.0бу (4 points), 0.422s)
2026-03-18 20:03:09,670 [INFO] pipeline.processing_loop: Cabin 14: LEAK (prob=0.0025, conf=0.9975, points=4, 4.8ms)
2026-03-18 20:03:09,673 [INFO] pipeline.processing_loop: Cabin 15: NO_BOTTLE (max=2.6 < 50.0, points=4)
2026-03-18 20:03:09,680 [INFO] pipeline.processing_loop: Cabin 17: OK (prob=0.8792, conf=0.8792, points=4, 4.0ms)
2026-03-18 20:03:09,734 [INFO] core.cycle_fsm: Cabin 2: IDLE -> COLLECTING (angle 101.5бу crossed 100.0бу)
2026-03-18 20:03:09,737 [INFO] core.cycle_fsm: Cabin 13: COLLECTING -> PROCESSING (angle 278.8бу reached end 276.0бу (4 points), 0.454s)
2026-03-18 20:03:09,737 [INFO] core.cycle_fsm: Cabin 25: IDLE -> COLLECTING (angle 101.2бу crossed 100.0бу)
2026-03-18 20:03:09,739 [INFO] core.cycle_fsm: Cabin 1: IDLE -> COLLECTING (angle 104.8бу crossed 100.0бу)
2026-03-18 20:03:09,739 [INFO] core.cycle_fsm: Cabin 24: IDLE -> COLLECTING (angle 103.9бу crossed 100.0бу)
2026-03-18 20:03:09,740 [INFO] core.cycle_fsm: Cabin 11: COLLECTING -> PROCESSING (angle 280.3бу reached end 276.0бу (4 points), 0.382s)
2026-03-18 20:03:09,743 [INFO] pipeline.processing_loop: Cabin 11: OK (prob=0.9731, conf=0.9731, points=4, 1.8ms)
2026-03-18 20:03:09,747 [INFO] pipeline.processing_loop: Cabin 13: OK (prob=0.9980, conf=0.9980, points=4, 1.4ms)
2026-03-18 20:03:09,800 [INFO] core.cycle_fsm: Cabin 10: COLLECTING -> PROCESSING (angle 279.8бу reached end 276.0бу (4 points), 0.410s)
2026-03-18 20:03:09,801 [INFO] core.cycle_fsm: Cabin 12: COLLECTING -> PROCESSING (angle 278.0бу reached end 276.0бу (4 points), 0.411s)
2026-03-18 20:03:09,803 [INFO] core.cycle_fsm: Cabin 22: IDLE -> COLLECTING (angle 101.2бу crossed 100.0бу)
2026-03-18 20:03:09,804 [INFO] core.cycle_fsm: Cabin 9: COLLECTING -> PROCESSING (angle 279.6бу reached end 276.0бу (4 points), 0.404s)
2026-03-18 20:03:09,804 [INFO] core.cycle_fsm: Cabin 20: IDLE -> COLLECTING (angle 102.6бу crossed 100.0бу)
2026-03-18 20:03:09,806 [INFO] core.cycle_fsm: Cabin 8: COLLECTING -> PROCESSING (angle 279.5бу reached end 276.0бу (4 points), 0.395s)
2026-03-18 20:03:09,806 [INFO] core.cycle_fsm: Cabin 7: COLLECTING -> PROCESSING (angle 279.2бу reached end 276.0бу (4 points), 0.384s)
2026-03-18 20:03:09,839 [INFO] pipeline.processing_loop: Cabin 7: OK (prob=0.9803, conf=0.9803, points=4, 1.9ms)
2026-03-18 20:03:09,843 [INFO] pipeline.processing_loop: Cabin 8: LEAK (prob=0.0010, conf=0.9990, points=4, 1.8ms)
2026-03-18 20:03:09,845 [INFO] pipeline.processing_loop: Cabin 9: OK (prob=0.9685, conf=0.9685, points=4, 1.4ms)
2026-03-18 20:03:09,847 [INFO] pipeline.processing_loop: Cabin 10: NO_BOTTLE (max=2.5 < 50.0, points=4)
2026-03-18 20:03:09,850 [INFO] pipeline.processing_loop: Cabin 12: LEAK (prob=0.0009, conf=0.9991, points=4, 1.1ms)
2026-03-18 20:03:09,904 [INFO] core.cycle_fsm: Cabin 23: IDLE -> COLLECTING (angle 102.7бу crossed 100.0бу)
2026-03-18 20:03:09,905 [INFO] core.cycle_fsm: Cabin 21: IDLE -> COLLECTING (angle 101.9бу crossed 100.0бу)
2026-03-18 20:03:09,907 [INFO] core.cycle_fsm: Cabin 5: COLLECTING -> PROCESSING (angle 279.7бу reached end 276.0бу (4 points), 0.432s)
2026-03-18 20:03:09,907 [INFO] core.cycle_fsm: Cabin 6: COLLECTING -> PROCESSING (angle 277.1бу reached end 276.0бу (4 points), 0.432s)
2026-03-18 20:03:09,908 [INFO] core.cycle_fsm: Cabin 19: IDLE -> COLLECTING (angle 103.7бу crossed 100.0бу)
2026-03-18 20:03:09,910 [INFO] pipeline.processing_loop: Cabin 5: NO_BOTTLE (max=3.5 < 50.0, points=4)
2026-03-18 20:03:09,913 [INFO] pipeline.processing_loop: Cabin 6: LEAK (prob=0.0005, conf=0.9995, points=4, 1.9ms)
2026-03-18 20:03:09,969 [INFO] core.cycle_fsm: Cabin 3: COLLECTING -> PROCESSING (angle 276.6бу reached end 276.0бу (4 points), 0.416s)
2026-03-18 20:03:09,970 [INFO] core.cycle_fsm: Cabin 18: IDLE -> COLLECTING (angle 101.3бу crossed 100.0бу)
2026-03-18 20:03:09,970 [INFO] core.cycle_fsm: Cabin 4: COLLECTING -> PROCESSING (angle 280.3бу reached end 276.0бу (4 points), 0.406s)
2026-03-18 20:03:09,972 [INFO] core.cycle_fsm: Cabin 16: IDLE -> COLLECTING (angle 102.4бу crossed 100.0бу)
2026-03-18 20:03:09,972 [INFO] core.cycle_fsm: Cabin 17: IDLE -> COLLECTING (angle 100.9бу crossed 100.0бу)
2026-03-18 20:03:09,976 [INFO] pipeline.processing_loop: Cabin 3: OK (prob=1.0000, conf=1.0000, points=4, 2.0ms)
2026-03-18 20:03:09,980 [INFO] pipeline.processing_loop: Cabin 4: LEAK (prob=0.0005, conf=0.9995, points=4, 1.9ms)
2026-03-18 20:03:10,035 [INFO] core.cycle_fsm: Cabin 15: IDLE -> COLLECTING (angle 101.1бу crossed 100.0бу)
2026-03-18 20:03:10,036 [INFO] core.cycle_fsm: Cabin 14: IDLE -> COLLECTING (angle 100.2бу crossed 100.0бу)
2026-03-18 20:03:10,036 [INFO] core.cycle_fsm: Cabin 2: COLLECTING -> PROCESSING (angle 280.3бу reached end 276.0бу (4 points), 0.406s)
2026-03-18 20:03:10,039 [INFO] core.cycle_fsm: Cabin 13: IDLE -> COLLECTING (angle 102.4бу crossed 100.0бу)
2026-03-18 20:03:10,039 [INFO] core.cycle_fsm: Cabin 25: COLLECTING -> PROCESSING (angle 278.9бу reached end 276.0бу (4 points), 0.377s)
2026-03-18 20:03:10,042 [INFO] pipeline.processing_loop: Cabin 2: OK (prob=0.4724, conf=0.4724, points=4, 1.9ms)
2026-03-18 20:03:10,044 [INFO] pipeline.processing_loop: Cabin 25: NO_BOTTLE (max=3.4 < 50.0, points=4)
2026-03-18 20:03:10,099 [INFO] core.cycle_fsm: Cabin 1: COLLECTING -> PROCESSING (angle 276.5бу reached end 276.0бу (4 points), 0.404s)
2026-03-18 20:03:10,100 [INFO] core.cycle_fsm: Cabin 24: COLLECTING -> PROCESSING (angle 276.1бу reached end 276.0бу (4 points), 0.405s)
2026-03-18 20:03:10,103 [INFO] pipeline.processing_loop: Cabin 1: OK (prob=0.9696, conf=0.9696, points=4, 1.9ms)
2026-03-18 20:03:10,106 [INFO] pipeline.processing_loop: Cabin 24: LEAK (prob=0.0020, conf=0.9980, points=4, 1.2ms)
2026-03-18 20:03:10,159 [INFO] core.cycle_fsm: Cabin 11: IDLE -> COLLECTING (angle 101.7бу crossed 100.0бу)
2026-03-18 20:03:10,160 [INFO] core.cycle_fsm: Cabin 20: COLLECTING -> PROCESSING (angle 276.2бу reached end 276.0бу (4 points), 0.391s)
2026-03-18 20:03:10,160 [INFO] core.cycle_fsm: Cabin 22: COLLECTING -> PROCESSING (angle 278.6бу reached end 276.0бу (4 points), 0.402s)
2026-03-18 20:03:10,162 [INFO] core.cycle_fsm: Cabin 10: IDLE -> COLLECTING (angle 101.4бу crossed 100.0бу)
2026-03-18 20:03:10,163 [INFO] core.cycle_fsm: Cabin 12: IDLE -> COLLECTING (angle 101.0бу crossed 100.0бу)
2026-03-18 20:03:10,163 [INFO] core.cycle_fsm: Cabin 8: IDLE -> COLLECTING (angle 100.4бу crossed 100.0бу)
2026-03-18 20:03:10,163 [INFO] core.cycle_fsm: Cabin 9: IDLE -> COLLECTING (angle 104.5бу crossed 100.0бу)
2026-03-18 20:03:10,165 [INFO] pipeline.processing_loop: Cabin 20: NO_BOTTLE (max=3.4 < 50.0, points=4)
2026-03-18 20:03:10,168 [INFO] pipeline.processing_loop: Cabin 22: LEAK (prob=0.0309, conf=0.9691, points=4, 1.2ms)
2026-03-18 20:03:10,220 [INFO] core.cycle_fsm: Cabin 7: IDLE -> COLLECTING (angle 102.0бу crossed 100.0бу)
2026-03-18 20:03:10,222 [INFO] core.cycle_fsm: Cabin 23: COLLECTING -> PROCESSING (angle 279.6бу reached end 276.0бу (4 points), 0.421s)
2026-03-18 20:03:10,224 [INFO] core.cycle_fsm: Cabin 21: COLLECTING -> PROCESSING (angle 278.6бу reached end 276.0бу (4 points), 0.401s)
2026-03-18 20:03:10,224 [INFO] core.cycle_fsm: Cabin 19: COLLECTING -> PROCESSING (angle 276.2бу reached end 276.0бу (4 points), 0.370s)
2026-03-18 20:03:10,225 [INFO] core.cycle_fsm: Cabin 5: IDLE -> COLLECTING (angle 102.4бу crossed 100.0бу)
2026-03-18 20:03:10,227 [INFO] pipeline.processing_loop: Cabin 19: OK (prob=0.8792, conf=0.8792, points=4, 1.3ms)
2026-03-18 20:03:10,230 [INFO] pipeline.processing_loop: Cabin 21: OK (prob=0.8836, conf=0.8836, points=4, 1.6ms)
2026-03-18 20:03:10,233 [INFO] pipeline.processing_loop: Cabin 23: OK (prob=0.7816, conf=0.7816, points=4, 1.1ms)
2026-03-18 20:03:10,286 [INFO] core.cycle_fsm: Cabin 6: IDLE -> COLLECTING (angle 103.3бу crossed 100.0бу)
2026-03-18 20:03:10,287 [INFO] core.cycle_fsm: Cabin 18: COLLECTING -> PROCESSING (angle 276.5бу reached end 276.0бу (4 points), 0.369s)
2026-03-18 20:03:10,290 [INFO] pipeline.processing_loop: Cabin 18: LEAK (prob=0.0015, conf=0.9985, points=4, 1.4ms)
2026-03-18 20:03:10,343 [INFO] core.cycle_fsm: Cabin 3: IDLE -> COLLECTING (angle 103.4бу crossed 100.0бу)
2026-03-18 20:03:10,344 [INFO] core.cycle_fsm: Cabin 16: COLLECTING -> PROCESSING (angle 279.2бу reached end 276.0бу (4 points), 0.416s)
2026-03-18 20:03:10,345 [INFO] core.cycle_fsm: Cabin 17: COLLECTING -> PROCESSING (angle 277.2бу reached end 276.0бу (4 points), 0.417s)
2026-03-18 20:03:10,345 [INFO] core.cycle_fsm: Cabin 4: IDLE -> COLLECTING (angle 102.9бу crossed 100.0бу)
2026-03-18 20:03:10,347 [INFO] core.cycle_fsm: Cabin 15: COLLECTING -> PROCESSING (angle 277.1бу reached end 276.0бу (4 points), 0.376s)
2026-03-18 20:03:10,348 [INFO] pipeline.processing_loop: Cabin 15: NO_BOTTLE (max=4.3 < 50.0, points=4)
2026-03-18 20:03:10,350 [INFO] pipeline.processing_loop: Cabin 16: LEAK (prob=0.0015, conf=0.9985, points=4, 1.2ms)
2026-03-18 20:03:10,353 [INFO] pipeline.processing_loop: Cabin 17: OK (prob=0.8623, conf=0.8623, points=4, 1.0ms)
2026-03-18 20:03:10,406 [INFO] core.cycle_fsm: Cabin 14: COLLECTING -> PROCESSING (angle 277.8бу reached end 276.0бу (4 points), 0.425s)
2026-03-18 20:03:10,407 [INFO] core.cycle_fsm: Cabin 2: IDLE -> COLLECTING (angle 102.6бу crossed 100.0бу)
2026-03-18 20:03:10,408 [INFO] core.cycle_fsm: Cabin 13: COLLECTING -> PROCESSING (angle 278.4бу reached end 276.0бу (4 points), 0.384s)
2026-03-18 20:03:10,411 [INFO] pipeline.processing_loop: Cabin 13: OK (prob=0.7761, conf=0.7761, points=4, 1.5ms)
2026-03-18 20:03:10,412 [INFO] pipeline.processing_loop: Cabin 14: LEAK (prob=0.0025, conf=0.9975, points=4, 1.1ms)
2026-03-18 20:03:10,466 [INFO] core.cycle_fsm: Cabin 25: IDLE -> COLLECTING (angle 104.8бу crossed 100.0бу)
2026-03-18 20:03:10,467 [INFO] core.cycle_fsm: Cabin 1: IDLE -> COLLECTING (angle 100.4бу crossed 100.0бу)
2026-03-18 20:03:10,468 [INFO] core.cycle_fsm: Cabin 24: IDLE -> COLLECTING (angle 104.0бу crossed 100.0бу)
2026-03-18 20:03:10,469 [INFO] core.cycle_fsm: Cabin 11: COLLECTING -> PROCESSING (angle 279.7бу reached end 276.0бу (4 points), 0.370s)
2026-03-18 20:03:10,471 [INFO] pipeline.processing_loop: Cabin 11: OK (prob=0.8435, conf=0.8435, points=4, 1.3ms)
2026-03-18 20:03:10,524 [INFO] core.cycle_fsm: Cabin 10: COLLECTING -> PROCESSING (angle 278.9бу reached end 276.0бу (4 points), 0.393s)
2026-03-18 20:03:10,525 [INFO] core.cycle_fsm: Cabin 12: COLLECTING -> PROCESSING (angle 277.6бу reached end 276.0бу (4 points), 0.394s)
2026-03-18 20:03:10,525 [INFO] core.cycle_fsm: Cabin 22: IDLE -> COLLECTING (angle 101.1бу crossed 100.0бу)
2026-03-18 20:03:10,527 [INFO] core.cycle_fsm: Cabin 9: COLLECTING -> PROCESSING (angle 276.6бу reached end 276.0бу (4 points), 0.375s)
2026-03-18 20:03:10,527 [INFO] core.cycle_fsm: Cabin 20: IDLE -> COLLECTING (angle 101.7бу crossed 100.0бу)
2026-03-18 20:03:10,528 [INFO] core.cycle_fsm: Cabin 8: COLLECTING -> PROCESSING (angle 276.3бу reached end 276.0бу (4 points), 0.376s)
2026-03-18 20:03:10,530 [INFO] pipeline.processing_loop: Cabin 8: LEAK (prob=0.0038, conf=0.9962, points=4, 1.7ms)
2026-03-18 20:03:10,533 [INFO] pipeline.processing_loop: Cabin 9: OK (prob=0.7947, conf=0.7947, points=4, 1.1ms)
2026-03-18 20:03:10,533 [INFO] pipeline.processing_loop: Cabin 10: NO_BOTTLE (max=3.7 < 50.0, points=4)
2026-03-18 20:03:10,536 [INFO] pipeline.processing_loop: Cabin 12: LEAK (prob=0.0026, conf=0.9974, points=4, 0.8ms)
2026-03-18 20:03:10,589 [INFO] core.cycle_fsm: Cabin 7: COLLECTING -> PROCESSING (angle 278.7бу reached end 276.0бу (4 points), 0.426s)
2026-03-18 20:03:10,591 [INFO] core.cycle_fsm: Cabin 23: IDLE -> COLLECTING (angle 102.2бу crossed 100.0бу)
2026-03-18 20:03:10,591 [INFO] core.cycle_fsm: Cabin 21: IDLE -> COLLECTING (angle 100.4бу crossed 100.0бу)
2026-03-18 20:03:10,592 [INFO] core.cycle_fsm: Cabin 5: COLLECTING -> PROCESSING (angle 279.0бу reached end 276.0бу (4 points), 0.376s)
2026-03-18 20:03:10,594 [INFO] pipeline.processing_loop: Cabin 5: NO_BOTTLE (max=2.4 < 50.0, points=4)
2026-03-18 20:03:10,597 [INFO] pipeline.processing_loop: Cabin 7: OK (prob=0.9956, conf=0.9956, points=4, 1.1ms)
2026-03-18 20:03:10,649 [INFO] core.cycle_fsm: Cabin 6: COLLECTING -> PROCESSING (angle 280.9бу reached end 276.0бу (4 points), 0.423s)
2026-03-18 20:03:10,649 [INFO] core.cycle_fsm: Cabin 19: IDLE -> COLLECTING (angle 104.1бу crossed 100.0бу)
2026-03-18 20:03:10,653 [INFO] pipeline.processing_loop: Cabin 6: LEAK (prob=0.0014, conf=0.9986, points=4, 1.3ms)
2026-03-18 20:03:10,706 [INFO] core.cycle_fsm: Cabin 3: COLLECTING -> PROCESSING (angle 280.4бу reached end 276.0бу (4 points), 0.415s)
2026-03-18 20:03:10,706 [INFO] core.cycle_fsm: Cabin 4: COLLECTING -> PROCESSING (angle 280.5бу reached end 276.0бу (4 points), 0.405s)
2026-03-18 20:03:10,708 [INFO] core.cycle_fsm: Cabin 16: IDLE -> COLLECTING (angle 101.8бу crossed 100.0бу)
2026-03-18 20:03:10,708 [INFO] core.cycle_fsm: Cabin 18: IDLE -> COLLECTING (angle 102.0бу crossed 100.0бу)
2026-03-18 20:03:10,709 [INFO] core.cycle_fsm: Cabin 17: IDLE -> COLLECTING (angle 103.8бу crossed 100.0бу)
2026-03-18 20:03:10,712 [INFO] pipeline.processing_loop: Cabin 3: OK (prob=0.9990, conf=0.9990, points=4, 1.4ms)
2026-03-18 20:03:10,713 [INFO] pipeline.processing_loop: Cabin 4: LEAK (prob=0.0004, conf=0.9996, points=4, 1.1ms)
2026-03-18 20:03:10,766 [INFO] core.cycle_fsm: Cabin 15: IDLE -> COLLECTING (angle 101.4бу crossed 100.0бу)
2026-03-18 20:03:10,767 [INFO] core.cycle_fsm: Cabin 14: IDLE -> COLLECTING (angle 100.3бу crossed 100.0бу)
2026-03-18 20:03:10,768 [INFO] core.cycle_fsm: Cabin 2: COLLECTING -> PROCESSING (angle 278.7бу reached end 276.0бу (4 points), 0.404s)
2026-03-18 20:03:10,768 [INFO] core.cycle_fsm: Cabin 25: COLLECTING -> PROCESSING (angle 277.1бу reached end 276.0бу (4 points), 0.362s)
2026-03-18 20:03:10,772 [INFO] pipeline.processing_loop: Cabin 2: LEAK (prob=0.0019, conf=0.9981, points=4, 2.0ms)
2026-03-18 20:03:10,774 [INFO] pipeline.processing_loop: Cabin 25: NO_BOTTLE (max=3.7 < 50.0, points=4)
2026-03-18 20:03:10,826 [INFO] core.cycle_fsm: Cabin 13: IDLE -> COLLECTING (angle 104.6бу crossed 100.0бу)
2026-03-18 20:03:10,828 [INFO] core.cycle_fsm: Cabin 1: COLLECTING -> PROCESSING (angle 279.4бу reached end 276.0бу (4 points), 0.410s)
2026-03-18 20:03:10,828 [INFO] core.cycle_fsm: Cabin 24: COLLECTING -> PROCESSING (angle 276.3бу reached end 276.0бу (4 points), 0.400s)
2026-03-18 20:03:10,831 [INFO] pipeline.processing_loop: Cabin 1: OK (prob=1.0000, conf=1.0000, points=4, 1.3ms)
2026-03-18 20:03:10,833 [INFO] pipeline.processing_loop: Cabin 24: LEAK (prob=0.0018, conf=0.9982, points=4, 1.2ms)
2026-03-18 20:03:10,886 [INFO] core.cycle_fsm: Cabin 11: IDLE -> COLLECTING (angle 103.2бу crossed 100.0бу)
2026-03-18 20:03:10,887 [INFO] core.cycle_fsm: Cabin 22: COLLECTING -> PROCESSING (angle 278.3бу reached end 276.0бу (4 points), 0.396s)
2026-03-18 20:03:10,888 [INFO] core.cycle_fsm: Cabin 10: IDLE -> COLLECTING (angle 100.1бу crossed 100.0бу)
2026-03-18 20:03:10,888 [INFO] core.cycle_fsm: Cabin 20: COLLECTING -> PROCESSING (angle 278.5бу reached end 276.0бу (4 points), 0.387s)
2026-03-18 20:03:10,890 [INFO] core.cycle_fsm: Cabin 12: IDLE -> COLLECTING (angle 103.7бу crossed 100.0бу)
2026-03-18 20:03:10,890 [INFO] pipeline.processing_loop: Cabin 20: NO_BOTTLE (max=1.4 < 50.0, points=4)
2026-03-18 20:03:10,893 [INFO] pipeline.processing_loop: Cabin 22: LEAK (prob=0.0081, conf=0.9919, points=4, 1.2ms)
2026-03-18 20:03:10,947 [INFO] core.cycle_fsm: Cabin 9: IDLE -> COLLECTING (angle 102.2бу crossed 100.0бу)
2026-03-18 20:03:10,948 [INFO] core.cycle_fsm: Cabin 8: IDLE -> COLLECTING (angle 101.3бу crossed 100.0бу)
2026-03-18 20:03:10,948 [INFO] core.cycle_fsm: Cabin 23: COLLECTING -> PROCESSING (angle 278.0бу reached end 276.0бу (4 points), 0.413s)
2026-03-18 20:03:10,949 [INFO] core.cycle_fsm: Cabin 7: IDLE -> COLLECTING (angle 104.5бу crossed 100.0бу)
2026-03-18 20:03:10,949 [INFO] core.cycle_fsm: Cabin 21: COLLECTING -> PROCESSING (angle 276.9бу reached end 276.0бу (4 points), 0.393s)
2026-03-18 20:03:10,953 [INFO] pipeline.processing_loop: Cabin 21: OK (prob=0.9261, conf=0.9261, points=4, 1.3ms)
2026-03-18 20:03:10,956 [INFO] pipeline.processing_loop: Cabin 23: OK (prob=0.6914, conf=0.6914, points=4, 1.1ms)
2026-03-18 20:03:11,009 [INFO] core.cycle_fsm: Cabin 5: IDLE -> COLLECTING (angle 100.2бу crossed 100.0бу)
2026-03-18 20:03:11,009 [INFO] core.cycle_fsm: Cabin 19: COLLECTING -> PROCESSING (angle 281.2бу reached end 276.0бу (4 points), 0.420s)
2026-03-18 20:03:11,010 [INFO] core.cycle_fsm: Cabin 6: IDLE -> COLLECTING (angle 102.6бу crossed 100.0бу)
2026-03-18 20:03:11,013 [INFO] pipeline.processing_loop: Cabin 19: OK (prob=0.9237, conf=0.9237, points=4, 1.4ms)
2026-03-18 20:03:11,066 [INFO] core.cycle_fsm: Cabin 3: IDLE -> COLLECTING (angle 102.1бу crossed 100.0бу)
2026-03-18 20:03:11,067 [INFO] core.cycle_fsm: Cabin 16: COLLECTING -> PROCESSING (angle 279.5бу reached end 276.0бу (4 points), 0.403s)
2026-03-18 20:03:11,068 [INFO] core.cycle_fsm: Cabin 17: COLLECTING -> PROCESSING (angle 276.0бу reached end 276.0бу (4 points), 0.394s)
2026-03-18 20:03:11,068 [INFO] core.cycle_fsm: Cabin 18: COLLECTING -> PROCESSING (angle 279.2бу reached end 276.0бу (4 points), 0.405s)
2026-03-18 20:03:11,070 [INFO] core.cycle_fsm: Cabin 4: IDLE -> COLLECTING (angle 103.7бу crossed 100.0бу)
2026-03-18 20:03:11,071 [INFO] pipeline.processing_loop: Cabin 16: LEAK (prob=0.0002, conf=0.9998, points=4, 1.2ms)
2026-03-18 20:03:11,075 [INFO] pipeline.processing_loop: Cabin 17: OK (prob=0.9999, conf=0.9999, points=4, 1.1ms)
2026-03-18 20:03:11,077 [INFO] pipeline.processing_loop: Cabin 18: LEAK (prob=0.0057, conf=0.9943, points=4, 1.2ms)
2026-03-18 20:03:11,131 [INFO] core.cycle_fsm: Cabin 15: COLLECTING -> PROCESSING (angle 278.2бу reached end 276.0бу (4 points), 0.424s)
2026-03-18 20:03:11,132 [INFO] core.cycle_fsm: Cabin 14: COLLECTING -> PROCESSING (angle 277.0бу reached end 276.0бу (4 points), 0.415s)
2026-03-18 20:03:11,132 [INFO] core.cycle_fsm: Cabin 2: IDLE -> COLLECTING (angle 100.9бу crossed 100.0бу)
2026-03-18 20:03:11,133 [INFO] core.cycle_fsm: Cabin 13: COLLECTING -> PROCESSING (angle 277.3бу reached end 276.0бу (4 points), 0.362s)
2026-03-18 20:03:11,137 [INFO] pipeline.processing_loop: Cabin 13: OK (prob=1.0000, conf=1.0000, points=4, 1.8ms)
2026-03-18 20:03:11,138 [INFO] pipeline.processing_loop: Cabin 14: LEAK (prob=0.0023, conf=0.9977, points=4, 1.2ms)
2026-03-18 20:03:11,140 [INFO] pipeline.processing_loop: Cabin 15: NO_BOTTLE (max=4.4 < 50.0, points=4)
2026-03-18 20:03:11,193 [INFO] core.cycle_fsm: Cabin 25: IDLE -> COLLECTING (angle 102.6бу crossed 100.0бу)
2026-03-18 20:03:11,194 [INFO] core.cycle_fsm: Cabin 1: IDLE -> COLLECTING (angle 101.0бу crossed 100.0бу)
2026-03-18 20:03:11,195 [INFO] core.cycle_fsm: Cabin 24: IDLE -> COLLECTING (angle 103.8бу crossed 100.0бу)
2026-03-18 20:03:11,247 [INFO] core.cycle_fsm: Cabin 11: COLLECTING -> PROCESSING (angle 280.6бу reached end 276.0бу (4 points), 0.412s)
2026-03-18 20:03:11,248 [INFO] core.cycle_fsm: Cabin 10: COLLECTING -> PROCESSING (angle 277.0бу reached end 276.0бу (4 points), 0.382s)
2026-03-18 20:03:11,249 [INFO] core.cycle_fsm: Cabin 22: IDLE -> COLLECTING (angle 101.6бу crossed 100.0бу)
2026-03-18 20:03:11,249 [INFO] core.cycle_fsm: Cabin 12: COLLECTING -> PROCESSING (angle 278.3бу reached end 276.0бу (4 points), 0.372s)
2026-03-18 20:03:11,250 [INFO] core.cycle_fsm: Cabin 20: IDLE -> COLLECTING (angle 101.7бу crossed 100.0бу)
2026-03-18 20:03:11,252 [INFO] pipeline.processing_loop: Cabin 10: NO_BOTTLE (max=2.7 < 50.0, points=4)
2026-03-18 20:03:11,253 [INFO] pipeline.processing_loop: Cabin 11: OK (prob=0.9012, conf=0.9012, points=4, 1.1ms)
2026-03-18 20:03:11,256 [INFO] pipeline.processing_loop: Cabin 12: LEAK (prob=0.0051, conf=0.9949, points=4, 1.1ms)
2026-03-18 20:03:11,308 [INFO] core.cycle_fsm: Cabin 9: COLLECTING -> PROCESSING (angle 280.0бу reached end 276.0бу (4 points), 0.420s)
2026-03-18 20:03:11,309 [INFO] core.cycle_fsm: Cabin 8: COLLECTING -> PROCESSING (angle 279.3бу reached end 276.0бу (4 points), 0.411s)
2026-03-18 20:03:11,311 [INFO] core.cycle_fsm: Cabin 7: COLLECTING -> PROCESSING (angle 280.7бу reached end 276.0бу (4 points), 0.402s)
2026-03-18 20:03:11,311 [INFO] core.cycle_fsm: Cabin 23: IDLE -> COLLECTING (angle 104.2бу crossed 100.0бу)
2026-03-18 20:03:11,312 [INFO] core.cycle_fsm: Cabin 21: IDLE -> COLLECTING (angle 100.3бу crossed 100.0бу)
2026-03-18 20:03:11,315 [INFO] pipeline.processing_loop: Cabin 7: OK (prob=0.9803, conf=0.9803, points=4, 1.3ms)
2026-03-18 20:03:11,317 [INFO] pipeline.processing_loop: Cabin 8: LEAK (prob=0.0074, conf=0.9926, points=4, 1.0ms)
2026-03-18 20:03:11,318 [INFO] pipeline.processing_loop: Cabin 9: OK (prob=0.9142, conf=0.9142, points=4, 0.9ms)
2026-03-18 20:03:11,371 [INFO] core.cycle_fsm: Cabin 5: COLLECTING -> PROCESSING (angle 276.2бу reached end 276.0бу (4 points), 0.420s)
2026-03-18 20:03:11,372 [INFO] core.cycle_fsm: Cabin 6: COLLECTING -> PROCESSING (angle 280.4бу reached end 276.0бу (4 points), 0.411s)
2026-03-18 20:03:11,372 [INFO] core.cycle_fsm: Cabin 19: IDLE -> COLLECTING (angle 102.8бу crossed 100.0бу)
2026-03-18 20:03:11,374 [INFO] pipeline.processing_loop: Cabin 5: NO_BOTTLE (max=2.4 < 50.0, points=4)
2026-03-18 20:03:11,377 [INFO] pipeline.processing_loop: Cabin 6: LEAK (prob=0.0039, conf=0.9961, points=4, 1.4ms)
2026-03-18 20:03:11,430 [INFO] core.cycle_fsm: Cabin 3: COLLECTING -> PROCESSING (angle 277.8бу reached end 276.0бу (4 points), 0.405s)
2026-03-18 20:03:11,432 [INFO] core.cycle_fsm: Cabin 4: COLLECTING -> PROCESSING (angle 281.2бу reached end 276.0бу (4 points), 0.396s)
2026-03-18 20:03:11,433 [INFO] core.cycle_fsm: Cabin 16: IDLE -> COLLECTING (angle 102.1бу crossed 100.0бу)
2026-03-18 20:03:11,433 [INFO] core.cycle_fsm: Cabin 18: IDLE -> COLLECTING (angle 102.9бу crossed 100.0бу)
2026-03-18 20:03:11,435 [INFO] core.cycle_fsm: Cabin 17: IDLE -> COLLECTING (angle 103.5бу crossed 100.0бу)
2026-03-18 20:03:11,436 [INFO] pipeline.processing_loop: Cabin 3: OK (prob=0.9229, conf=0.9229, points=4, 1.2ms)
2026-03-18 20:03:11,439 [INFO] pipeline.processing_loop: Cabin 4: LEAK (prob=0.0046, conf=0.9954, points=4, 1.2ms)
2026-03-18 20:03:11,492 [INFO] core.cycle_fsm: Cabin 15: IDLE -> COLLECTING (angle 104.4бу crossed 100.0бу)
2026-03-18 20:03:11,493 [INFO] core.cycle_fsm: Cabin 2: COLLECTING -> PROCESSING (angle 277.1бу reached end 276.0бу (4 points), 0.395s)
2026-03-18 20:03:11,494 [INFO] core.cycle_fsm: Cabin 14: IDLE -> COLLECTING (angle 103.6бу crossed 100.0бу)
2026-03-18 20:03:11,496 [INFO] pipeline.processing_loop: Cabin 2: LEAK (prob=0.0355, conf=0.9645, points=4, 1.2ms)
2026-03-18 20:03:11,550 [INFO] core.cycle_fsm: Cabin 13: IDLE -> COLLECTING (angle 103.7бу crossed 100.0бу)
2026-03-18 20:03:11,550 [INFO] core.cycle_fsm: Cabin 25: COLLECTING -> PROCESSING (angle 278.6бу reached end 276.0бу (4 points), 0.408s)
2026-03-18 20:03:11,551 [INFO] core.cycle_fsm: Cabin 1: COLLECTING -> PROCESSING (angle 278.8бу reached end 276.0бу (4 points), 0.399s)
2026-03-18 20:03:11,551 [INFO] core.cycle_fsm: Cabin 24: COLLECTING -> PROCESSING (angle 280.8бу reached end 276.0бу (4 points), 0.388s)
2026-03-18 20:03:11,554 [INFO] pipeline.processing_loop: Cabin 1: OK (prob=0.9803, conf=0.9803, points=4, 1.4ms)
2026-03-18 20:03:11,557 [INFO] pipeline.processing_loop: Cabin 24: LEAK (prob=0.0001, conf=0.9999, points=4, 1.2ms)
2026-03-18 20:03:11,558 [INFO] pipeline.processing_loop: Cabin 25: NO_BOTTLE (max=3.9 < 50.0, points=4)
2026-03-18 20:03:11,611 [INFO] core.cycle_fsm: Cabin 11: IDLE -> COLLECTING (angle 100.2бу crossed 100.0бу)
2026-03-18 20:03:11,612 [INFO] core.cycle_fsm: Cabin 22: COLLECTING -> PROCESSING (angle 279.9бу reached end 276.0бу (4 points), 0.386s)
2026-03-18 20:03:11,614 [INFO] core.cycle_fsm: Cabin 20: COLLECTING -> PROCESSING (angle 279.0бу reached end 276.0бу (4 points), 0.377s)
2026-03-18 20:03:11,614 [INFO] core.cycle_fsm: Cabin 10: IDLE -> COLLECTING (angle 104.2бу crossed 100.0бу)
2026-03-18 20:03:11,616 [INFO] pipeline.processing_loop: Cabin 20: NO_BOTTLE (max=3.1 < 50.0, points=4)
2026-03-18 20:03:11,619 [INFO] pipeline.processing_loop: Cabin 22: LEAK (prob=0.0014, conf=0.9986, points=4, 1.2ms)
2026-03-18 20:03:11,672 [INFO] core.cycle_fsm: Cabin 9: IDLE -> COLLECTING (angle 102.1бу crossed 100.0бу)
2026-03-18 20:03:11,673 [INFO] core.cycle_fsm: Cabin 12: IDLE -> COLLECTING (angle 104.1бу crossed 100.0бу)
2026-03-18 20:03:11,673 [INFO] core.cycle_fsm: Cabin 8: IDLE -> COLLECTING (angle 101.4бу crossed 100.0бу)
2026-03-18 20:03:11,675 [INFO] core.cycle_fsm: Cabin 23: COLLECTING -> PROCESSING (angle 277.7бу reached end 276.0бу (4 points), 0.395s)
2026-03-18 20:03:11,675 [INFO] core.cycle_fsm: Cabin 7: IDLE -> COLLECTING (angle 101.7бу crossed 100.0бу)
2026-03-18 20:03:11,676 [INFO] core.cycle_fsm: Cabin 21: COLLECTING -> PROCESSING (angle 276.3бу reached end 276.0бу (4 points), 0.386s)
2026-03-18 20:03:11,679 [INFO] pipeline.processing_loop: Cabin 21: OK (prob=0.9368, conf=0.9368, points=4, 2.0ms)
2026-03-18 20:03:11,683 [INFO] pipeline.processing_loop: Cabin 23: OK (prob=0.9998, conf=0.9998, points=4, 1.2ms)
2026-03-18 20:03:11,736 [INFO] core.cycle_fsm: Cabin 19: COLLECTING -> PROCESSING (angle 280.6бу reached end 276.0бу (4 points), 0.414s)
2026-03-18 20:03:11,738 [INFO] core.cycle_fsm: Cabin 5: IDLE -> COLLECTING (angle 103.8бу crossed 100.0бу)
2026-03-18 20:03:11,739 [INFO] core.cycle_fsm: Cabin 6: IDLE -> COLLECTING (angle 102.0бу crossed 100.0бу)
2026-03-18 20:03:11,742 [INFO] pipeline.processing_loop: Cabin 19: OK (prob=0.5424, conf=0.5424, points=4, 1.7ms)
2026-03-18 20:03:11,795 [INFO] core.cycle_fsm: Cabin 18: COLLECTING -> PROCESSING (angle 277.6бу reached end 276.0бу (4 points), 0.398s)
2026-03-18 20:03:11,796 [INFO] core.cycle_fsm: Cabin 3: IDLE -> COLLECTING (angle 101.7бу crossed 100.0бу)
2026-03-18 20:03:11,798 [INFO] core.cycle_fsm: Cabin 16: COLLECTING -> PROCESSING (angle 278.6бу reached end 276.0бу (4 points), 0.401s)
2026-03-18 20:03:11,798 [INFO] core.cycle_fsm: Cabin 17: COLLECTING -> PROCESSING (angle 276.2бу reached end 276.0бу (4 points), 0.391s)
2026-03-18 20:03:11,799 [INFO] core.cycle_fsm: Cabin 4: IDLE -> COLLECTING (angle 103.4бу crossed 100.0бу)
2026-03-18 20:03:11,801 [INFO] pipeline.processing_loop: Cabin 16: LEAK (prob=0.0020, conf=0.9980, points=4, 1.4ms)
2026-03-18 20:03:11,804 [INFO] pipeline.processing_loop: Cabin 17: OK (prob=0.9745, conf=0.9745, points=4, 1.3ms)
2026-03-18 20:03:11,807 [INFO] pipeline.processing_loop: Cabin 18: LEAK (prob=0.0005, conf=0.9995, points=4, 1.3ms)
2026-03-18 20:03:11,860 [INFO] core.cycle_fsm: Cabin 15: COLLECTING -> PROCESSING (angle 280.4бу reached end 276.0бу (4 points), 0.411s)
2026-03-18 20:03:11,861 [INFO] core.cycle_fsm: Cabin 14: COLLECTING -> PROCESSING (angle 279.3бу reached end 276.0бу (4 points), 0.401s)
2026-03-18 20:03:11,861 [INFO] core.cycle_fsm: Cabin 2: IDLE -> COLLECTING (angle 101.7бу crossed 100.0бу)
2026-03-18 20:03:11,864 [INFO] pipeline.processing_loop: Cabin 14: LEAK (prob=0.0056, conf=0.9944, points=4, 1.7ms)
2026-03-18 20:03:11,866 [INFO] pipeline.processing_loop: Cabin 15: NO_BOTTLE (max=4.1 < 50.0, points=4)
2026-03-18 20:03:11,920 [INFO] core.cycle_fsm: Cabin 13: COLLECTING -> PROCESSING (angle 280.8бу reached end 276.0бу (4 points), 0.416s)
2026-03-18 20:03:11,921 [INFO] core.cycle_fsm: Cabin 25: IDLE -> COLLECTING (angle 102.6бу crossed 100.0бу)
2026-03-18 20:03:11,921 [INFO] core.cycle_fsm: Cabin 1: IDLE -> COLLECTING (angle 104.3бу crossed 100.0бу)
2026-03-18 20:03:11,923 [INFO] core.cycle_fsm: Cabin 24: IDLE -> COLLECTING (angle 102.9бу crossed 100.0бу)
2026-03-18 20:03:11,924 [INFO] pipeline.processing_loop: Cabin 13: OK (prob=0.9128, conf=0.9128, points=4, 1.4ms)
2026-03-18 20:03:11,979 [INFO] core.cycle_fsm: Cabin 11: COLLECTING -> PROCESSING (angle 280.6бу reached end 276.0бу (4 points), 0.412s)
2026-03-18 20:03:11,980 [INFO] core.cycle_fsm: Cabin 22: IDLE -> COLLECTING (angle 101.5бу crossed 100.0бу)
2026-03-18 20:03:11,981 [INFO] core.cycle_fsm: Cabin 10: COLLECTING -> PROCESSING (angle 281.2бу reached end 276.0бу (4 points), 0.372s)
2026-03-18 20:03:11,981 [INFO] core.cycle_fsm: Cabin 20: IDLE -> COLLECTING (angle 100.6бу crossed 100.0бу)
2026-03-18 20:03:11,982 [INFO] pipeline.processing_loop: Cabin 10: NO_BOTTLE (max=3.4 < 50.0, points=4)
2026-03-18 20:03:11,985 [INFO] pipeline.processing_loop: Cabin 11: OK (prob=0.9467, conf=0.9467, points=4, 1.5ms)
2026-03-18 20:03:12,039 [INFO] core.cycle_fsm: Cabin 9: COLLECTING -> PROCESSING (angle 279.9бу reached end 276.0бу (4 points), 0.420s)
2026-03-18 20:03:12,039 [INFO] core.cycle_fsm: Cabin 12: COLLECTING -> PROCESSING (angle 280.2бу reached end 276.0бу (4 points), 0.420s)
2026-03-18 20:03:12,041 [INFO] core.cycle_fsm: Cabin 8: COLLECTING -> PROCESSING (angle 279.0бу reached end 276.0бу (4 points), 0.410s)
2026-03-18 20:03:12,042 [INFO] core.cycle_fsm: Cabin 7: COLLECTING -> PROCESSING (angle 279.6бу reached end 276.0бу (4 points), 0.401s)
2026-03-18 20:03:12,042 [INFO] core.cycle_fsm: Cabin 23: IDLE -> COLLECTING (angle 103.0бу crossed 100.0бу)
2026-03-18 20:03:12,044 [INFO] core.cycle_fsm: Cabin 21: IDLE -> COLLECTING (angle 103.3бу crossed 100.0бу)
2026-03-18 20:03:12,047 [INFO] pipeline.processing_loop: Cabin 7: OK (prob=0.9724, conf=0.9724, points=4, 1.4ms)
2026-03-18 20:03:12,049 [INFO] pipeline.processing_loop: Cabin 8: OK (prob=0.9810, conf=0.9810, points=4, 1.2ms)
2026-03-18 20:03:12,051 [INFO] pipeline.processing_loop: Cabin 9: OK (prob=0.9947, conf=0.9947, points=4, 1.9ms)
2026-03-18 20:03:12,055 [INFO] pipeline.processing_loop: Cabin 12: LEAK (prob=0.0054, conf=0.9946, points=4, 1.4ms)
2026-03-18 20:03:12,108 [INFO] core.cycle_fsm: Cabin 5: COLLECTING -> PROCESSING (angle 279.9бу reached end 276.0бу (4 points), 0.414s)
2026-03-18 20:03:12,109 [INFO] core.cycle_fsm: Cabin 6: COLLECTING -> PROCESSING (angle 278.5бу reached end 276.0бу (4 points), 0.416s)
2026-03-18 20:03:12,109 [INFO] core.cycle_fsm: Cabin 19: IDLE -> COLLECTING (angle 103.1бу crossed 100.0бу)
2026-03-18 20:03:12,111 [INFO] pipeline.processing_loop: Cabin 5: NO_BOTTLE (max=4.6 < 50.0, points=4)
2026-03-18 20:03:12,114 [INFO] pipeline.processing_loop: Cabin 6: LEAK (prob=0.0026, conf=0.9974, points=4, 1.5ms)
2026-03-18 20:03:12,167 [INFO] core.cycle_fsm: Cabin 3: COLLECTING -> PROCESSING (angle 278.7бу reached end 276.0бу (4 points), 0.409s)
2026-03-18 20:03:12,167 [INFO] core.cycle_fsm: Cabin 4: COLLECTING -> PROCESSING (angle 279.7бу reached end 276.0бу (4 points), 0.398s)
2026-03-18 20:03:12,169 [INFO] core.cycle_fsm: Cabin 16: IDLE -> COLLECTING (angle 100.6бу crossed 100.0бу)
2026-03-18 20:03:12,171 [INFO] core.cycle_fsm: Cabin 18: IDLE -> COLLECTING (angle 104.5бу crossed 100.0бу)
2026-03-18 20:03:12,171 [INFO] core.cycle_fsm: Cabin 17: IDLE -> COLLECTING (angle 104.0бу crossed 100.0бу)
2026-03-18 20:03:12,174 [INFO] pipeline.processing_loop: Cabin 3: OK (prob=0.9373, conf=0.9373, points=4, 1.5ms)
2026-03-18 20:03:12,177 [INFO] pipeline.processing_loop: Cabin 4: LEAK (prob=0.0011, conf=0.9989, points=4, 1.8ms)
2026-03-18 20:03:12,230 [INFO] core.cycle_fsm: Cabin 15: IDLE -> COLLECTING (angle 103.7бу crossed 100.0бу)
2026-03-18 20:03:12,231 [INFO] core.cycle_fsm: Cabin 14: IDLE -> COLLECTING (angle 103.4бу crossed 100.0бу)
2026-03-18 20:03:12,231 [INFO] core.cycle_fsm: Cabin 2: COLLECTING -> PROCESSING (angle 279.2бу reached end 276.0бу (4 points), 0.388s)
2026-03-18 20:03:12,234 [INFO] pipeline.processing_loop: Cabin 2: LEAK (prob=0.0064, conf=0.9936, points=4, 1.4ms)
2026-03-18 20:03:12,276 [INFO] pipeline.processing_loop: ProcessingLoop resumed
2026-03-18 20:03:12,288 [INFO] core.cycle_fsm: Cabin 13: IDLE -> COLLECTING (angle 102.9бу crossed 100.0бу)
2026-03-18 20:03:12,289 [INFO] core.cycle_fsm: Cabin 25: COLLECTING -> PROCESSING (angle 277.9бу reached end 276.0бу (4 points), 0.414s)
2026-03-18 20:03:12,290 [INFO] core.cycle_fsm: Cabin 24: COLLECTING -> PROCESSING (angle 277.0бу reached end 276.0бу (4 points), 0.394s)
2026-03-18 20:03:12,291 [INFO] core.cycle_fsm: Cabin 1: COLLECTING -> PROCESSING (angle 279.5бу reached end 276.0бу (4 points), 0.395s)
2026-03-18 20:03:12,293 [INFO] pipeline.processing_loop: Cabin 1: OK (prob=0.9855, conf=0.9855, points=4, 1.3ms)
2026-03-18 20:03:12,296 [INFO] pipeline.processing_loop: Cabin 24: LEAK (prob=0.0021, conf=0.9979, points=4, 1.3ms)
2026-03-18 20:03:12,298 [INFO] pipeline.processing_loop: Cabin 25: NO_BOTTLE (max=3.8 < 50.0, points=4)
2026-03-18 20:03:12,351 [INFO] core.cycle_fsm: Cabin 11: IDLE -> COLLECTING (angle 102.9бу crossed 100.0бу)
2026-03-18 20:03:12,352 [INFO] core.cycle_fsm: Cabin 22: COLLECTING -> PROCESSING (angle 277.7бу reached end 276.0бу (4 points), 0.393s)
2026-03-18 20:03:12,354 [INFO] core.cycle_fsm: Cabin 20: COLLECTING -> PROCESSING (angle 276.5бу reached end 276.0бу (4 points), 0.384s)
2026-03-18 20:03:12,354 [INFO] core.cycle_fsm: Cabin 10: IDLE -> COLLECTING (angle 103.0бу crossed 100.0бу)
2026-03-18 20:03:12,356 [INFO] pipeline.processing_loop: Cabin 20: NO_BOTTLE (max=2.7 < 50.0, points=4)
2026-03-18 20:03:12,359 [INFO] pipeline.processing_loop: Cabin 22: LEAK (prob=0.0040, conf=0.9960, points=4, 1.2ms)
2026-03-18 20:03:12,412 [INFO] core.cycle_fsm: Cabin 9: IDLE -> COLLECTING (angle 100.5бу crossed 100.0бу)
2026-03-18 20:03:12,413 [INFO] core.cycle_fsm: Cabin 12: IDLE -> COLLECTING (angle 103.1бу crossed 100.0бу)
2026-03-18 20:03:12,414 [INFO] core.cycle_fsm: Cabin 8: IDLE -> COLLECTING (angle 100.2бу crossed 100.0бу)
2026-03-18 20:03:12,414 [INFO] core.cycle_fsm: Cabin 23: COLLECTING -> PROCESSING (angle 279.0бу reached end 276.0бу (4 points), 0.413s)
2026-03-18 20:03:12,416 [INFO] core.cycle_fsm: Cabin 7: IDLE -> COLLECTING (angle 101.7бу crossed 100.0бу)
2026-03-18 20:03:12,417 [INFO] core.cycle_fsm: Cabin 21: COLLECTING -> PROCESSING (angle 280.6бу reached end 276.0бу (4 points), 0.384s)
2026-03-18 20:03:12,419 [INFO] pipeline.processing_loop: Cabin 21: OK (prob=0.9170, conf=0.9170, points=4, 1.4ms)
2026-03-18 20:03:12,422 [INFO] pipeline.processing_loop: Cabin 23: OK (prob=0.3185, conf=0.3185, points=4, 1.2ms)
2026-03-18 20:03:12,475 [INFO] core.cycle_fsm: Cabin 19: COLLECTING -> PROCESSING (angle 279.5бу reached end 276.0бу (4 points), 0.421s)
2026-03-18 20:03:12,475 [INFO] core.cycle_fsm: Cabin 5: IDLE -> COLLECTING (angle 102.2бу crossed 100.0бу)
2026-03-18 20:03:12,476 [INFO] core.cycle_fsm: Cabin 6: IDLE -> COLLECTING (angle 103.5бу crossed 100.0бу)
2026-03-18 20:03:12,480 [INFO] pipeline.processing_loop: Cabin 19: OK (prob=0.9998, conf=0.9998, points=4, 1.5ms)
2026-03-18 20:03:12,533 [INFO] core.cycle_fsm: Cabin 16: COLLECTING -> PROCESSING (angle 277.8бу reached end 276.0бу (4 points), 0.403s)
2026-03-18 20:03:12,533 [INFO] core.cycle_fsm: Cabin 18: COLLECTING -> PROCESSING (angle 279.9бу reached end 276.0бу (4 points), 0.403s)
2026-03-18 20:03:12,534 [INFO] core.cycle_fsm: Cabin 3: IDLE -> COLLECTING (angle 104.8бу crossed 100.0бу)
2026-03-18 20:03:12,534 [INFO] core.cycle_fsm: Cabin 4: IDLE -> COLLECTING (angle 101.2бу crossed 100.0бу)
2026-03-18 20:03:12,536 [INFO] core.cycle_fsm: Cabin 17: COLLECTING -> PROCESSING (angle 280.0бу reached end 276.0бу (4 points), 0.395s)
2026-03-18 20:03:12,537 [INFO] pipeline.processing_loop: Cabin 16: LEAK (prob=0.0015, conf=0.9985, points=4, 1.2ms)
2026-03-18 20:03:12,540 [INFO] pipeline.processing_loop: Cabin 17: OK (prob=0.9999, conf=0.9999, points=4, 1.0ms)
2026-03-18 20:03:12,542 [INFO] pipeline.processing_loop: Cabin 18: LEAK (prob=0.0005, conf=0.9995, points=4, 0.9ms)
2026-03-18 20:03:12,596 [INFO] core.cycle_fsm: Cabin 15: COLLECTING -> PROCESSING (angle 276.0бу reached end 276.0бу (4 points), 0.412s)
2026-03-18 20:03:12,597 [INFO] core.cycle_fsm: Cabin 14: COLLECTING -> PROCESSING (angle 278.0бу reached end 276.0бу (4 points), 0.403s)
2026-03-18 20:03:12,597 [INFO] core.cycle_fsm: Cabin 2: IDLE -> COLLECTING (angle 101.5бу crossed 100.0бу)
2026-03-18 20:03:12,600 [INFO] pipeline.processing_loop: Cabin 14: LEAK (prob=0.0145, conf=0.9855, points=4, 1.2ms)
2026-03-18 20:03:12,600 [INFO] pipeline.processing_loop: Cabin 15: NO_BOTTLE (max=1.3 < 50.0, points=4)
2026-03-18 20:03:12,662 [INFO] core.cycle_fsm: Cabin 13: COLLECTING -> PROCESSING (angle 279.7бу reached end 276.0бу (4 points), 0.426s)
2026-03-18 20:03:12,669 [INFO] core.cycle_fsm: Cabin 25: IDLE -> COLLECTING (angle 100.6бу crossed 100.0бу)
2026-03-18 20:03:12,671 [INFO] core.cycle_fsm: Cabin 1: IDLE -> COLLECTING (angle 101.4бу crossed 100.0бу)
2026-03-18 20:03:12,685 [INFO] core.cycle_fsm: Cabin 24: IDLE -> COLLECTING (angle 102.5бу crossed 100.0бу)
2026-03-18 20:03:12,729 [INFO] pipeline.processing_loop: Cabin 13: OK (prob=0.9988, conf=0.9988, points=4, 40.7ms)
2026-03-18 20:03:12,782 [INFO] core.cycle_fsm: Cabin 11: COLLECTING -> PROCESSING (angle 280.4бу reached end 276.0бу (4 points), 0.473s)
2026-03-18 20:03:12,784 [INFO] core.cycle_fsm: Cabin 10: COLLECTING -> PROCESSING (angle 279.6бу reached end 276.0бу (4 points), 0.442s)
2026-03-18 20:03:12,786 [INFO] core.cycle_fsm: Cabin 22: IDLE -> COLLECTING (angle 104.5бу crossed 100.0бу)
2026-03-18 20:03:12,786 [INFO] core.cycle_fsm: Cabin 9: COLLECTING -> PROCESSING (angle 276.8бу reached end 276.0бу (4 points), 0.433s)
2026-03-18 20:03:12,787 [INFO] core.cycle_fsm: Cabin 12: COLLECTING -> PROCESSING (angle 280.3бу reached end 276.0бу (4 points), 0.435s)
2026-03-18 20:03:12,788 [INFO] core.cycle_fsm: Cabin 20: IDLE -> COLLECTING (angle 103.8бу crossed 100.0бу)
2026-03-18 20:03:12,789 [INFO] core.cycle_fsm: Cabin 8: COLLECTING -> PROCESSING (angle 276.9бу reached end 276.0бу (4 points), 0.426s)
2026-03-18 20:03:12,789 [INFO] core.cycle_fsm: Cabin 7: COLLECTING -> PROCESSING (angle 279.8бу reached end 276.0бу (4 points), 0.416s)
2026-03-18 20:03:12,790 [INFO] core.cycle_fsm: Cabin 23: IDLE -> COLLECTING (angle 101.2бу crossed 100.0бу)
2026-03-18 20:03:12,790 [INFO] core.cycle_fsm: Cabin 21: IDLE -> COLLECTING (angle 101.3бу crossed 100.0бу)
2026-03-18 20:03:12,793 [INFO] pipeline.processing_loop: Cabin 7: OK (prob=0.9889, conf=0.9889, points=4, 1.2ms)
2026-03-18 20:03:12,796 [INFO] pipeline.processing_loop: Cabin 8: LEAK (prob=0.0060, conf=0.9940, points=4, 2.1ms)
2026-03-18 20:03:12,799 [INFO] pipeline.processing_loop: Cabin 9: OK (prob=0.9991, conf=0.9991, points=4, 1.1ms)
2026-03-18 20:03:12,800 [INFO] pipeline.processing_loop: Cabin 10: NO_BOTTLE (max=3.4 < 50.0, points=4)
2026-03-18 20:03:12,802 [INFO] pipeline.processing_loop: Cabin 11: OK (prob=1.0000, conf=1.0000, points=4, 0.9ms)
2026-03-18 20:03:12,804 [INFO] pipeline.processing_loop: Cabin 12: LEAK (prob=0.0041, conf=0.9959, points=4, 0.9ms)
2026-03-18 20:03:12,858 [INFO] core.cycle_fsm: Cabin 5: COLLECTING -> PROCESSING (angle 277.4бу reached end 276.0бу (4 points), 0.432s)
2026-03-18 20:03:12,859 [INFO] core.cycle_fsm: Cabin 19: IDLE -> COLLECTING (angle 101.6бу crossed 100.0бу)
2026-03-18 20:03:12,860 [INFO] core.cycle_fsm: Cabin 6: COLLECTING -> PROCESSING (angle 280.5бу reached end 276.0бу (4 points), 0.423s)
2026-03-18 20:03:12,860 [INFO] core.cycle_fsm: Cabin 3: COLLECTING -> PROCESSING (angle 276.8бу reached end 276.0бу (4 points), 0.360s)
2026-03-18 20:03:12,863 [INFO] pipeline.processing_loop: Cabin 3: OK (prob=0.9996, conf=0.9996, points=4, 1.3ms)
2026-03-18 20:03:12,863 [INFO] pipeline.processing_loop: Cabin 5: NO_BOTTLE (max=3.5 < 50.0, points=4)
2026-03-18 20:03:12,866 [INFO] pipeline.processing_loop: Cabin 6: LEAK (prob=0.0024, conf=0.9976, points=4, 0.9ms)
2026-03-18 20:03:12,919 [INFO] core.cycle_fsm: Cabin 4: COLLECTING -> PROCESSING (angle 276.5бу reached end 276.0бу (4 points), 0.419s)
2026-03-18 20:03:12,920 [INFO] core.cycle_fsm: Cabin 16: IDLE -> COLLECTING (angle 100.5бу crossed 100.0бу)
2026-03-18 20:03:12,920 [INFO] core.cycle_fsm: Cabin 17: IDLE -> COLLECTING (angle 102.2бу crossed 100.0бу)
2026-03-18 20:03:12,922 [INFO] core.cycle_fsm: Cabin 18: IDLE -> COLLECTING (angle 104.4бу crossed 100.0бу)
2026-03-18 20:03:12,922 [INFO] core.cycle_fsm: Cabin 15: IDLE -> COLLECTING (angle 103.7бу crossed 100.0бу)
2026-03-18 20:03:12,925 [INFO] pipeline.processing_loop: Cabin 4: LEAK (prob=0.0135, conf=0.9865, points=4, 1.2ms)
2026-03-18 20:03:12,977 [INFO] core.cycle_fsm: Cabin 2: COLLECTING -> PROCESSING (angle 277.4бу reached end 276.0бу (4 points), 0.401s)
2026-03-18 20:03:12,979 [INFO] core.cycle_fsm: Cabin 14: IDLE -> COLLECTING (angle 104.7бу crossed 100.0бу)
2026-03-18 20:03:12,980 [INFO] core.cycle_fsm: Cabin 13: IDLE -> COLLECTING (angle 102.6бу crossed 100.0бу)
2026-03-18 20:03:12,980 [INFO] core.cycle_fsm: Cabin 25: COLLECTING -> PROCESSING (angle 276.4бу reached end 276.0бу (4 points), 0.374s)
2026-03-18 20:03:12,983 [INFO] pipeline.processing_loop: Cabin 2: LEAK (prob=0.0013, conf=0.9987, points=4, 1.4ms)
2026-03-18 20:03:12,983 [INFO] pipeline.processing_loop: Cabin 25: NO_BOTTLE (max=4.7 < 50.0, points=4)
2026-03-18 20:03:13,037 [INFO] core.cycle_fsm: Cabin 1: COLLECTING -> PROCESSING (angle 279.0бу reached end 276.0бу (4 points), 0.410s)
2026-03-18 20:03:13,038 [INFO] core.cycle_fsm: Cabin 24: COLLECTING -> PROCESSING (angle 280.3бу reached end 276.0бу (4 points), 0.411s)
2026-03-18 20:03:13,041 [INFO] pipeline.processing_loop: Cabin 1: OK (prob=1.0000, conf=1.0000, points=4, 1.2ms)
2026-03-18 20:03:13,043 [INFO] pipeline.processing_loop: Cabin 24: LEAK (prob=0.0008, conf=0.9992, points=4, 1.3ms)
2026-03-18 20:03:13,096 [INFO] core.cycle_fsm: Cabin 11: IDLE -> COLLECTING (angle 102.7бу crossed 100.0бу)
2026-03-18 20:03:13,096 [INFO] core.cycle_fsm: Cabin 22: COLLECTING -> PROCESSING (angle 278.2бу reached end 276.0бу (4 points), 0.394s)
2026-03-18 20:03:13,098 [INFO] core.cycle_fsm: Cabin 10: IDLE -> COLLECTING (angle 102.8бу crossed 100.0бу)
2026-03-18 20:03:13,098 [INFO] core.cycle_fsm: Cabin 20: COLLECTING -> PROCESSING (angle 281.0бу reached end 276.0бу (4 points), 0.385s)
2026-03-18 20:03:13,099 [INFO] core.cycle_fsm: Cabin 12: IDLE -> COLLECTING (angle 103.4бу crossed 100.0бу)
2026-03-18 20:03:13,099 [INFO] core.cycle_fsm: Cabin 9: IDLE -> COLLECTING (angle 103.4бу crossed 100.0бу)
2026-03-18 20:03:13,101 [INFO] core.cycle_fsm: Cabin 23: COLLECTING -> PROCESSING (angle 278.5бу reached end 276.0бу (4 points), 0.367s)
2026-03-18 20:03:13,103 [INFO] pipeline.processing_loop: Cabin 20: NO_BOTTLE (max=3.1 < 50.0, points=4)
2026-03-18 20:03:13,106 [INFO] pipeline.processing_loop: Cabin 22: LEAK (prob=0.0002, conf=0.9998, points=4, 1.4ms)
2026-03-18 20:03:13,107 [INFO] pipeline.processing_loop: Cabin 23: OK (prob=0.7505, conf=0.7505, points=4, 1.0ms)
2026-03-18 20:03:13,161 [INFO] core.cycle_fsm: Cabin 7: IDLE -> COLLECTING (angle 100.4бу crossed 100.0бу)
2026-03-18 20:03:13,161 [INFO] pipeline.processing_loop: ProcessingLoop paused
2026-03-18 20:03:13,162 [INFO] core.cycle_fsm: Cabin 8: IDLE -> COLLECTING (angle 102.6бу crossed 100.0бу)
2026-03-18 20:03:13,163 [INFO] core.cycle_fsm: Cabin 21: COLLECTING -> PROCESSING (angle 278.0бу reached end 276.0бу (4 points), 0.397s)
2026-03-18 20:03:13,163 [INFO] core.cycle_fsm: Cabin 19: COLLECTING -> PROCESSING (angle 278.3бу reached end 276.0бу (4 points), 0.376s)
2026-03-18 20:03:13,167 [INFO] pipeline.processing_loop: Cabin 19: OK (prob=0.9545, conf=0.9545, points=4, 1.7ms)
2026-03-18 20:03:13,170 [INFO] pipeline.processing_loop: Cabin 21: OK (prob=0.4567, conf=0.4567, points=4, 1.4ms)
2026-03-18 20:03:21,405 [INFO] pipeline.processing_loop: ProcessingLoop paused
2026-03-18 20:03:25,819 [INFO] storage.data_exporter: Exported 682 records to D:\projects\ldporj_bsys_test\export_2026-03-18_200325.csv
2026-03-18 20:03:25,820 [INFO] pipeline.processing_loop: ProcessingLoop resumed
2026-03-18 20:03:25,870 [INFO] core.cycle_fsm: Cabin 5: IDLE -> COLLECTING (angle 104.7бу crossed 100.0бу)
2026-03-18 20:03:25,871 [INFO] core.cycle_fsm: Cabin 6: IDLE -> COLLECTING (angle 102.9бу crossed 100.0бу)
2026-03-18 20:03:25,873 [INFO] core.cycle_fsm: Cabin 16: COLLECTING -> PROCESSING (angle 278.0бу reached end 276.0бу (4 points), 13.011s)
2026-03-18 20:03:25,873 [INFO] core.cycle_fsm: Cabin 3: IDLE -> COLLECTING (angle 103.5бу crossed 100.0бу)
2026-03-18 20:03:25,875 [INFO] core.cycle_fsm: Cabin 17: COLLECTING -> PROCESSING (angle 279.0бу reached end 276.0бу (4 points), 13.002s)
2026-03-18 20:03:25,875 [INFO] core.cycle_fsm: Cabin 18: COLLECTING -> PROCESSING (angle 281.1бу reached end 276.0бу (4 points), 13.002s)
2026-03-18 20:03:25,876 [INFO] core.cycle_fsm: Cabin 4: IDLE -> COLLECTING (angle 102.5бу crossed 100.0бу)
2026-03-18 20:03:25,876 [INFO] core.cycle_fsm: Cabin 15: COLLECTING -> PROCESSING (angle 280.9бу reached end 276.0бу (4 points), 12.961s)
2026-03-18 20:03:25,878 [INFO] core.cycle_fsm: Cabin 14: COLLECTING -> PROCESSING (angle 276.2бу reached end 276.0бу (4 points), 12.941s)
2026-03-18 20:03:25,878 [INFO] core.cycle_fsm: Cabin 2: IDLE -> COLLECTING (angle 104.1бу crossed 100.0бу)
2026-03-18 20:03:25,879 [INFO] core.cycle_fsm: Cabin 13: COLLECTING -> PROCESSING (angle 278.3бу reached end 276.0бу (4 points), 12.911s)
2026-03-18 20:03:25,879 [INFO] core.cycle_fsm: Cabin 25: IDLE -> COLLECTING (angle 103.6бу crossed 100.0бу)
2026-03-18 20:03:25,881 [INFO] core.cycle_fsm: Cabin 24: IDLE -> COLLECTING (angle 103.9бу crossed 100.0бу)
2026-03-18 20:03:25,881 [INFO] core.cycle_fsm: Cabin 1: IDLE -> COLLECTING (angle 104.8бу crossed 100.0бу)
2026-03-18 20:03:25,881 [INFO] core.cycle_fsm: Cabin 11: COLLECTING -> PROCESSING (angle 280.0бу reached end 276.0бу (4 points), 12.839s)
2026-03-18 20:03:25,882 [INFO] core.cycle_fsm: Cabin 22: IDLE -> COLLECTING (angle 100.5бу crossed 100.0бу)
2026-03-18 20:03:25,882 [INFO] core.cycle_fsm: Cabin 10: COLLECTING -> PROCESSING (angle 277.8бу reached end 276.0бу (4 points), 12.809s)
2026-03-18 20:03:25,884 [INFO] core.cycle_fsm: Cabin 12: COLLECTING -> PROCESSING (angle 280.4бу reached end 276.0бу (4 points), 12.800s)
2026-03-18 20:03:25,884 [INFO] core.cycle_fsm: Cabin 20: IDLE -> COLLECTING (angle 102.5бу crossed 100.0бу)
2026-03-18 20:03:25,886 [INFO] core.cycle_fsm: Cabin 9: COLLECTING -> PROCESSING (angle 279.6бу reached end 276.0бу (4 points), 12.790s)
2026-03-18 20:03:25,886 [INFO] core.cycle_fsm: Cabin 7: COLLECTING -> PROCESSING (angle 276.9бу reached end 276.0бу (4 points), 12.780s)
2026-03-18 20:03:25,886 [INFO] core.cycle_fsm: Cabin 8: COLLECTING -> PROCESSING (angle 279.3бу reached end 276.0бу (4 points), 12.780s)
2026-03-18 20:03:25,887 [INFO] core.cycle_fsm: Cabin 23: IDLE -> COLLECTING (angle 101.3бу crossed 100.0бу)
2026-03-18 20:03:25,887 [INFO] core.cycle_fsm: Cabin 21: IDLE -> COLLECTING (angle 105.0бу crossed 100.0бу)
2026-03-18 20:03:25,887 [INFO] core.cycle_fsm: Cabin 5: COLLECTING -> PROCESSING (angle 280.1бу reached end 276.0бу (4 points), 12.719s)
2026-03-18 20:03:25,889 [INFO] core.cycle_fsm: Cabin 6: COLLECTING -> PROCESSING (angle 280.4бу reached end 276.0бу (4 points), 12.720s)
2026-03-18 20:03:25,889 [INFO] core.cycle_fsm: Cabin 19: IDLE -> COLLECTING (angle 104.5бу crossed 100.0бу)
2026-03-18 20:03:25,890 [INFO] core.cycle_fsm: Cabin 3: COLLECTING -> PROCESSING (angle 280.8бу reached end 276.0бу (4 points), 12.658s)
2026-03-18 20:03:25,890 [INFO] core.cycle_fsm: Cabin 4: COLLECTING -> PROCESSING (angle 279.0бу reached end 276.0бу (4 points), 12.647s)
2026-03-18 20:03:25,892 [INFO] core.cycle_fsm: Cabin 2: COLLECTING -> PROCESSING (angle 278.8бу reached end 276.0бу (4 points), 12.574s)
2026-03-18 20:03:25,893 [INFO] core.cycle_fsm: Cabin 25: COLLECTING -> PROCESSING (angle 276.3бу reached end 276.0бу (4 points), 12.540s)
2026-03-18 20:03:25,893 [INFO] core.cycle_fsm: Cabin 24: COLLECTING -> PROCESSING (angle 278.0бу reached end 276.0бу (4 points), 12.530s)
2026-03-18 20:03:25,893 [INFO] core.cycle_fsm: Cabin 1: COLLECTING -> PROCESSING (angle 281.1бу reached end 276.0бу (4 points), 12.519s)
2026-03-18 20:03:25,895 [INFO] core.cycle_fsm: Cabin 22: COLLECTING -> PROCESSING (angle 276.5бу reached end 276.0бу (4 points), 12.466s)
2026-03-18 20:03:25,896 [INFO] core.cycle_fsm: Cabin 20: COLLECTING -> PROCESSING (angle 279.4бу reached end 276.0бу (4 points), 12.445s)
2026-03-18 20:03:25,896 [INFO] core.cycle_fsm: Cabin 23: COLLECTING -> PROCESSING (angle 279.4бу reached end 276.0бу (4 points), 12.424s)
2026-03-18 20:03:25,896 [INFO] core.cycle_fsm: Cabin 21: COLLECTING -> PROCESSING (angle 280.9бу reached end 276.0бу (4 points), 12.381s)
2026-03-18 20:03:25,898 [INFO] core.cycle_fsm: Cabin 19: COLLECTING -> PROCESSING (angle 280.9бу reached end 276.0бу (4 points), 12.360s)
2026-03-18 20:03:25,914 [INFO] pipeline.processing_loop: Cabin 1: OK (prob=1.0000, conf=1.0000, points=4, 1.8ms)
2026-03-18 20:03:25,917 [INFO] pipeline.processing_loop: Cabin 2: LEAK (prob=0.0335, conf=0.9665, points=4, 1.1ms)
2026-03-18 20:03:25,918 [INFO] pipeline.processing_loop: Cabin 3: OK (prob=0.9766, conf=0.9766, points=4, 1.0ms)
2026-03-18 20:03:25,922 [INFO] pipeline.processing_loop: Cabin 4: LEAK (prob=0.0005, conf=0.9995, points=4, 1.2ms)
2026-03-18 20:03:25,925 [INFO] pipeline.processing_loop: Cabin 5: NO_BOTTLE (max=3.1 < 50.0, points=4)
2026-03-18 20:03:25,928 [INFO] pipeline.processing_loop: Cabin 6: LEAK (prob=0.0305, conf=0.9695, points=4, 1.2ms)
2026-03-18 20:03:25,930 [INFO] pipeline.processing_loop: Cabin 7: OK (prob=0.9874, conf=0.9874, points=4, 0.9ms)
2026-03-18 20:03:25,933 [INFO] pipeline.processing_loop: Cabin 8: LEAK (prob=0.0038, conf=0.9962, points=4, 1.1ms)
2026-03-18 20:03:25,936 [INFO] pipeline.processing_loop: Cabin 9: OK (prob=0.7536, conf=0.7536, points=4, 1.1ms)
2026-03-18 20:03:25,936 [INFO] pipeline.processing_loop: Cabin 10: NO_BOTTLE (max=6.1 < 50.0, points=4)
2026-03-18 20:03:25,944 [INFO] pipeline.processing_loop: Cabin 11: OK (prob=0.7368, conf=0.7368, points=4, 5.0ms)
2026-03-18 20:03:25,947 [INFO] pipeline.processing_loop: Cabin 12: LEAK (prob=0.0010, conf=0.9990, points=4, 1.2ms)
2026-03-18 20:03:25,950 [INFO] pipeline.processing_loop: Cabin 13: OK (prob=0.9458, conf=0.9458, points=4, 1.0ms)
2026-03-18 20:03:25,952 [INFO] pipeline.processing_loop: Cabin 14: LEAK (prob=0.0047, conf=0.9953, points=4, 1.0ms)
2026-03-18 20:03:25,953 [INFO] pipeline.processing_loop: Cabin 15: NO_BOTTLE (max=3.2 < 50.0, points=4)
2026-03-18 20:03:25,961 [INFO] pipeline.processing_loop: Cabin 16: LEAK (prob=0.0005, conf=0.9995, points=4, 5.8ms)
2026-03-18 20:03:25,963 [INFO] pipeline.processing_loop: Cabin 17: OK (prob=0.6448, conf=0.6448, points=4, 1.1ms)
2026-03-18 20:03:25,967 [INFO] pipeline.processing_loop: Cabin 18: LEAK (prob=0.0942, conf=0.9058, points=4, 2.2ms)
2026-03-18 20:03:25,969 [INFO] pipeline.processing_loop: Cabin 19: OK (prob=0.8829, conf=0.8829, points=4, 1.0ms)
2026-03-18 20:03:25,970 [INFO] pipeline.processing_loop: Cabin 20: NO_BOTTLE (max=3.7 < 50.0, points=4)
2026-03-18 20:03:25,976 [INFO] pipeline.processing_loop: Cabin 21: OK (prob=0.7310, conf=0.7310, points=4, 1.3ms)
2026-03-18 20:03:25,979 [INFO] pipeline.processing_loop: Cabin 22: LEAK (prob=0.0001, conf=0.9999, points=4, 1.4ms)
2026-03-18 20:03:25,981 [INFO] pipeline.processing_loop: Cabin 23: OK (prob=0.8836, conf=0.8836, points=4, 1.0ms)
2026-03-18 20:03:25,983 [INFO] pipeline.processing_loop: Cabin 24: LEAK (prob=0.0020, conf=0.9980, points=4, 0.9ms)
2026-03-18 20:03:25,983 [INFO] pipeline.processing_loop: Cabin 25: NO_BOTTLE (max=1.4 < 50.0, points=4)
2026-03-18 20:03:26,038 [INFO] core.cycle_fsm: Cabin 5: IDLE -> COLLECTING (angle 102.2бу crossed 100.0бу)
2026-03-18 20:03:26,039 [INFO] core.cycle_fsm: Cabin 6: IDLE -> COLLECTING (angle 102.7бу crossed 100.0бу)
2026-03-18 20:03:26,039 [INFO] core.cycle_fsm: Cabin 3: IDLE -> COLLECTING (angle 103.0бу crossed 100.0бу)
2026-03-18 20:03:26,041 [INFO] core.cycle_fsm: Cabin 4: IDLE -> COLLECTING (angle 100.3бу crossed 100.0бу)
2026-03-18 20:03:26,093 [INFO] core.cycle_fsm: Cabin 2: IDLE -> COLLECTING (angle 101.7бу crossed 100.0бу)
2026-03-18 20:03:26,147 [INFO] core.cycle_fsm: Cabin 24: IDLE -> COLLECTING (angle 103.2бу crossed 100.0бу)
2026-03-18 20:03:26,148 [INFO] core.cycle_fsm: Cabin 25: IDLE -> COLLECTING (angle 101.4бу crossed 100.0бу)
2026-03-18 20:03:26,150 [INFO] core.cycle_fsm: Cabin 1: IDLE -> COLLECTING (angle 100.5бу crossed 100.0бу)
2026-03-18 20:03:26,203 [INFO] core.cycle_fsm: Cabin 22: IDLE -> COLLECTING (angle 100.6бу crossed 100.0бу)
2026-03-18 20:03:26,204 [INFO] core.cycle_fsm: Cabin 20: IDLE -> COLLECTING (angle 104.9бу crossed 100.0бу)
2026-03-18 20:03:26,256 [INFO] core.cycle_fsm: Cabin 23: IDLE -> COLLECTING (angle 103.5бу crossed 100.0бу)
2026-03-18 20:03:26,257 [INFO] core.cycle_fsm: Cabin 21: IDLE -> COLLECTING (angle 100.4бу crossed 100.0бу)
2026-03-18 20:03:26,311 [INFO] core.cycle_fsm: Cabin 5: COLLECTING -> PROCESSING (angle 277.7бу reached end 276.0бу (4 points), 0.399s)
2026-03-18 20:03:26,311 [INFO] core.cycle_fsm: Cabin 19: IDLE -> COLLECTING (angle 104.5бу crossed 100.0бу)
2026-03-18 20:03:26,313 [INFO] core.cycle_fsm: Cabin 6: COLLECTING -> PROCESSING (angle 281.2бу reached end 276.0бу (4 points), 0.389s)
2026-03-18 20:03:26,314 [INFO] pipeline.processing_loop: Cabin 5: NO_BOTTLE (max=3.3 < 50.0, points=4)
2026-03-18 20:03:26,318 [INFO] pipeline.processing_loop: Cabin 6: LEAK (prob=0.0015, conf=0.9985, points=4, 1.6ms)
2026-03-18 20:03:26,371 [INFO] core.cycle_fsm: Cabin 3: COLLECTING -> PROCESSING (angle 280.8бу reached end 276.0бу (4 points), 0.394s)
2026-03-18 20:03:26,384 [INFO] core.cycle_fsm: Cabin 18: IDLE -> COLLECTING (angle 105.2бу crossed 100.0бу)
2026-03-18 20:03:26,386 [INFO] pipeline.processing_loop: Cabin 3: OK (prob=0.9773, conf=0.9773, points=4, 1.4ms)
2026-03-18 20:03:26,440 [INFO] core.cycle_fsm: Cabin 16: IDLE -> COLLECTING (angle 102.0бу crossed 100.0бу)
2026-03-18 20:03:26,440 [INFO] core.cycle_fsm: Cabin 17: IDLE -> COLLECTING (angle 105.1бу crossed 100.0бу)
2026-03-18 20:03:26,442 [INFO] core.cycle_fsm: Cabin 4: COLLECTING -> PROCESSING (angle 280.9бу reached end 276.0бу (4 points), 0.432s)
2026-03-18 20:03:26,443 [INFO] core.cycle_fsm: Cabin 14: IDLE -> COLLECTING (angle 100.8бу crossed 100.0бу)
2026-03-18 20:03:26,443 [INFO] core.cycle_fsm: Cabin 15: IDLE -> COLLECTING (angle 103.3бу crossed 100.0бу)
2026-03-18 20:03:26,445 [INFO] core.cycle_fsm: Cabin 2: COLLECTING -> PROCESSING (angle 279.5бу reached end 276.0бу (4 points), 0.372s)
2026-03-18 20:03:26,448 [INFO] pipeline.processing_loop: Cabin 2: LEAK (prob=0.1171, conf=0.8829, points=4, 1.7ms)
2026-03-18 20:03:26,451 [INFO] pipeline.processing_loop: Cabin 4: LEAK (prob=0.0034, conf=0.9966, points=4, 1.4ms)
2026-03-18 20:03:26,503 [INFO] core.cycle_fsm: Cabin 24: COLLECTING -> PROCESSING (angle 279.6бу reached end 276.0бу (4 points), 0.409s)
2026-03-18 20:03:26,505 [INFO] core.cycle_fsm: Cabin 25: COLLECTING -> PROCESSING (angle 278.2бу reached end 276.0бу (4 points), 0.411s)
2026-03-18 20:03:26,507 [INFO] core.cycle_fsm: Cabin 13: IDLE -> COLLECTING (angle 105.0бу crossed 100.0бу)
2026-03-18 20:03:26,508 [INFO] core.cycle_fsm: Cabin 1: COLLECTING -> PROCESSING (angle 276.8бу reached end 276.0бу (4 points), 0.392s)
2026-03-18 20:03:26,509 [INFO] pipeline.processing_loop: Cabin 1: OK (prob=0.9803, conf=0.9803, points=4, 1.3ms)
2026-03-18 20:03:26,511 [INFO] pipeline.processing_loop: Cabin 24: LEAK (prob=0.0008, conf=0.9992, points=4, 0.8ms)
2026-03-18 20:03:26,512 [INFO] pipeline.processing_loop: Cabin 25: NO_BOTTLE (max=2.6 < 50.0, points=4)
2026-03-18 20:03:26,566 [INFO] core.cycle_fsm: Cabin 11: IDLE -> COLLECTING (angle 103.4бу crossed 100.0бу)
2026-03-18 20:03:26,567 [INFO] core.cycle_fsm: Cabin 12: IDLE -> COLLECTING (angle 102.6бу crossed 100.0бу)
2026-03-18 20:03:26,567 [INFO] core.cycle_fsm: Cabin 20: COLLECTING -> PROCESSING (angle 277.3бу reached end 276.0бу (4 points), 0.366s)
2026-03-18 20:03:26,569 [INFO] core.cycle_fsm: Cabin 22: COLLECTING -> PROCESSING (angle 278.5бу reached end 276.0бу (4 points), 0.378s)
2026-03-18 20:03:26,570 [INFO] pipeline.processing_loop: Cabin 20: NO_BOTTLE (max=2.8 < 50.0, points=4)
2026-03-18 20:03:26,573 [INFO] pipeline.processing_loop: Cabin 22: LEAK (prob=0.0017, conf=0.9983, points=4, 1.1ms)
2026-03-18 20:03:26,626 [INFO] core.cycle_fsm: Cabin 9: IDLE -> COLLECTING (angle 103.5бу crossed 100.0бу)
2026-03-18 20:03:26,627 [INFO] core.cycle_fsm: Cabin 23: COLLECTING -> PROCESSING (angle 281.0бу reached end 276.0бу (4 points), 0.415s)
2026-03-18 20:03:26,628 [INFO] core.cycle_fsm: Cabin 7: IDLE -> COLLECTING (angle 101.3бу crossed 100.0бу)
2026-03-18 20:03:26,628 [INFO] core.cycle_fsm: Cabin 8: IDLE -> COLLECTING (angle 104.5бу crossed 100.0бу)
2026-03-18 20:03:26,630 [INFO] core.cycle_fsm: Cabin 10: IDLE -> COLLECTING (angle 104.6бу crossed 100.0бу)
2026-03-18 20:03:26,630 [INFO] core.cycle_fsm: Cabin 21: COLLECTING -> PROCESSING (angle 277.9бу reached end 276.0бу (4 points), 0.376s)
2026-03-18 20:03:26,632 [INFO] pipeline.processing_loop: Cabin 21: OK (prob=0.8423, conf=0.8423, points=4, 1.2ms)
2026-03-18 20:03:26,634 [INFO] pipeline.processing_loop: Cabin 23: OK (prob=1.0000, conf=1.0000, points=4, 1.0ms)
2026-03-18 20:03:26,688 [INFO] core.cycle_fsm: Cabin 19: COLLECTING -> PROCESSING (angle 281.1бу reached end 276.0бу (4 points), 0.413s)
2026-03-18 20:03:26,689 [INFO] core.cycle_fsm: Cabin 5: IDLE -> COLLECTING (angle 103.5бу crossed 100.0бу)
2026-03-18 20:03:26,690 [INFO] core.cycle_fsm: Cabin 6: IDLE -> COLLECTING (angle 102.8бу crossed 100.0бу)
2026-03-18 20:03:26,692 [INFO] pipeline.processing_loop: Cabin 19: OK (prob=0.9472, conf=0.9472, points=4, 1.2ms)
2026-03-18 20:03:26,746 [INFO] core.cycle_fsm: Cabin 3: IDLE -> COLLECTING (angle 102.2бу crossed 100.0бу)
2026-03-18 20:03:26,747 [INFO] core.cycle_fsm: Cabin 18: COLLECTING -> PROCESSING (angle 278.0бу reached end 276.0бу (4 points), 0.386s)
2026-03-18 20:03:26,748 [INFO] core.cycle_fsm: Cabin 17: COLLECTING -> PROCESSING (angle 276.1бу reached end 276.0бу (4 points), 0.376s)
2026-03-18 20:03:26,749 [INFO] core.cycle_fsm: Cabin 16: COLLECTING -> PROCESSING (angle 279.2бу reached end 276.0бу (4 points), 0.377s)
2026-03-18 20:03:26,751 [INFO] pipeline.processing_loop: Cabin 16: LEAK (prob=0.0003, conf=0.9997, points=4, 1.2ms)
2026-03-18 20:03:26,754 [INFO] pipeline.processing_loop: Cabin 17: OK (prob=0.6448, conf=0.6448, points=4, 1.1ms)
2026-03-18 20:03:26,755 [INFO] pipeline.processing_loop: Cabin 18: LEAK (prob=0.0003, conf=0.9997, points=4, 0.9ms)
2026-03-18 20:03:26,810 [INFO] core.cycle_fsm: Cabin 4: IDLE -> COLLECTING (angle 103.4бу crossed 100.0бу)
2026-03-18 20:03:26,811 [INFO] core.cycle_fsm: Cabin 14: COLLECTING -> PROCESSING (angle 277.3бу reached end 276.0бу (4 points), 0.408s)
2026-03-18 20:03:26,811 [INFO] core.cycle_fsm: Cabin 15: COLLECTING -> PROCESSING (angle 280.6бу reached end 276.0бу (4 points), 0.408s)
2026-03-18 20:03:26,812 [INFO] core.cycle_fsm: Cabin 2: IDLE -> COLLECTING (angle 102.1бу crossed 100.0бу)
2026-03-18 20:03:26,816 [INFO] pipeline.processing_loop: Cabin 14: LEAK (prob=0.0076, conf=0.9924, points=4, 1.4ms)
2026-03-18 20:03:26,817 [INFO] pipeline.processing_loop: Cabin 15: NO_BOTTLE (max=2.2 < 50.0, points=4)
2026-03-18 20:03:26,871 [INFO] core.cycle_fsm: Cabin 13: COLLECTING -> PROCESSING (angle 277.9бу reached end 276.0бу (4 points), 0.403s)
2026-03-18 20:03:26,871 [INFO] core.cycle_fsm: Cabin 24: IDLE -> COLLECTING (angle 102.1бу crossed 100.0бу)
2026-03-18 20:03:26,872 [INFO] core.cycle_fsm: Cabin 25: IDLE -> COLLECTING (angle 100.8бу crossed 100.0бу)
2026-03-18 20:03:26,874 [INFO] core.cycle_fsm: Cabin 1: IDLE -> COLLECTING (angle 102.9бу crossed 100.0бу)
2026-03-18 20:03:26,876 [INFO] pipeline.processing_loop: Cabin 13: OK (prob=0.7798, conf=0.7798, points=4, 1.4ms)
2026-03-18 20:03:26,929 [INFO] core.cycle_fsm: Cabin 11: COLLECTING -> PROCESSING (angle 279.8бу reached end 276.0бу (4 points), 0.410s)
2026-03-18 20:03:26,931 [INFO] core.cycle_fsm: Cabin 12: COLLECTING -> PROCESSING (angle 279.6бу reached end 276.0бу (4 points), 0.379s)
2026-03-18 20:03:26,931 [INFO] core.cycle_fsm: Cabin 9: COLLECTING -> PROCESSING (angle 276.7бу reached end 276.0бу (4 points), 0.358s)
2026-03-18 20:03:26,935 [INFO] pipeline.processing_loop: Cabin 9: OK (prob=0.9765, conf=0.9765, points=4, 2.2ms)
2026-03-18 20:03:26,938 [INFO] pipeline.processing_loop: Cabin 11: OK (prob=1.0000, conf=1.0000, points=4, 1.2ms)
2026-03-18 20:03:26,941 [INFO] pipeline.processing_loop: Cabin 12: LEAK (prob=0.0025, conf=0.9975, points=4, 1.5ms)
2026-03-18 20:03:26,995 [INFO] core.cycle_fsm: Cabin 20: IDLE -> COLLECTING (angle 103.7бу crossed 100.0бу)
2026-03-18 20:03:26,995 [INFO] core.cycle_fsm: Cabin 22: IDLE -> COLLECTING (angle 104.5бу crossed 100.0бу)
2026-03-18 20:03:26,997 [INFO] core.cycle_fsm: Cabin 8: COLLECTING -> PROCESSING (angle 277.3бу reached end 276.0бу (4 points), 0.402s)
2026-03-18 20:03:26,997 [INFO] core.cycle_fsm: Cabin 10: COLLECTING -> PROCESSING (angle 276.5бу reached end 276.0бу (4 points), 0.403s)
2026-03-18 20:03:26,999 [INFO] core.cycle_fsm: Cabin 23: IDLE -> COLLECTING (angle 101.7бу crossed 100.0бу)
2026-03-18 20:03:27,000 [INFO] core.cycle_fsm: Cabin 7: COLLECTING -> PROCESSING (angle 280.1бу reached end 276.0бу (4 points), 0.405s)
2026-03-18 20:03:27,000 [INFO] core.cycle_fsm: Cabin 21: IDLE -> COLLECTING (angle 100.5бу crossed 100.0бу)
2026-03-18 20:03:27,003 [INFO] pipeline.processing_loop: Cabin 7: OK (prob=1.0000, conf=1.0000, points=4, 1.3ms)
2026-03-18 20:03:27,006 [INFO] pipeline.processing_loop: Cabin 8: LEAK (prob=0.0007, conf=0.9993, points=4, 1.2ms)
2026-03-18 20:03:27,006 [INFO] pipeline.processing_loop: Cabin 10: NO_BOTTLE (max=4.6 < 50.0, points=4)
2026-03-18 20:03:27,061 [INFO] core.cycle_fsm: Cabin 19: IDLE -> COLLECTING (angle 103.4бу crossed 100.0бу)
2026-03-18 20:03:27,061 [INFO] core.cycle_fsm: Cabin 5: COLLECTING -> PROCESSING (angle 279.6бу reached end 276.0бу (4 points), 0.402s)
2026-03-18 20:03:27,063 [INFO] core.cycle_fsm: Cabin 6: COLLECTING -> PROCESSING (angle 280.1бу reached end 276.0бу (4 points), 0.405s)
2026-03-18 20:03:27,064 [INFO] pipeline.processing_loop: Cabin 5: NO_BOTTLE (max=4.3 < 50.0, points=4)
2026-03-18 20:03:27,067 [INFO] pipeline.processing_loop: Cabin 6: LEAK (prob=0.0012, conf=0.9988, points=4, 1.2ms)
2026-03-18 20:03:27,120 [INFO] core.cycle_fsm: Cabin 3: COLLECTING -> PROCESSING (angle 278.1бу reached end 276.0бу (4 points), 0.409s)
2026-03-18 20:03:27,122 [INFO] core.cycle_fsm: Cabin 18: IDLE -> COLLECTING (angle 100.1бу crossed 100.0бу)
2026-03-18 20:03:27,123 [INFO] core.cycle_fsm: Cabin 17: IDLE -> COLLECTING (angle 100.2бу crossed 100.0бу)
2026-03-18 20:03:27,123 [INFO] core.cycle_fsm: Cabin 4: COLLECTING -> PROCESSING (angle 279.0бу reached end 276.0бу (4 points), 0.370s)
2026-03-18 20:03:27,125 [INFO] core.cycle_fsm: Cabin 16: IDLE -> COLLECTING (angle 104.6бу crossed 100.0бу)
2026-03-18 20:03:27,126 [INFO] pipeline.processing_loop: Cabin 3: OK (prob=1.0000, conf=1.0000, points=4, 1.7ms)
2026-03-18 20:03:27,130 [INFO] pipeline.processing_loop: Cabin 4: LEAK (prob=0.0008, conf=0.9992, points=4, 1.1ms)
2026-03-18 20:03:27,184 [INFO] core.cycle_fsm: Cabin 15: IDLE -> COLLECTING (angle 102.3бу crossed 100.0бу)
2026-03-18 20:03:27,185 [INFO] core.cycle_fsm: Cabin 14: IDLE -> COLLECTING (angle 102.9бу crossed 100.0бу)
2026-03-18 20:03:27,185 [INFO] core.cycle_fsm: Cabin 2: COLLECTING -> PROCESSING (angle 279.7бу reached end 276.0бу (4 points), 0.378s)
2026-03-18 20:03:27,188 [INFO] pipeline.processing_loop: Cabin 2: LEAK (prob=0.0007, conf=0.9993, points=4, 1.5ms)
2026-03-18 20:03:27,242 [INFO] core.cycle_fsm: Cabin 13: IDLE -> COLLECTING (angle 101.2бу crossed 100.0бу)
2026-03-18 20:03:27,244 [INFO] core.cycle_fsm: Cabin 24: COLLECTING -> PROCESSING (angle 278.2бу reached end 276.0бу (4 points), 0.416s)
2026-03-18 20:03:27,245 [INFO] core.cycle_fsm: Cabin 25: COLLECTING -> PROCESSING (angle 278.9бу reached end 276.0бу (4 points), 0.417s)
2026-03-18 20:03:27,245 [INFO] core.cycle_fsm: Cabin 1: COLLECTING -> PROCESSING (angle 281.1бу reached end 276.0бу (4 points), 0.386s)
2026-03-18 20:03:27,248 [INFO] pipeline.processing_loop: Cabin 1: OK (prob=0.9874, conf=0.9874, points=4, 1.2ms)
2026-03-18 20:03:27,250 [INFO] pipeline.processing_loop: Cabin 24: LEAK (prob=0.0016, conf=0.9984, points=4, 0.9ms)
2026-03-18 20:03:27,251 [INFO] pipeline.processing_loop: Cabin 25: NO_BOTTLE (max=3.7 < 50.0, points=4)
2026-03-18 20:03:27,305 [INFO] core.cycle_fsm: Cabin 11: IDLE -> COLLECTING (angle 101.2бу crossed 100.0бу)
2026-03-18 20:03:27,305 [INFO] core.cycle_fsm: Cabin 12: IDLE -> COLLECTING (angle 100.6бу crossed 100.0бу)
2026-03-18 20:03:27,307 [INFO] core.cycle_fsm: Cabin 22: COLLECTING -> PROCESSING (angle 276.5бу reached end 276.0бу (4 points), 0.372s)
2026-03-18 20:03:27,308 [INFO] core.cycle_fsm: Cabin 20: COLLECTING -> PROCESSING (angle 279.9бу reached end 276.0бу (4 points), 0.373s)
2026-03-18 20:03:27,308 [INFO] pipeline.processing_loop: Cabin 20: NO_BOTTLE (max=3.5 < 50.0, points=4)
2026-03-18 20:03:27,311 [INFO] pipeline.processing_loop: Cabin 22: LEAK (prob=0.0005, conf=0.9995, points=4, 1.1ms)
2026-03-18 20:03:27,364 [INFO] core.cycle_fsm: Cabin 9: IDLE -> COLLECTING (angle 103.9бу crossed 100.0бу)
2026-03-18 20:03:27,365 [INFO] core.cycle_fsm: Cabin 23: COLLECTING -> PROCESSING (angle 278.2бу reached end 276.0бу (4 points), 0.420s)
2026-03-18 20:03:27,366 [INFO] core.cycle_fsm: Cabin 8: IDLE -> COLLECTING (angle 100.1бу crossed 100.0бу)
2026-03-18 20:03:27,367 [INFO] core.cycle_fsm: Cabin 7: IDLE -> COLLECTING (angle 101.7бу crossed 100.0бу)
2026-03-18 20:03:27,367 [INFO] core.cycle_fsm: Cabin 10: IDLE -> COLLECTING (angle 104.4бу crossed 100.0бу)
2026-03-18 20:03:27,369 [INFO] core.cycle_fsm: Cabin 21: COLLECTING -> PROCESSING (angle 277.8бу reached end 276.0бу (4 points), 0.381s)
2026-03-18 20:03:27,372 [INFO] pipeline.processing_loop: Cabin 21: OK (prob=0.7388, conf=0.7388, points=4, 1.3ms)
2026-03-18 20:03:27,375 [INFO] pipeline.processing_loop: Cabin 23: OK (prob=0.9998, conf=0.9998, points=4, 1.2ms)
2026-03-18 20:03:27,428 [INFO] core.cycle_fsm: Cabin 19: COLLECTING -> PROCESSING (angle 280.4бу reached end 276.0бу (4 points), 0.417s)
2026-03-18 20:03:27,428 [INFO] core.cycle_fsm: Cabin 5: IDLE -> COLLECTING (angle 102.7бу crossed 100.0бу)
2026-03-18 20:03:27,430 [INFO] core.cycle_fsm: Cabin 6: IDLE -> COLLECTING (angle 102.9бу crossed 100.0бу)
2026-03-18 20:03:27,433 [INFO] pipeline.processing_loop: Cabin 19: OK (prob=1.0000, conf=1.0000, points=4, 1.6ms)
2026-03-18 20:03:27,487 [INFO] core.cycle_fsm: Cabin 18: COLLECTING -> PROCESSING (angle 277.5бу reached end 276.0бу (4 points), 0.402s)
2026-03-18 20:03:27,488 [INFO] core.cycle_fsm: Cabin 3: IDLE -> COLLECTING (angle 104.0бу crossed 100.0бу)
2026-03-18 20:03:27,488 [INFO] core.cycle_fsm: Cabin 17: COLLECTING -> PROCESSING (angle 276.8бу reached end 276.0бу (4 points), 0.393s)
2026-03-18 20:03:27,489 [INFO] core.cycle_fsm: Cabin 16: COLLECTING -> PROCESSING (angle 279.5бу reached end 276.0бу (4 points), 0.373s)
2026-03-18 20:03:27,491 [INFO] pipeline.processing_loop: Cabin 16: LEAK (prob=0.0002, conf=0.9998, points=4, 1.3ms)
2026-03-18 20:03:27,494 [INFO] pipeline.processing_loop: Cabin 17: OK (prob=0.5424, conf=0.5424, points=4, 1.1ms)
2026-03-18 20:03:27,495 [INFO] pipeline.processing_loop: Cabin 18: LEAK (prob=0.0014, conf=0.9986, points=4, 1.1ms)
2026-03-18 20:03:27,549 [INFO] core.cycle_fsm: Cabin 4: IDLE -> COLLECTING (angle 101.2бу crossed 100.0бу)
2026-03-18 20:03:27,551 [INFO] core.cycle_fsm: Cabin 15: COLLECTING -> PROCESSING (angle 278.5бу reached end 276.0бу (4 points), 0.413s)
2026-03-18 20:03:27,552 [INFO] core.cycle_fsm: Cabin 14: COLLECTING -> PROCESSING (angle 279.9бу reached end 276.0бу (4 points), 0.404s)
2026-03-18 20:03:27,552 [INFO] core.cycle_fsm: Cabin 2: IDLE -> COLLECTING (angle 102.1бу crossed 100.0бу)
2026-03-18 20:03:27,555 [INFO] pipeline.processing_loop: Cabin 14: LEAK (prob=0.0007, conf=0.9993, points=4, 1.4ms)
2026-03-18 20:03:27,556 [INFO] pipeline.processing_loop: Cabin 15: NO_BOTTLE (max=5.9 < 50.0, points=4)
2026-03-18 20:03:27,616 [INFO] core.cycle_fsm: Cabin 13: COLLECTING -> PROCESSING (angle 276.9бу reached end 276.0бу (4 points), 0.426s)
2026-03-18 20:03:27,616 [INFO] core.cycle_fsm: Cabin 25: IDLE -> COLLECTING (angle 101.4бу crossed 100.0бу)
2026-03-18 20:03:27,618 [INFO] core.cycle_fsm: Cabin 24: IDLE -> COLLECTING (angle 104.8бу crossed 100.0бу)
2026-03-18 20:03:27,618 [INFO] core.cycle_fsm: Cabin 1: IDLE -> COLLECTING (angle 103.6бу crossed 100.0бу)
2026-03-18 20:03:27,623 [INFO] pipeline.processing_loop: Cabin 13: OK (prob=0.9147, conf=0.9147, points=4, 1.5ms)
2026-03-18 20:03:27,676 [INFO] core.cycle_fsm: Cabin 11: COLLECTING -> PROCESSING (angle 278.8бу reached end 276.0бу (4 points), 0.422s)
2026-03-18 20:03:27,678 [INFO] core.cycle_fsm: Cabin 12: COLLECTING -> PROCESSING (angle 278.5бу reached end 276.0бу (4 points), 0.392s)
2026-03-18 20:03:27,679 [INFO] core.cycle_fsm: Cabin 9: COLLECTING -> PROCESSING (angle 280.6бу reached end 276.0бу (4 points), 0.373s)
2026-03-18 20:03:27,680 [INFO] core.cycle_fsm: Cabin 20: IDLE -> COLLECTING (angle 102.5бу crossed 100.0бу)
2026-03-18 20:03:27,682 [INFO] core.cycle_fsm: Cabin 22: IDLE -> COLLECTING (angle 103.2бу crossed 100.0бу)
2026-03-18 20:03:27,685 [INFO] pipeline.processing_loop: Cabin 9: OK (prob=0.9947, conf=0.9947, points=4, 1.4ms)
2026-03-18 20:03:27,688 [INFO] pipeline.processing_loop: Cabin 11: OK (prob=0.8756, conf=0.8756, points=4, 1.1ms)
2026-03-18 20:03:27,690 [INFO] pipeline.processing_loop: Cabin 12: LEAK (prob=0.0388, conf=0.9612, points=4, 1.2ms)
2026-03-18 20:03:27,744 [INFO] core.cycle_fsm: Cabin 8: COLLECTING -> PROCESSING (angle 277.5бу reached end 276.0бу (4 points), 0.427s)
2026-03-18 20:03:27,745 [INFO] core.cycle_fsm: Cabin 23: IDLE -> COLLECTING (angle 100.6бу crossed 100.0бу)
2026-03-18 20:03:27,745 [INFO] core.cycle_fsm: Cabin 7: COLLECTING -> PROCESSING (angle 279.1бу reached end 276.0бу (4 points), 0.418s)
2026-03-18 20:03:27,747 [INFO] core.cycle_fsm: Cabin 10: COLLECTING -> PROCESSING (angle 280.1бу reached end 276.0бу (4 points), 0.419s)
2026-03-18 20:03:27,748 [INFO] core.cycle_fsm: Cabin 21: IDLE -> COLLECTING (angle 104.8бу crossed 100.0бу)
2026-03-18 20:03:27,750 [INFO] pipeline.processing_loop: Cabin 7: OK (prob=0.9878, conf=0.9878, points=4, 1.5ms)
2026-03-18 20:03:27,753 [INFO] pipeline.processing_loop: Cabin 8: LEAK (prob=0.0041, conf=0.9959, points=4, 1.3ms)
2026-03-18 20:03:27,754 [INFO] pipeline.processing_loop: Cabin 10: NO_BOTTLE (max=2.6 < 50.0, points=4)
2026-03-18 20:03:27,808 [INFO] core.cycle_fsm: Cabin 19: IDLE -> COLLECTING (angle 101.5бу crossed 100.0бу)
2026-03-18 20:03:27,809 [INFO] core.cycle_fsm: Cabin 5: COLLECTING -> PROCESSING (angle 279.1бу reached end 276.0бу (4 points), 0.418s)
2026-03-18 20:03:27,811 [INFO] core.cycle_fsm: Cabin 6: COLLECTING -> PROCESSING (angle 279.4бу reached end 276.0бу (4 points), 0.420s)
2026-03-18 20:03:27,811 [INFO] pipeline.processing_loop: Cabin 5: NO_BOTTLE (max=4.5 < 50.0, points=4)
2026-03-18 20:03:27,814 [INFO] pipeline.processing_loop: Cabin 6: LEAK (prob=0.0089, conf=0.9910, points=4, 1.2ms)
2026-03-18 20:03:27,868 [INFO] core.cycle_fsm: Cabin 3: COLLECTING -> PROCESSING (angle 276.3бу reached end 276.0бу (4 points), 0.413s)
2026-03-18 20:03:27,870 [INFO] core.cycle_fsm: Cabin 18: IDLE -> COLLECTING (angle 105.1бу crossed 100.0бу)
2026-03-18 20:03:27,870 [INFO] core.cycle_fsm: Cabin 17: IDLE -> COLLECTING (angle 102.5бу crossed 100.0бу)
2026-03-18 20:03:27,871 [INFO] core.cycle_fsm: Cabin 4: COLLECTING -> PROCESSING (angle 277.5бу reached end 276.0бу (4 points), 0.384s)
2026-03-18 20:03:27,871 [INFO] core.cycle_fsm: Cabin 16: IDLE -> COLLECTING (angle 103.2бу crossed 100.0бу)
2026-03-18 20:03:27,874 [INFO] pipeline.processing_loop: Cabin 3: OK (prob=0.9947, conf=0.9947, points=4, 1.5ms)
2026-03-18 20:03:27,877 [INFO] pipeline.processing_loop: Cabin 4: LEAK (prob=0.0219, conf=0.9781, points=4, 1.5ms)
2026-03-18 20:03:27,932 [INFO] core.cycle_fsm: Cabin 14: IDLE -> COLLECTING (angle 101.0бу crossed 100.0бу)
2026-03-18 20:03:27,932 [INFO] core.cycle_fsm: Cabin 15: IDLE -> COLLECTING (angle 105.0бу crossed 100.0бу)
2026-03-18 20:03:27,933 [INFO] core.cycle_fsm: Cabin 2: COLLECTING -> PROCESSING (angle 278.8бу reached end 276.0бу (4 points), 0.393s)
2026-03-18 20:03:27,933 [INFO] core.cycle_fsm: Cabin 24: COLLECTING -> PROCESSING (angle 277.0бу reached end 276.0бу (4 points), 0.362s)
2026-03-18 20:03:27,935 [INFO] core.cycle_fsm: Cabin 25: COLLECTING -> PROCESSING (angle 277.9бу reached end 276.0бу (4 points), 0.374s)
2026-03-18 20:03:27,936 [INFO] pipeline.processing_loop: Cabin 2: LEAK (prob=0.0025, conf=0.9975, points=4, 1.4ms)
2026-03-18 20:03:27,939 [INFO] pipeline.processing_loop: Cabin 24: LEAK (prob=0.0019, conf=0.9981, points=4, 1.1ms)
2026-03-18 20:03:27,941 [INFO] pipeline.processing_loop: Cabin 25: NO_BOTTLE (max=4.3 < 50.0, points=4)
2026-03-18 20:03:27,995 [INFO] core.cycle_fsm: Cabin 13: IDLE -> COLLECTING (angle 103.6бу crossed 100.0бу)
2026-03-18 20:03:27,995 [INFO] core.cycle_fsm: Cabin 1: COLLECTING -> PROCESSING (angle 277.1бу reached end 276.0бу (4 points), 0.402s)
2026-03-18 20:03:27,996 [INFO] core.cycle_fsm: Cabin 11: IDLE -> COLLECTING (angle 101.8бу crossed 100.0бу)
2026-03-18 20:03:27,999 [INFO] pipeline.processing_loop: Cabin 1: OK (prob=0.9999, conf=0.9999, points=4, 1.2ms)
2026-03-18 20:03:28,052 [INFO] core.cycle_fsm: Cabin 12: IDLE -> COLLECTING (angle 101.8бу crossed 100.0бу)
2026-03-18 20:03:28,053 [INFO] core.cycle_fsm: Cabin 20: COLLECTING -> PROCESSING (angle 278.2бу reached end 276.0бу (4 points), 0.384s)
2026-03-18 20:03:28,055 [INFO] core.cycle_fsm: Cabin 22: COLLECTING -> PROCESSING (angle 280.7бу reached end 276.0бу (4 points), 0.385s)
2026-03-18 20:03:28,056 [INFO] core.cycle_fsm: Cabin 9: IDLE -> COLLECTING (angle 103.1бу crossed 100.0бу)
2026-03-18 20:03:28,056 [INFO] core.cycle_fsm: Cabin 23: COLLECTING -> PROCESSING (angle 276.2бу reached end 276.0бу (4 points), 0.377s)
2026-03-18 20:03:28,059 [INFO] pipeline.processing_loop: Cabin 20: NO_BOTTLE (max=4.0 < 50.0, points=4)
2026-03-18 20:03:28,063 [INFO] pipeline.processing_loop: Cabin 22: LEAK (prob=0.0002, conf=0.9998, points=4, 1.4ms)
2026-03-18 20:03:28,065 [INFO] pipeline.processing_loop: Cabin 23: OK (prob=0.6906, conf=0.6906, points=4, 1.5ms)
2026-03-18 20:03:28,125 [INFO] core.cycle_fsm: Cabin 7: IDLE -> COLLECTING (angle 100.7бу crossed 100.0бу)
2026-03-18 20:03:28,131 [INFO] core.cycle_fsm: Cabin 8: IDLE -> COLLECTING (angle 103.1бу crossed 100.0бу)
2026-03-18 20:03:28,136 [INFO] core.cycle_fsm: Cabin 10: IDLE -> COLLECTING (angle 102.8бу crossed 100.0бу)
2026-03-18 20:03:28,138 [INFO] core.cycle_fsm: Cabin 21: COLLECTING -> PROCESSING (angle 276.7бу reached end 276.0бу (4 points), 0.405s)
2026-03-18 20:03:28,139 [INFO] core.cycle_fsm: Cabin 19: COLLECTING -> PROCESSING (angle 279.6бу reached end 276.0бу (4 points), 0.396s)
2026-03-18 20:03:28,144 [INFO] pipeline.processing_loop: Cabin 19: OK (prob=0.9998, conf=0.9998, points=4, 1.8ms)
2026-03-18 20:03:28,147 [INFO] pipeline.processing_loop: Cabin 21: OK (prob=1.0000, conf=1.0000, points=4, 1.2ms)
2026-03-18 20:03:28,200 [INFO] core.cycle_fsm: Cabin 5: IDLE -> COLLECTING (angle 102.7бу crossed 100.0бу)
2026-03-18 20:03:28,201 [INFO] core.cycle_fsm: Cabin 6: IDLE -> COLLECTING (angle 101.9бу crossed 100.0бу)
2026-03-18 20:03:28,202 [INFO] core.cycle_fsm: Cabin 18: COLLECTING -> PROCESSING (angle 276.6бу reached end 276.0бу (4 points), 0.372s)
2026-03-18 20:03:28,203 [INFO] core.cycle_fsm: Cabin 3: IDLE -> COLLECTING (angle 101.6бу crossed 100.0бу)
2026-03-18 20:03:28,206 [INFO] pipeline.processing_loop: Cabin 18: LEAK (prob=0.0007, conf=0.9993, points=4, 1.6ms)
2026-03-18 20:03:28,259 [INFO] core.cycle_fsm: Cabin 17: COLLECTING -> PROCESSING (angle 280.0бу reached end 276.0бу (4 points), 0.419s)
2026-03-18 20:03:28,260 [INFO] core.cycle_fsm: Cabin 16: COLLECTING -> PROCESSING (angle 280.9бу reached end 276.0бу (4 points), 0.409s)
2026-03-18 20:03:28,261 [INFO] core.cycle_fsm: Cabin 4: IDLE -> COLLECTING (angle 101.2бу crossed 100.0бу)
2026-03-18 20:03:28,262 [INFO] core.cycle_fsm: Cabin 14: COLLECTING -> PROCESSING (angle 279.3бу reached end 276.0бу (4 points), 0.379s)
2026-03-18 20:03:28,262 [INFO] core.cycle_fsm: Cabin 15: COLLECTING -> PROCESSING (angle 281.2бу reached end 276.0бу (4 points), 0.379s)
2026-03-18 20:03:28,265 [INFO] pipeline.processing_loop: Cabin 14: LEAK (prob=0.0094, conf=0.9906, points=4, 1.5ms)
2026-03-18 20:03:28,266 [INFO] pipeline.processing_loop: Cabin 15: NO_BOTTLE (max=4.1 < 50.0, points=4)
2026-03-18 20:03:28,269 [INFO] pipeline.processing_loop: Cabin 16: LEAK (prob=0.0015, conf=0.9985, points=4, 0.9ms)
2026-03-18 20:03:28,272 [INFO] pipeline.processing_loop: Cabin 17: OK (prob=0.9998, conf=0.9998, points=4, 1.3ms)
2026-03-18 20:03:28,326 [INFO] core.cycle_fsm: Cabin 2: IDLE -> COLLECTING (angle 100.5бу crossed 100.0бу)
2026-03-18 20:03:28,326 [INFO] core.cycle_fsm: Cabin 13: COLLECTING -> PROCESSING (angle 276.5бу reached end 276.0бу (4 points), 0.389s)
2026-03-18 20:03:28,327 [INFO] core.cycle_fsm: Cabin 24: IDLE -> COLLECTING (angle 103.4бу crossed 100.0бу)
2026-03-18 20:03:28,327 [INFO] core.cycle_fsm: Cabin 25: IDLE -> COLLECTING (angle 102.3бу crossed 100.0бу)
2026-03-18 20:03:28,330 [INFO] pipeline.processing_loop: Cabin 13: OK (prob=1.0000, conf=1.0000, points=4, 1.5ms)
2026-03-18 20:03:28,384 [INFO] core.cycle_fsm: Cabin 1: IDLE -> COLLECTING (angle 104.1бу crossed 100.0бу)
2026-03-18 20:03:28,386 [INFO] core.cycle_fsm: Cabin 11: COLLECTING -> PROCESSING (angle 279.5бу reached end 276.0бу (4 points), 0.396s)
2026-03-18 20:03:28,389 [INFO] pipeline.processing_loop: Cabin 11: OK (prob=1.0000, conf=1.0000, points=4, 1.3ms)
2026-03-18 20:03:28,442 [INFO] core.cycle_fsm: Cabin 12: COLLECTING -> PROCESSING (angle 280.2бу reached end 276.0бу (4 points), 0.420s)
2026-03-18 20:03:28,442 [INFO] core.cycle_fsm: Cabin 9: COLLECTING -> PROCESSING (angle 280.6бу reached end 276.0бу (4 points), 0.399s)
2026-03-18 20:03:28,444 [INFO] core.cycle_fsm: Cabin 20: IDLE -> COLLECTING (angle 100.2бу crossed 100.0бу)
2026-03-18 20:03:28,444 [INFO] core.cycle_fsm: Cabin 22: IDLE -> COLLECTING (angle 103.4бу crossed 100.0бу)
2026-03-18 20:03:28,445 [INFO] core.cycle_fsm: Cabin 7: COLLECTING -> PROCESSING (angle 278.0бу reached end 276.0бу (4 points), 0.381s)
2026-03-18 20:03:28,445 [INFO] core.cycle_fsm: Cabin 8: COLLECTING -> PROCESSING (angle 280.4бу reached end 276.0бу (4 points), 0.381s)
2026-03-18 20:03:28,447 [INFO] core.cycle_fsm: Cabin 10: COLLECTING -> PROCESSING (angle 278.9бу reached end 276.0бу (4 points), 0.383s)
2026-03-18 20:03:28,447 [INFO] core.cycle_fsm: Cabin 23: IDLE -> COLLECTING (angle 101.8бу crossed 100.0бу)
2026-03-18 20:03:28,450 [INFO] pipeline.processing_loop: Cabin 7: OK (prob=1.0000, conf=1.0000, points=4, 1.8ms)
2026-03-18 20:03:28,453 [INFO] pipeline.processing_loop: Cabin 8: LEAK (prob=0.0026, conf=0.9974, points=4, 1.4ms)
2026-03-18 20:03:28,455 [INFO] pipeline.processing_loop: Cabin 9: OK (prob=0.9022, conf=0.9022, points=4, 1.1ms)
2026-03-18 20:03:28,456 [INFO] pipeline.processing_loop: Cabin 10: NO_BOTTLE (max=2.3 < 50.0, points=4)
2026-03-18 20:03:28,459 [INFO] pipeline.processing_loop: Cabin 12: LEAK (prob=0.0009, conf=0.9991, points=4, 1.0ms)
2026-03-18 20:03:28,513 [INFO] core.cycle_fsm: Cabin 21: IDLE -> COLLECTING (angle 102.6бу crossed 100.0бу)
2026-03-18 20:03:28,514 [INFO] core.cycle_fsm: Cabin 19: IDLE -> COLLECTING (angle 102.0бу crossed 100.0бу)
2026-03-18 20:03:28,514 [INFO] core.cycle_fsm: Cabin 5: COLLECTING -> PROCESSING (angle 278.2бу reached end 276.0бу (4 points), 0.385s)
2026-03-18 20:03:28,516 [INFO] core.cycle_fsm: Cabin 6: COLLECTING -> PROCESSING (angle 278.8бу reached end 276.0бу (4 points), 0.387s)
2026-03-18 20:03:28,517 [INFO] pipeline.processing_loop: Cabin 5: NO_BOTTLE (max=4.6 < 50.0, points=4)
2026-03-18 20:03:28,519 [INFO] pipeline.processing_loop: Cabin 6: LEAK (prob=0.0043, conf=0.9957, points=4, 1.1ms)
2026-03-18 20:03:28,573 [INFO] core.cycle_fsm: Cabin 3: COLLECTING -> PROCESSING (angle 278.9бу reached end 276.0бу (4 points), 0.380s)
2026-03-18 20:03:28,574 [INFO] core.cycle_fsm: Cabin 18: IDLE -> COLLECTING (angle 104.0бу crossed 100.0бу)
2026-03-18 20:03:28,577 [INFO] pipeline.processing_loop: Cabin 3: OK (prob=1.0000, conf=1.0000, points=4, 1.8ms)
2026-03-18 20:03:28,631 [INFO] core.cycle_fsm: Cabin 17: IDLE -> COLLECTING (angle 102.9бу crossed 100.0бу)
2026-03-18 20:03:28,631 [INFO] core.cycle_fsm: Cabin 4: COLLECTING -> PROCESSING (angle 279.3бу reached end 276.0бу (4 points), 0.406s)
2026-03-18 20:03:28,632 [INFO] core.cycle_fsm: Cabin 16: IDLE -> COLLECTING (angle 104.2бу crossed 100.0бу)
2026-03-18 20:03:28,632 [INFO] core.cycle_fsm: Cabin 14: IDLE -> COLLECTING (angle 104.0бу crossed 100.0бу)
2026-03-18 20:03:28,634 [INFO] core.cycle_fsm: Cabin 15: IDLE -> COLLECTING (angle 103.1бу crossed 100.0бу)
2026-03-18 20:03:28,637 [INFO] pipeline.processing_loop: Cabin 4: LEAK (prob=0.0038, conf=0.9962, points=4, 1.2ms)
2026-03-18 20:03:28,690 [INFO] core.cycle_fsm: Cabin 2: COLLECTING -> PROCESSING (angle 281.2бу reached end 276.0бу (4 points), 0.413s)
2026-03-18 20:03:28,690 [INFO] core.cycle_fsm: Cabin 13: IDLE -> COLLECTING (angle 102.3бу crossed 100.0бу)
2026-03-18 20:03:28,692 [INFO] core.cycle_fsm: Cabin 24: COLLECTING -> PROCESSING (angle 279.9бу reached end 276.0бу (4 points), 0.383s)
2026-03-18 20:03:28,692 [INFO] core.cycle_fsm: Cabin 25: COLLECTING -> PROCESSING (angle 279.3бу reached end 276.0бу (4 points), 0.383s)
2026-03-18 20:03:28,695 [INFO] pipeline.processing_loop: Cabin 2: LEAK (prob=0.0019, conf=0.9981, points=4, 1.3ms)
2026-03-18 20:03:28,698 [INFO] pipeline.processing_loop: Cabin 24: LEAK (prob=0.0002, conf=0.9998, points=4, 1.5ms)
2026-03-18 20:03:28,699 [INFO] pipeline.processing_loop: Cabin 25: NO_BOTTLE (max=3.5 < 50.0, points=4)
2026-03-18 20:03:28,754 [INFO] core.cycle_fsm: Cabin 1: COLLECTING -> PROCESSING (angle 279.2бу reached end 276.0бу (4 points), 0.424s)
2026-03-18 20:03:28,754 [INFO] core.cycle_fsm: Cabin 11: IDLE -> COLLECTING (angle 100.7бу crossed 100.0бу)
2026-03-18 20:03:28,757 [INFO] pipeline.processing_loop: Cabin 1: OK (prob=0.9803, conf=0.9803, points=4, 1.4ms)
2026-03-18 20:03:28,811 [INFO] core.cycle_fsm: Cabin 12: IDLE -> COLLECTING (angle 101.9бу crossed 100.0бу)
2026-03-18 20:03:28,811 [INFO] core.cycle_fsm: Cabin 20: COLLECTING -> PROCESSING (angle 277.3бу reached end 276.0бу (4 points), 0.405s)
2026-03-18 20:03:28,813 [INFO] core.cycle_fsm: Cabin 22: COLLECTING -> PROCESSING (angle 278.8бу reached end 276.0бу (4 points), 0.406s)
2026-03-18 20:03:28,813 [INFO] core.cycle_fsm: Cabin 9: IDLE -> COLLECTING (angle 101.0бу crossed 100.0бу)
2026-03-18 20:03:28,814 [INFO] core.cycle_fsm: Cabin 23: COLLECTING -> PROCESSING (angle 278.2бу reached end 276.0бу (4 points), 0.387s)
2026-03-18 20:03:28,814 [INFO] core.cycle_fsm: Cabin 7: IDLE -> COLLECTING (angle 100.7бу crossed 100.0бу)
2026-03-18 20:03:28,816 [INFO] core.cycle_fsm: Cabin 8: IDLE -> COLLECTING (angle 102.0бу crossed 100.0бу)
2026-03-18 20:03:28,816 [INFO] core.cycle_fsm: Cabin 10: IDLE -> COLLECTING (angle 101.4бу crossed 100.0бу)
2026-03-18 20:03:28,817 [INFO] pipeline.processing_loop: Cabin 20: NO_BOTTLE (max=4.7 < 50.0, points=4)
2026-03-18 20:03:28,820 [INFO] pipeline.processing_loop: Cabin 22: LEAK (prob=0.0004, conf=0.9996, points=4, 1.1ms)
2026-03-18 20:03:28,823 [INFO] pipeline.processing_loop: Cabin 23: OK (prob=0.3830, conf=0.3830, points=4, 1.4ms)
2026-03-18 20:03:28,877 [INFO] core.cycle_fsm: Cabin 21: COLLECTING -> PROCESSING (angle 278.3бу reached end 276.0бу (4 points), 0.406s)
2026-03-18 20:03:28,878 [INFO] core.cycle_fsm: Cabin 19: COLLECTING -> PROCESSING (angle 277.1бу reached end 276.0бу (4 points), 0.396s)
2026-03-18 20:03:28,878 [INFO] core.cycle_fsm: Cabin 5: IDLE -> COLLECTING (angle 101.2бу crossed 100.0бу)
2026-03-18 20:03:28,879 [INFO] core.cycle_fsm: Cabin 6: IDLE -> COLLECTING (angle 102.4бу crossed 100.0бу)
2026-03-18 20:03:28,881 [INFO] pipeline.processing_loop: Cabin 19: OK (prob=0.9049, conf=0.9049, points=4, 1.3ms)
2026-03-18 20:03:28,884 [INFO] pipeline.processing_loop: Cabin 21: OK (prob=0.7512, conf=0.7512, points=4, 1.1ms)
2026-03-18 20:03:28,938 [INFO] core.cycle_fsm: Cabin 18: COLLECTING -> PROCESSING (angle 277.4бу reached end 276.0бу (4 points), 0.372s)
2026-03-18 20:03:28,941 [INFO] pipeline.processing_loop: Cabin 18: LEAK (prob=0.0002, conf=0.9998, points=4, 1.3ms)
2026-03-18 20:03:28,994 [INFO] core.cycle_fsm: Cabin 3: IDLE -> COLLECTING (angle 104.6бу crossed 100.0бу)
2026-03-18 20:03:28,995 [INFO] core.cycle_fsm: Cabin 16: COLLECTING -> PROCESSING (angle 278.5бу reached end 276.0бу (4 points), 0.408s)
2026-03-18 20:03:28,995 [INFO] core.cycle_fsm: Cabin 17: COLLECTING -> PROCESSING (angle 279.6бу reached end 276.0бу (4 points), 0.419s)
2026-03-18 20:03:28,995 [INFO] core.cycle_fsm: Cabin 4: IDLE -> COLLECTING (angle 102.2бу crossed 100.0бу)
2026-03-18 20:03:28,997 [INFO] core.cycle_fsm: Cabin 14: COLLECTING -> PROCESSING (angle 280.8бу reached end 276.0бу (4 points), 0.378s)
2026-03-18 20:03:28,997 [INFO] core.cycle_fsm: Cabin 15: COLLECTING -> PROCESSING (angle 279.4бу reached end 276.0бу (4 points), 0.378s)
2026-03-18 20:03:29,000 [INFO] pipeline.processing_loop: Cabin 14: LEAK (prob=0.0731, conf=0.9269, points=4, 1.2ms)
2026-03-18 20:03:29,001 [INFO] pipeline.processing_loop: Cabin 15: NO_BOTTLE (max=2.7 < 50.0, points=4)
2026-03-18 20:03:29,003 [INFO] pipeline.processing_loop: Cabin 16: LEAK (prob=0.0004, conf=0.9996, points=4, 0.9ms)
2026-03-18 20:03:29,005 [INFO] pipeline.processing_loop: Cabin 17: OK (prob=0.3151, conf=0.3151, points=4, 1.4ms)
2026-03-18 20:03:29,059 [INFO] core.cycle_fsm: Cabin 2: IDLE -> COLLECTING (angle 103.0бу crossed 100.0бу)
2026-03-18 20:03:29,061 [INFO] core.cycle_fsm: Cabin 13: COLLECTING -> PROCESSING (angle 279.8бу reached end 276.0бу (4 points), 0.387s)
2026-03-18 20:03:29,061 [INFO] core.cycle_fsm: Cabin 24: IDLE -> COLLECTING (angle 101.8бу crossed 100.0бу)
2026-03-18 20:03:29,062 [INFO] core.cycle_fsm: Cabin 25: IDLE -> COLLECTING (angle 101.5бу crossed 100.0бу)
2026-03-18 20:03:29,065 [INFO] pipeline.processing_loop: Cabin 13: OK (prob=1.0000, conf=1.0000, points=4, 1.5ms)
2026-03-18 20:03:29,112 [INFO] root: Shutting down...
2026-03-18 20:03:29,113 [INFO] pipeline.processing_loop: ProcessingLoop stopped
2026-03-18 20:03:29,119 [INFO] root: Shutting down...
2026-03-18 20:03:29,122 [INFO] pipeline.processing_loop: ProcessingLoop stopped
2026-03-18 20:03:39,133 [INFO] core.polling_engine: PollingEngine stopped
2026-03-18 20:03:39,133 [INFO] core.polling_engine: PollingEngine stopped
2026-03-18 20:03:39,157 [INFO] root: Shutdown complete.
2026-03-18 20:10:54,193 [INFO] root: ============================================================
2026-03-18 20:10:54,193 [INFO] root: Ldpj_backend v2.5 starting (mode=mock)
2026-03-18 20:10:54,194 [INFO] root: ============================================================
2026-03-18 20:10:54,195 [INFO] core.polling_engine: MockPLC: 26 cabins, types={'LEAK': 10, 'NO_BOTTLE': 6, 'OK': 10}
2026-03-18 20:10:54,196 [INFO] core.polling_engine: MockPLC connected (cabin_count=26)
2026-03-18 20:10:54,199 [INFO] core.polling_engine: PollingEngine started (interval=10ms)
2026-03-18 20:10:54,199 [INFO] core.cycle_fsm: CycleFSMManager: 25 FSMs for Cabin[1]~[25] (trigger=100бу, points=36, interval=100ms)
2026-03-18 20:10:57,679 [INFO] models.supervised_xgb: Model loaded: version=none, path=D:\projects\ldporj_bsys_test\models\artifacts\current\xgb_model.json
2026-03-18 20:10:57,684 [INFO] storage.database_logger: Database initialised: ldpj_data.db
2026-03-18 20:10:57,687 [INFO] integration.api_server: API server started on 0.0.0.0:8000
2026-03-18 20:10:57,687 [INFO] pipeline.processing_loop: ProcessingLoop started
2026-03-18 20:10:57,689 [INFO] root: System ready. Entering main loop...
2026-03-18 20:10:57,690 [INFO] core.cycle_fsm: Cabin 6: IDLE -> COLLECTING (angle 100.1бу crossed 100.0бу)
2026-03-18 20:10:57,692 [INFO] core.cycle_fsm: Cabin 5: IDLE -> COLLECTING (angle 100.0бу crossed 100.0бу)
2026-03-18 20:10:57,694 [INFO] core.cycle_fsm: Cabin 4: IDLE -> COLLECTING (angle 100.3бу crossed 100.0бу)
2026-03-18 20:10:57,697 [INFO] core.cycle_fsm: Cabin 3: IDLE -> COLLECTING (angle 100.1бу crossed 100.0бу)
2026-03-18 20:10:57,698 [INFO] core.cycle_fsm: Cabin 2: IDLE -> COLLECTING (angle 100.1бу crossed 100.0бу)
2026-03-18 20:10:57,701 [INFO] core.cycle_fsm: Cabin 1: IDLE -> COLLECTING (angle 100.4бу crossed 100.0бу)
2026-03-18 20:10:57,703 [INFO] core.cycle_fsm: Cabin 25: IDLE -> COLLECTING (angle 100.1бу crossed 100.0бу)
2026-03-18 20:10:57,707 [INFO] core.cycle_fsm: Cabin 24: IDLE -> COLLECTING (angle 100.1бу crossed 100.0бу)
2026-03-18 20:10:57,709 [INFO] core.cycle_fsm: Cabin 23: IDLE -> COLLECTING (angle 100.0бу crossed 100.0бу)
2026-03-18 20:10:57,712 [INFO] core.cycle_fsm: Cabin 22: IDLE -> COLLECTING (angle 100.1бу crossed 100.0бу)
2026-03-18 20:10:58,034 [INFO] core.cycle_fsm: Cabin 21: IDLE -> COLLECTING (angle 100.3бу crossed 100.0бу)
2026-03-18 20:10:58,239 [INFO] core.cycle_fsm: Cabin 6: COLLECTING -> PROCESSING (collected 36 points, 3.736s)
2026-03-18 20:10:58,250 [INFO] pipeline.processing_loop: Cabin 6: LEAK (prob=0.0083, conf=0.9917, points=36, 4.7ms)
2026-03-18 20:10:58,303 [INFO] core.cycle_fsm: Cabin 20: IDLE -> COLLECTING (angle 100.2бу crossed 100.0бу)
2026-03-18 20:10:58,559 [INFO] core.cycle_fsm: Cabin 5: COLLECTING -> PROCESSING (collected 36 points, 3.748s)
2026-03-18 20:10:58,561 [INFO] pipeline.processing_loop: Cabin 5: NO_BOTTLE (max=4.0 < 50.0, points=36)
2026-03-18 20:10:58,619 [INFO] core.cycle_fsm: Cabin 19: IDLE -> COLLECTING (angle 100.1бу crossed 100.0бу)
2026-03-18 20:10:58,875 [INFO] core.cycle_fsm: Cabin 18: IDLE -> COLLECTING (angle 100.0бу crossed 100.0бу)
2026-03-18 20:10:58,978 [INFO] core.cycle_fsm: Cabin 4: COLLECTING -> PROCESSING (collected 36 points, 3.815s)
2026-03-18 20:10:58,982 [INFO] pipeline.processing_loop: Cabin 4: LEAK (prob=0.0251, conf=0.9749, points=36, 2.0ms)
2026-03-18 20:10:59,186 [INFO] core.cycle_fsm: Cabin 17: IDLE -> COLLECTING (angle 100.3бу crossed 100.0бу)
2026-03-18 20:10:59,288 [INFO] core.cycle_fsm: Cabin 3: COLLECTING -> PROCESSING (collected 36 points, 3.790s)
2026-03-18 20:10:59,292 [INFO] pipeline.processing_loop: Cabin 3: LEAK (prob=0.0001, conf=0.9999, points=36, 1.8ms)
2026-03-18 20:10:59,496 [INFO] core.cycle_fsm: Cabin 16: IDLE -> COLLECTING (angle 100.2бу crossed 100.0бу)
2026-03-18 20:10:59,599 [INFO] core.cycle_fsm: Cabin 2: COLLECTING -> PROCESSING (collected 36 points, 3.729s)
2026-03-18 20:10:59,603 [INFO] pipeline.processing_loop: Cabin 2: LEAK (prob=0.0083, conf=0.9917, points=36, 1.7ms)
2026-03-18 20:10:59,806 [INFO] core.cycle_fsm: Cabin 15: IDLE -> COLLECTING (angle 100.1бу crossed 100.0бу)
2026-03-18 20:11:00,111 [INFO] core.cycle_fsm: Cabin 14: IDLE -> COLLECTING (angle 100.1бу crossed 100.0бу)
2026-03-18 20:11:00,163 [INFO] core.cycle_fsm: Cabin 1: COLLECTING -> PROCESSING (collected 36 points, 3.759s)
2026-03-18 20:11:00,173 [INFO] pipeline.processing_loop: Cabin 1: LEAK (prob=0.0003, conf=0.9997, points=36, 7.5ms)
2026-03-18 20:11:00,378 [INFO] core.cycle_fsm: Cabin 13: IDLE -> COLLECTING (angle 100.2бу crossed 100.0бу)
2026-03-18 20:11:00,481 [INFO] core.cycle_fsm: Cabin 25: COLLECTING -> PROCESSING (collected 36 points, 3.790s)
2026-03-18 20:11:00,483 [INFO] pipeline.processing_loop: Cabin 25: NO_BOTTLE (max=4.3 < 50.0, points=36)
2026-03-18 20:11:00,698 [INFO] core.cycle_fsm: Cabin 12: IDLE -> COLLECTING (angle 100.5бу crossed 100.0бу)
2026-03-18 20:11:00,750 [INFO] core.cycle_fsm: Cabin 24: COLLECTING -> PROCESSING (angle 276.5бу reached end 276.0бу (35 points), 3.750s)
2026-03-18 20:11:00,754 [INFO] pipeline.processing_loop: Cabin 24: LEAK (prob=0.0057, conf=0.9943, points=35, 1.6ms)
2026-03-18 20:11:01,009 [INFO] core.cycle_fsm: Cabin 11: IDLE -> COLLECTING (angle 100.1бу crossed 100.0бу)
2026-03-18 20:11:01,061 [INFO] core.cycle_fsm: Cabin 23: COLLECTING -> PROCESSING (angle 276.3бу reached end 276.0бу (35 points), 3.754s)
2026-03-18 20:11:01,064 [INFO] pipeline.processing_loop: Cabin 23: LEAK (prob=0.0001, conf=1.0000, points=35, 1.7ms)
2026-03-18 20:11:01,319 [INFO] core.cycle_fsm: Cabin 10: IDLE -> COLLECTING (angle 100.4бу crossed 100.0бу)
2026-03-18 20:11:01,371 [INFO] core.cycle_fsm: Cabin 22: COLLECTING -> PROCESSING (angle 276.5бу reached end 276.0бу (35 points), 3.736s)
2026-03-18 20:11:01,374 [INFO] pipeline.processing_loop: Cabin 22: LEAK (prob=0.0054, conf=0.9946, points=35, 2.2ms)
2026-03-18 20:11:01,578 [INFO] core.cycle_fsm: Cabin 9: IDLE -> COLLECTING (angle 100.3бу crossed 100.0бу)
2026-03-18 20:11:01,631 [INFO] core.cycle_fsm: Cabin 21: COLLECTING -> PROCESSING (angle 276.1бу reached end 276.0бу (35 points), 3.643s)
2026-03-18 20:11:01,634 [INFO] pipeline.processing_loop: Cabin 21: LEAK (prob=0.0000, conf=1.0000, points=35, 1.6ms)
2026-03-18 20:11:01,889 [INFO] core.cycle_fsm: Cabin 8: IDLE -> COLLECTING (angle 100.1бу crossed 100.0бу)
2026-03-18 20:11:01,941 [INFO] core.cycle_fsm: Cabin 20: COLLECTING -> PROCESSING (angle 276.2бу reached end 276.0бу (35 points), 3.668s)
2026-03-18 20:11:01,943 [INFO] pipeline.processing_loop: Cabin 20: NO_BOTTLE (max=4.7 < 50.0, points=35)
2026-03-18 20:11:02,199 [INFO] core.cycle_fsm: Cabin 7: IDLE -> COLLECTING (angle 100.1бу crossed 100.0бу)
2026-03-18 20:11:02,250 [INFO] core.cycle_fsm: Cabin 19: COLLECTING -> PROCESSING (angle 276.0бу reached end 276.0бу (35 points), 3.689s)
2026-03-18 20:11:02,253 [INFO] pipeline.processing_loop: Cabin 19: LEAK (prob=0.0001, conf=0.9999, points=35, 1.3ms)
2026-03-18 20:11:02,511 [INFO] core.cycle_fsm: Cabin 6: IDLE -> COLLECTING (angle 100.4бу crossed 100.0бу)
2026-03-18 20:11:02,562 [INFO] core.cycle_fsm: Cabin 18: COLLECTING -> PROCESSING (angle 276.5бу reached end 276.0бу (35 points), 3.697s)
2026-03-18 20:11:02,567 [INFO] pipeline.processing_loop: Cabin 18: LEAK (prob=0.0054, conf=0.9946, points=35, 1.3ms)
2026-03-18 20:11:02,771 [INFO] core.cycle_fsm: Cabin 5: IDLE -> COLLECTING (angle 100.0бу crossed 100.0бу)
2026-03-18 20:11:02,823 [INFO] core.cycle_fsm: Cabin 17: COLLECTING -> PROCESSING (angle 276.0бу reached end 276.0бу (35 points), 3.661s)
2026-03-18 20:11:02,827 [INFO] pipeline.processing_loop: Cabin 17: LEAK (prob=0.0000, conf=1.0000, points=35, 1.5ms)
2026-03-18 20:11:03,083 [INFO] core.cycle_fsm: Cabin 4: IDLE -> COLLECTING (angle 100.3бу crossed 100.0бу)
2026-03-18 20:11:03,184 [INFO] core.cycle_fsm: Cabin 16: COLLECTING -> PROCESSING (angle 276.3бу reached end 276.0бу (35 points), 3.714s)
2026-03-18 20:11:03,188 [INFO] pipeline.processing_loop: Cabin 16: LEAK (prob=0.0225, conf=0.9775, points=35, 1.4ms)
2026-03-18 20:11:03,394 [INFO] core.cycle_fsm: Cabin 3: IDLE -> COLLECTING (angle 100.2бу crossed 100.0бу)
2026-03-18 20:11:03,446 [INFO] core.cycle_fsm: Cabin 15: COLLECTING -> PROCESSING (angle 276.0бу reached end 276.0бу (35 points), 3.680s)
2026-03-18 20:11:03,448 [INFO] pipeline.processing_loop: Cabin 15: NO_BOTTLE (max=4.4 < 50.0, points=35)
2026-03-18 20:11:03,673 [INFO] core.cycle_fsm: Cabin 2: IDLE -> COLLECTING (angle 100.1бу crossed 100.0бу)
2026-03-18 20:11:03,734 [INFO] core.cycle_fsm: Cabin 14: COLLECTING -> PROCESSING (angle 276.5бу reached end 276.0бу (35 points), 3.672s)
2026-03-18 20:11:03,737 [INFO] pipeline.processing_loop: Cabin 14: OK (prob=0.2617, conf=0.2617, points=35, 1.5ms)
2026-03-18 20:11:03,992 [INFO] core.cycle_fsm: Cabin 1: IDLE -> COLLECTING (angle 100.3бу crossed 100.0бу)
2026-03-18 20:11:04,044 [INFO] core.cycle_fsm: Cabin 13: COLLECTING -> PROCESSING (angle 276.5бу reached end 276.0бу (35 points), 3.683s)
2026-03-18 20:11:04,049 [INFO] pipeline.processing_loop: Cabin 13: LEAK (prob=0.0001, conf=0.9999, points=35, 3.1ms)
2026-03-18 20:11:04,305 [INFO] core.cycle_fsm: Cabin 25: IDLE -> COLLECTING (angle 100.5бу crossed 100.0бу)
2026-03-18 20:11:04,356 [INFO] core.cycle_fsm: Cabin 12: COLLECTING -> PROCESSING (angle 276.3бу reached end 276.0бу (35 points), 3.664s)
2026-03-18 20:11:04,361 [INFO] pipeline.processing_loop: Cabin 12: OK (prob=0.3192, conf=0.3192, points=35, 1.6ms)
2026-03-18 20:11:04,615 [INFO] core.cycle_fsm: Cabin 24: IDLE -> COLLECTING (angle 100.4бу crossed 100.0бу)
2026-03-18 20:11:04,667 [INFO] core.cycle_fsm: Cabin 11: COLLECTING -> PROCESSING (angle 276.1бу reached end 276.0бу (35 points), 3.701s)
2026-03-18 20:11:04,672 [INFO] pipeline.processing_loop: Cabin 11: LEAK (prob=0.0002, conf=0.9998, points=35, 2.3ms)
2026-03-18 20:11:04,877 [INFO] core.cycle_fsm: Cabin 23: IDLE -> COLLECTING (angle 100.4бу crossed 100.0бу)
2026-03-18 20:11:04,980 [INFO] core.cycle_fsm: Cabin 10: COLLECTING -> PROCESSING (angle 276.3бу reached end 276.0бу (35 points), 3.707s)
2026-03-18 20:11:04,982 [INFO] pipeline.processing_loop: Cabin 10: NO_BOTTLE (max=5.3 < 50.0, points=35)
2026-03-18 20:11:05,187 [INFO] core.cycle_fsm: Cabin 22: IDLE -> COLLECTING (angle 100.1бу crossed 100.0бу)
2026-03-18 20:11:05,238 [INFO] core.cycle_fsm: Cabin 9: COLLECTING -> PROCESSING (angle 276.2бу reached end 276.0бу (35 points), 3.667s)
2026-03-18 20:11:05,241 [INFO] pipeline.processing_loop: Cabin 9: LEAK (prob=0.0001, conf=0.9999, points=35, 1.8ms)
2026-03-18 20:11:05,498 [INFO] core.cycle_fsm: Cabin 21: IDLE -> COLLECTING (angle 100.1бу crossed 100.0бу)
2026-03-18 20:11:05,549 [INFO] core.cycle_fsm: Cabin 8: COLLECTING -> PROCESSING (angle 276.1бу reached end 276.0бу (35 points), 3.683s)
2026-03-18 20:11:05,552 [INFO] pipeline.processing_loop: Cabin 8: OK (prob=0.3474, conf=0.3474, points=35, 1.6ms)
2026-03-18 20:11:05,810 [INFO] core.cycle_fsm: Cabin 20: IDLE -> COLLECTING (angle 100.2бу crossed 100.0бу)
2026-03-18 20:11:05,862 [INFO] core.cycle_fsm: Cabin 7: COLLECTING -> PROCESSING (angle 276.1бу reached end 276.0бу (35 points), 3.689s)
2026-03-18 20:11:05,867 [INFO] pipeline.processing_loop: Cabin 7: LEAK (prob=0.0001, conf=0.9999, points=35, 3.2ms)
2026-03-18 20:11:06,074 [INFO] core.cycle_fsm: Cabin 19: IDLE -> COLLECTING (angle 100.3бу crossed 100.0бу)
2026-03-18 20:11:06,125 [INFO] core.cycle_fsm: Cabin 6: COLLECTING -> PROCESSING (angle 276.2бу reached end 276.0бу (35 points), 3.658s)
2026-03-18 20:11:06,130 [INFO] pipeline.processing_loop: Cabin 6: LEAK (prob=0.0088, conf=0.9912, points=35, 1.9ms)
2026-03-18 20:11:06,387 [INFO] core.cycle_fsm: Cabin 18: IDLE -> COLLECTING (angle 100.5бу crossed 100.0бу)
2026-03-18 20:11:06,439 [INFO] core.cycle_fsm: Cabin 5: COLLECTING -> PROCESSING (angle 276.5бу reached end 276.0бу (35 points), 3.685s)
2026-03-18 20:11:06,445 [INFO] pipeline.processing_loop: Cabin 5: NO_BOTTLE (max=4.8 < 50.0, points=35)
2026-03-18 20:11:06,650 [INFO] core.cycle_fsm: Cabin 17: IDLE -> COLLECTING (angle 100.2бу crossed 100.0бу)
2026-03-18 20:11:06,797 [INFO] core.cycle_fsm: Cabin 4: COLLECTING -> PROCESSING (collected 36 points, 3.725s)
2026-03-18 20:11:06,805 [INFO] pipeline.processing_loop: Cabin 4: LEAK (prob=0.0362, conf=0.9638, points=36, 6.3ms)
2026-03-18 20:11:07,011 [INFO] core.cycle_fsm: Cabin 16: IDLE -> COLLECTING (angle 100.3бу crossed 100.0бу)
2026-03-18 20:11:07,113 [INFO] core.cycle_fsm: Cabin 3: COLLECTING -> PROCESSING (angle 276.3бу reached end 276.0бу (35 points), 3.745s)
2026-03-18 20:11:07,118 [INFO] pipeline.processing_loop: Cabin 3: LEAK (prob=0.0002, conf=0.9998, points=35, 2.6ms)
2026-03-18 20:11:07,330 [INFO] core.cycle_fsm: Cabin 15: IDLE -> COLLECTING (angle 100.4бу crossed 100.0бу)
2026-03-18 20:11:07,383 [INFO] core.cycle_fsm: Cabin 2: COLLECTING -> PROCESSING (angle 276.3бу reached end 276.0бу (35 points), 3.726s)
2026-03-18 20:11:07,387 [INFO] pipeline.processing_loop: Cabin 2: LEAK (prob=0.0286, conf=0.9714, points=35, 2.6ms)
2026-03-18 20:11:07,642 [INFO] core.cycle_fsm: Cabin 14: IDLE -> COLLECTING (angle 100.0бу crossed 100.0бу)
2026-03-18 20:11:07,694 [INFO] core.cycle_fsm: Cabin 1: COLLECTING -> PROCESSING (angle 276.5бу reached end 276.0бу (35 points), 3.706s)
2026-03-18 20:11:07,697 [INFO] pipeline.processing_loop: Cabin 1: LEAK (prob=0.0000, conf=1.0000, points=35, 1.4ms)
2026-03-18 20:11:07,902 [INFO] core.cycle_fsm: Cabin 13: IDLE -> COLLECTING (angle 100.4бу crossed 100.0бу)
2026-03-18 20:11:07,954 [INFO] core.cycle_fsm: Cabin 25: COLLECTING -> PROCESSING (angle 276.2бу reached end 276.0бу (35 points), 3.692s)
2026-03-18 20:11:07,956 [INFO] pipeline.processing_loop: Cabin 25: NO_BOTTLE (max=5.3 < 50.0, points=35)
2026-03-18 20:11:08,211 [INFO] core.cycle_fsm: Cabin 12: IDLE -> COLLECTING (angle 100.4бу crossed 100.0бу)
2026-03-18 20:11:08,250 [INFO] pipeline.processing_loop: ProcessingLoop paused
2026-03-18 20:11:09,772 [INFO] pipeline.processing_loop: ProcessingLoop paused
2026-03-18 20:11:12,079 [INFO] storage.data_exporter: Exported 833 records to D:\projects\ldporj_bsys_test\export_2026-03-18_201112.csv
2026-03-18 20:11:12,081 [INFO] pipeline.processing_loop: ProcessingLoop resumed
2026-03-18 20:11:12,101 [INFO] core.cycle_fsm: Cabin 24: COLLECTING -> PROCESSING (angle 276.2бу reached end 276.0бу (35 points), 7.520s)
2026-03-18 20:11:12,104 [INFO] core.cycle_fsm: Cabin 11: IDLE -> COLLECTING (angle 100.2бу crossed 100.0бу)
2026-03-18 20:11:12,104 [INFO] core.cycle_fsm: Cabin 23: COLLECTING -> PROCESSING (angle 276.4бу reached end 276.0бу (35 points), 7.259s)
2026-03-18 20:11:12,105 [INFO] core.cycle_fsm: Cabin 10: IDLE -> COLLECTING (angle 100.5бу crossed 100.0бу)
2026-03-18 20:11:12,107 [INFO] core.cycle_fsm: Cabin 22: COLLECTING -> PROCESSING (angle 276.2бу reached end 276.0бу (35 points), 6.955s)
2026-03-18 20:11:12,107 [INFO] core.cycle_fsm: Cabin 9: IDLE -> COLLECTING (angle 100.3бу crossed 100.0бу)
2026-03-18 20:11:12,108 [INFO] core.cycle_fsm: Cabin 21: COLLECTING -> PROCESSING (angle 276.4бу reached end 276.0бу (35 points), 6.660s)
2026-03-18 20:11:12,110 [INFO] core.cycle_fsm: Cabin 8: IDLE -> COLLECTING (angle 100.3бу crossed 100.0бу)
2026-03-18 20:11:12,111 [INFO] core.cycle_fsm: Cabin 20: COLLECTING -> PROCESSING (angle 276.2бу reached end 276.0бу (35 points), 6.346s)
2026-03-18 20:11:12,113 [INFO] core.cycle_fsm: Cabin 7: IDLE -> COLLECTING (angle 100.4бу crossed 100.0бу)
2026-03-18 20:11:12,113 [INFO] core.cycle_fsm: Cabin 19: COLLECTING -> PROCESSING (collected 36 points, 6.050s)
2026-03-18 20:11:12,114 [INFO] core.cycle_fsm: Cabin 6: IDLE -> COLLECTING (angle 100.5бу crossed 100.0бу)
2026-03-18 20:11:12,116 [INFO] core.cycle_fsm: Cabin 18: COLLECTING -> PROCESSING (collected 36 points, 5.765s)
2026-03-18 20:11:12,118 [INFO] core.cycle_fsm: Cabin 5: IDLE -> COLLECTING (angle 100.1бу crossed 100.0бу)
2026-03-18 20:11:12,118 [INFO] core.cycle_fsm: Cabin 17: COLLECTING -> PROCESSING (angle 276.0бу reached end 276.0бу (35 points), 5.482s)
2026-03-18 20:11:12,119 [INFO] core.cycle_fsm: Cabin 4: IDLE -> COLLECTING (angle 100.2бу crossed 100.0бу)
2026-03-18 20:11:12,122 [INFO] core.cycle_fsm: Cabin 16: COLLECTING -> PROCESSING (angle 276.3бу reached end 276.0бу (35 points), 5.131s)
2026-03-18 20:11:12,123 [INFO] core.cycle_fsm: Cabin 3: IDLE -> COLLECTING (angle 100.2бу crossed 100.0бу)
2026-03-18 20:11:12,123 [INFO] core.cycle_fsm: Cabin 15: COLLECTING -> PROCESSING (angle 276.3бу reached end 276.0бу (35 points), 4.835s)
2026-03-18 20:11:12,125 [INFO] core.cycle_fsm: Cabin 2: IDLE -> COLLECTING (angle 100.1бу crossed 100.0бу)
2026-03-18 20:11:12,127 [INFO] core.cycle_fsm: Cabin 14: COLLECTING -> PROCESSING (angle 276.1бу reached end 276.0бу (35 points), 4.531s)
2026-03-18 20:11:12,127 [INFO] core.cycle_fsm: Cabin 1: IDLE -> COLLECTING (angle 100.0бу crossed 100.0бу)
2026-03-18 20:11:12,128 [INFO] core.cycle_fsm: Cabin 13: COLLECTING -> PROCESSING (angle 276.5бу reached end 276.0бу (35 points), 4.245s)
2026-03-18 20:11:12,132 [INFO] core.cycle_fsm: Cabin 25: IDLE -> COLLECTING (angle 100.2бу crossed 100.0бу)
2026-03-18 20:11:12,133 [INFO] core.cycle_fsm: Cabin 12: COLLECTING -> PROCESSING (angle 276.2бу reached end 276.0бу (35 points), 3.930s)
2026-03-18 20:11:12,137 [INFO] pipeline.processing_loop: Cabin 12: OK (prob=0.5891, conf=0.5891, points=35, 2.6ms)
2026-03-18 20:11:12,142 [INFO] pipeline.processing_loop: Cabin 13: LEAK (prob=0.0001, conf=0.9999, points=35, 1.6ms)
2026-03-18 20:11:12,148 [INFO] pipeline.processing_loop: Cabin 14: OK (prob=0.2768, conf=0.2768, points=35, 2.2ms)
2026-03-18 20:11:12,152 [INFO] pipeline.processing_loop: Cabin 15: NO_BOTTLE (max=4.6 < 50.0, points=35)
2026-03-18 20:11:12,157 [INFO] pipeline.processing_loop: Cabin 16: LEAK (prob=0.0225, conf=0.9775, points=35, 1.7ms)
2026-03-18 20:11:12,163 [INFO] pipeline.processing_loop: Cabin 17: LEAK (prob=0.0000, conf=1.0000, points=35, 2.5ms)
2026-03-18 20:11:12,169 [INFO] pipeline.processing_loop: Cabin 18: LEAK (prob=0.0331, conf=0.9669, points=36, 2.7ms)
2026-03-18 20:11:12,173 [INFO] pipeline.processing_loop: Cabin 19: LEAK (prob=0.0000, conf=1.0000, points=36, 1.7ms)
2026-03-18 20:11:12,175 [INFO] pipeline.processing_loop: Cabin 20: NO_BOTTLE (max=6.0 < 50.0, points=35)
2026-03-18 20:11:12,182 [INFO] pipeline.processing_loop: Cabin 21: LEAK (prob=0.0000, conf=1.0000, points=35, 2.0ms)
2026-03-18 20:11:12,186 [INFO] pipeline.processing_loop: Cabin 22: LEAK (prob=0.0656, conf=0.9344, points=35, 3.1ms)
2026-03-18 20:11:12,189 [INFO] pipeline.processing_loop: Cabin 23: LEAK (prob=0.0001, conf=0.9999, points=35, 1.4ms)
2026-03-18 20:11:12,194 [INFO] pipeline.processing_loop: Cabin 24: LEAK (prob=0.0287, conf=0.9713, points=35, 2.5ms)
2026-03-18 20:11:12,246 [INFO] core.cycle_fsm: Cabin 24: IDLE -> COLLECTING (angle 100.5бу crossed 100.0бу)
2026-03-18 20:11:12,248 [INFO] core.cycle_fsm: Cabin 11: COLLECTING -> PROCESSING (angle 276.5бу reached end 276.0бу (35 points), 3.760s)
2026-03-18 20:11:12,251 [INFO] pipeline.processing_loop: Cabin 11: LEAK (prob=0.0001, conf=0.9999, points=35, 1.4ms)
2026-03-18 20:11:12,405 [INFO] core.cycle_fsm: Cabin 23: IDLE -> COLLECTING (angle 100.2бу crossed 100.0бу)
2026-03-18 20:11:12,507 [INFO] core.cycle_fsm: Cabin 10: COLLECTING -> PROCESSING (angle 276.2бу reached end 276.0бу (35 points), 3.713s)
2026-03-18 20:11:12,509 [INFO] pipeline.processing_loop: Cabin 10: NO_BOTTLE (max=6.2 < 50.0, points=35)
2026-03-18 20:11:12,783 [INFO] core.cycle_fsm: Cabin 22: IDLE -> COLLECTING (angle 100.4бу crossed 100.0бу)
2026-03-18 20:11:12,784 [INFO] core.cycle_fsm: Cabin 9: COLLECTING -> PROCESSING (angle 276.4бу reached end 276.0бу (35 points), 3.712s)
2026-03-18 20:11:12,787 [INFO] pipeline.processing_loop: Cabin 9: LEAK (prob=0.0001, conf=0.9999, points=35, 1.3ms)
2026-03-18 20:11:13,015 [INFO] core.cycle_fsm: Cabin 21: IDLE -> COLLECTING (angle 100.1бу crossed 100.0бу)
2026-03-18 20:11:13,122 [INFO] core.cycle_fsm: Cabin 8: COLLECTING -> PROCESSING (angle 276.3бу reached end 276.0бу (35 points), 3.743s)
2026-03-18 20:11:13,126 [INFO] pipeline.processing_loop: Cabin 8: LEAK (prob=0.1674, conf=0.8326, points=35, 1.3ms)
2026-03-18 20:11:13,332 [INFO] core.cycle_fsm: Cabin 20: IDLE -> COLLECTING (angle 100.5бу crossed 100.0бу)
2026-03-18 20:11:13,434 [INFO] core.cycle_fsm: Cabin 7: COLLECTING -> PROCESSING (angle 276.3бу reached end 276.0бу (35 points), 3.725s)
2026-03-18 20:11:13,437 [INFO] pipeline.processing_loop: Cabin 7: LEAK (prob=0.0001, conf=0.9999, points=35, 1.5ms)
2026-03-18 20:11:13,642 [INFO] core.cycle_fsm: Cabin 19: IDLE -> COLLECTING (angle 100.0бу crossed 100.0бу)
2026-03-18 20:11:13,694 [INFO] core.cycle_fsm: Cabin 6: COLLECTING -> PROCESSING (angle 276.4бу reached end 276.0бу (35 points), 3.681s)
2026-03-18 20:11:13,698 [INFO] pipeline.processing_loop: Cabin 6: LEAK (prob=0.0767, conf=0.9233, points=35, 1.6ms)
2026-03-18 20:11:13,955 [INFO] core.cycle_fsm: Cabin 18: IDLE -> COLLECTING (angle 100.1бу crossed 100.0бу)
2026-03-18 20:11:14,007 [INFO] core.cycle_fsm: Cabin 5: COLLECTING -> PROCESSING (angle 276.2бу reached end 276.0бу (35 points), 3.698s)
2026-03-18 20:11:14,008 [INFO] pipeline.processing_loop: Cabin 5: NO_BOTTLE (max=6.8 < 50.0, points=35)
2026-03-18 20:11:14,213 [INFO] core.cycle_fsm: Cabin 17: IDLE -> COLLECTING (angle 100.4бу crossed 100.0бу)
2026-03-18 20:11:14,268 [INFO] root: Shutting down...
2026-03-18 20:11:14,269 [INFO] pipeline.processing_loop: ProcessingLoop stopped
2026-03-18 20:11:24,286 [INFO] root: Shutting down...
2026-03-18 20:11:24,289 [INFO] pipeline.processing_loop: ProcessingLoop stopped
2026-03-18 20:11:34,298 [INFO] core.polling_engine: PollingEngine stopped
2026-03-18 20:11:34,308 [INFO] root: Shutdown complete.
2026-03-18 20:11:34,310 [INFO] root: Shutting down...
2026-03-18 20:11:34,312 [INFO] pipeline.processing_loop: ProcessingLoop stopped
2026-03-18 20:11:34,312 [INFO] core.polling_engine: PollingEngine stopped
2026-03-18 20:11:34,313 [INFO] root: Shutdown complete.
